Workbook

Sheet Sheet1
A1: Occupation | B1: HWF Need Availability Ratio | C1: Needed Density 2022
A2: Algeria | B2: 0.58633885 | C2: =_xlfn.XLOOKUP(A2,Sheet2!A:A,Sheet2!E:E,,0) -> 95.827232
A3: Angola | B3: 0.39091503 | C3: =_xlfn.XLOOKUP(A3,Sheet2!A:A,Sheet2!E:E,,0) -> 71.788443
A4: Benin | B4: 0.1469021 | C4: =_xlfn.XLOOKUP(A4,Sheet2!A:A,Sheet2!E:E,,0) -> 72.368597
A5: Botswana | B5: 0.54110148 | C5: =_xlfn.XLOOKUP(A5,Sheet2!A:A,Sheet2!E:E,,0) -> 85.101744
A6: Burkina Faso | B6: 0.20368267 | C6: =_xlfn.XLOOKUP(A6,Sheet2!A:A,Sheet2!E:E,,0) -> 77.584826
A7: Burundi | B7: 0.15090365 | C7: =_xlfn.XLOOKUP(A7,Sheet2!A:A,Sheet2!E:E,,0) -> 69.181855
A8: Cabo Verde | B8: 0.88833911 | C8: =_xlfn.XLOOKUP(A8,Sheet2!A:A,Sheet2!E:E,,0) -> 84.408197
A9: Cameroon | B9: 0.1424473 | C9: =_xlfn.XLOOKUP(A9,Sheet2!A:A,Sheet2!E:E,,0) -> 72.855746
A10: Central African Republic | B10: 0.040143644 | C10: =_xlfn.XLOOKUP(A10,Sheet2!A:A,Sheet2!E:E,,0) -> 84.635606
A11: Chad | B11: 0.052353043 | C11: =_xlfn.XLOOKUP(A11,Sheet2!A:A,Sheet2!E:E,,0) -> 80.318734
A12: Comoros | B12: 0.30983563 | C12: =_xlfn.XLOOKUP(A12,Sheet2!A:A,Sheet2!E:E,,0) -> 77.236458
A13: Congo | B13: 0.22042142 | C13: =_xlfn.XLOOKUP(A13,Sheet2!A:A,Sheet2!E:E,,0) -> 75.052076
... A48: Zimbabwe | B48: 0.68219587 | C48: =_xlfn.XLOOKUP(A48,Sheet2!A:A,Sheet2!E:E,,0) -> 72.825513

Sheet Needs
A1: Occupation | B1: HWF Need Availability Ratio initial | C1: Needed Density 2022 | D1: HWF Need Availability Ratio | E1: iso_a3
A2: Algeria | B2: 0.58633885 | C2: 95.827232 | D2: =B2*100 -> 58.633885 | E2: =VLOOKUP(A2,Sheet4!A$2:B$48,2,FALSE) -> DZA
A3: Angola | B3: 0.39091503 | C3: 71.788443 | D3: =B3*100 -> 39.091503 | E3: =VLOOKUP(A3,Sheet4!A$2:B$48,2,FALSE) -> AGO
A4: Benin | B4: 0.1469021 | C4: 72.368597 | D4: =B4*100 -> 14.69021 | E4: =VLOOKUP(A4,Sheet4!A$2:B$48,2,FALSE) -> BEN
A5: Botswana | B5: 0.54110148 | C5: 85.101744 | D5: =B5*100 -> 54.110148 | E5: =VLOOKUP(A5,Sheet4!A$2:B$48,2,FALSE) -> BWA
A6: Burkina Faso | B6: 0.20368267 | C6: 77.584826 | D6: =B6*100 -> 20.368267 | E6: =VLOOKUP(A6,Sheet4!A$2:B$48,2,FALSE) -> BFA
A7: Burundi | B7: 0.15090365 | C7: 69.181855 | D7: =B7*100 -> 15.090365 | E7: =VLOOKUP(A7,Sheet4!A$2:B$48,2,FALSE) -> BDI
A8: Cabo Verde | B8: 0.88833911 | C8: 84.408197 | D8: =B8*100 -> 88.833911 | E8: =VLOOKUP(A8,Sheet4!A$2:B$48,2,FALSE) -> CPV
A9: Cameroon | B9: 0.1424473 | C9: 72.855746 | D9: =B9*100 -> 14.24473 | E9: =VLOOKUP(A9,Sheet4!A$2:B$48,2,FALSE) -> CMR
A10: Central African Republic | B10: 0.040143644 | C10: 84.635606 | D10: =B10*100 -> 4.0143644 | E10: =VLOOKUP(A10,Sheet4!A$2:B$48,2,FALSE) -> CAF
A11: Chad | B11: 0.052353043 | C11: 80.318734 | D11: =B11*100 -> 5.2353043 | E11: =VLOOKUP(A11,Sheet4!A$2:B$48,2,FALSE) -> TCD
A12: Comoros | B12: 0.30983563 | C12: 77.236458 | D12: =B12*100 -> 30.983563 | E12: =VLOOKUP(A12,Sheet4!A$2:B$48,2,FALSE) -> COM
A13: Congo | B13: 0.22042142 | C13: 75.052076 | D13: =B13*100 -> 22.042142 | E13: =VLOOKUP(A13,Sheet4!A$2:B$48,2,FALSE) -> COG
... A48: Zimbabwe | B48: 0.68219587 | C48: 72.825513 | D48: =B48*100 -> 68.219587 | E48: =VLOOKUP(A48,Sheet4!A$2:B$48,2,FALSE) -> ZWE

Sheet Sheet4
A1: Country | B1: Country code
A2: Algeria | B2: DZA
A3: Angola | B3: AGO
A4: Benin | B4: BEN
A5: Botswana | B5: BWA
A6: Burkina Faso | B6: BFA
A7: Burundi | B7: BDI
A8: Cameroon | B8: CMR
A9: Cabo Verde | B9: CPV
A10: Central African Republic | B10: CAF
A11: Chad | B11: TCD
A12: Comoros | B12: COM
... A48: Zimbabwe | B48: ZWE

Sheet Sheet2
A1: Country | B1: Density 2013 | C1: Density 2018 | D1: Density 2022 | E1: Needed Density 2022
A2: Niger | B2: 2.8928014 | C2: 2.6921134 | D2: 2.3259582 | E2: =_xlfn.XLOOKUP(A2,'[1]Pivot_Needed Density'!$A:$A,'[1]Pivot_Needed Density'!$L:$L,,0) -> 72.8467
A3: Central African Republic | B3: 2.4154446 | C3: 3.874554 | D3: 2.3872297 | E3: =_xlfn.XLOOKUP(A3,'[1]Pivot_Needed Density'!$A:$A,'[1]Pivot_Needed Density'!$L:$L,,0) -> 84.635606
A4: Chad | B4: 3.5031261 | C4: 4.1898949 | D4: 3.2716189 | E4: =_xlfn.XLOOKUP(A4,'[1]Pivot_Needed Density'!$A:$A,'[1]Pivot_Needed Density'!$L:$L,,0) -> 80.318734
A5: Guinea | B5: 7.356566 | C5: 8.6404756 | D5: 4.5119996 | E5: =_xlfn.XLOOKUP(A5,'[1]Pivot_Needed Density'!$A:$A,'[1]Pivot_Needed Density'!$L:$L,,0) -> 67.010251
A6: Madagascar | B6: 4.392474 | C6: 5.1343672 | D6: 4.6549146 | E6: =_xlfn.XLOOKUP(A6,'[1]Pivot_Needed Density'!$A:$A,'[1]Pivot_Needed Density'!$L:$L,,0) -> 64.077017
A7: Malawi | B7: 2.3669598 | C7: 5.8346408 | D7: 5.5434395 | E7: =_xlfn.XLOOKUP(A7,'[1]Pivot_Needed Density'!$A:$A,'[1]Pivot_Needed Density'!$L:$L,,0) -> 69.889705
A8: Mali | B8: 4.8159165 | C8: 5.6816648 | D8: 5.5984926 | E8: =_xlfn.XLOOKUP(A8,'[1]Pivot_Needed Density'!$A:$A,'[1]Pivot_Needed Density'!$L:$L,,0) -> 76.971104
A9: Togo | B9: 3.5138187 | C9: 4.7994955 | D9: 5.9036931 | E9: =_xlfn.XLOOKUP(A9,'[1]Pivot_Needed Density'!$A:$A,'[1]Pivot_Needed Density'!$L:$L,,0) -> 79.452156
A10: Senegal | B10: 4.1395851 | C10: 6.725561 | D10: 6.1089478 | E10: =_xlfn.XLOOKUP(A10,'[1]Pivot_Needed Density'!$A:$A,'[1]Pivot_Needed Density'!$L:$L,,0) -> 86.042703
A11: United Republic of Tanzania | B11: 4.5237262 | C11: 5.994962 | D11: 6.2037247 | E11: =_xlfn.XLOOKUP(A11,'[1]Pivot_Needed Density'!$A:$A,'[1]Pivot_Needed Density'!$L:$L,,0) -> 71.415844
A12: South Sudan | B12: 5.6265653 | C12: 5.6265653 | D12: 7.3360946 | E12: =_xlfn.XLOOKUP(A12,'[1]Pivot_Needed Density'!$A:$A,'[1]Pivot_Needed Density'!$L:$L,,0) -> 73.180316
A13: Gambia | B13: 13.450238 | C13: 8.6546958 | D13: 7.6950372 | E13: =_xlfn.XLOOKUP(A13,'[1]Pivot_Needed Density'!$A:$A,'[1]Pivot_Needed Density'!$L:$L,,0) -> 67.342357
... A48: Seychelles | B48: 52.939595 | C48: 161.97709 | D48: 213.24893 | E48: =_xlfn.XLOOKUP(A48,'[1]Pivot_Needed Density'!$A:$A,'[1]Pivot_Needed Density'!$L:$L,,0) -> 109.25385
