Workbook

Sheet Data
A1: country_short_name | B1: code | C1: year | D1: income | E1: hr_che | F1: sr_hr_gghed_gghed | G1: sr_hr_gghed_hr | H1: xrt | I1: pop | J1: xrt_2019 | K1: che_usd2019_pc | L1: m_doctors_density | M1: year_doctors_density | N1: hr_usd2019_pc | O1: sub_group_name_3 | P1: sub_income | Q1: gghed_gge | R1: sr_hr_pvtd_hr | S1: sr_hr_ext_hr | T1: HALE | U1: RMNCAH | V1: Infectious dieases | W1: NCD | X1: Service capacity and access
A2: Burundi | B2: BDI | C2: 2018 | D2: Low | E2: 15.763333 | F2: 39.396931 | G2: 69.388785 | H2: 1782.8768 | I2: 11175.374 | J2: 1845.6229 | K2: 21.505672 | L2: 1.0011998 | M2: 2019 | N2: 3.3900108 | O2: ECCAS | P2: Low-income | Q2: 8.4705248 | R2: 17.613289 | S2: 12.997926 | T2: =VLOOKUP(B2,HALE!A$2:J$48,10,FALSE) -> 55.6 | U2: =VLOOKUP(B2,RMNCAH!D$2:J$195,7,FALSE) -> 59 | V2: =VLOOKUP(B2, 'Infectious D'!A$2:G$195,7,FALSE) -> 60 | W2: =VLOOKUP(B2,NCDs!A$1:G$47,7,FALSE) -> 59 | X2: =VLOOKUP(B2,'Service capacity and access'!A$2:G$48,7,FALSE) -> 14
A3: Burkina Faso | B3: BFA | C3: 2019 | D3: Low | E3: 32.880543 | F3: 65.129503 | G3: 82.824007 | H3: 585.91101 | I3: 20321.378 | J3: 585.91101 | K3: 42.344528 | L3: 0.93989666 | M3: 2019 | N3: 13.923111 | O3: WAEMU | P3: Low-income | Q3: 9.5769281 | R3: 5.8908882 | S3: 11.285105 | T3: =VLOOKUP(B3,HALE!A$2:J$48,10,FALSE) -> 54.9 | U3: =VLOOKUP(B3,RMNCAH!D$2:J$195,7,FALSE) -> 60 | V3: =VLOOKUP(B3, 'Infectious D'!A$2:G$195,7,FALSE) -> 50 | W3: =VLOOKUP(B3,NCDs!A$1:G$47,7,FALSE) -> 55 | X3: =VLOOKUP(B3,'Service capacity and access'!A$2:G$48,7,FALSE) -> 15
A4: Botswana | B4: BWA | C4: 2017 | D4: Upper middle | E4: 36.852196 | F4: 44.39461 | G4: 91.1446 | H4: 10.347417 | I4: 2205.08 | J4: 10.755867 | K4: 474.01831 | L4: 2.8925493 | M4: 2018 | N4: 174.68613 | O4: SADC | P4: Middle-income | Q4: 14.315475 | R4: 3.1786098 | S4: 5.6767898 | T4: =VLOOKUP(B4,HALE!A$2:J$48,10,FALSE) -> 53.9 | U4: =VLOOKUP(B4,RMNCAH!D$2:J$195,7,FALSE) -> 54 | V4: =VLOOKUP(B4, 'Infectious D'!A$2:G$195,7,FALSE) -> 66 | W4: =VLOOKUP(B4,NCDs!A$1:G$47,7,FALSE) -> 60 | X4: =VLOOKUP(B4,'Service capacity and access'!A$2:G$48,7,FALSE) -> 43
A5: Central African Rep. | B5: CAF | C5: 2018 | D5: Low | E5: 19.953117 | F5: 33.738449 | G5: 10.588879 | H5: 555.44647 | I5: 4666.368 | J5: 585.91101 | K5: 52.09977 | L5: 0.7210943 | M5: 2015 | N5: 10.395529 | O5: ECCAS | P5: Low-income | Q5: 3.9108746 | R5: 25.707739 | S5: 63.703381 | T5: =VLOOKUP(B5,HALE!A$2:J$48,10,FALSE) -> 46.4 | U5: =VLOOKUP(B5,RMNCAH!D$2:J$195,7,FALSE) -> 38 | V5: =VLOOKUP(B5, 'Infectious D'!A$2:G$195,7,FALSE) -> 39 | W5: =VLOOKUP(B5,NCDs!A$1:G$47,7,FALSE) -> 44 | X5: =VLOOKUP(B5,'Service capacity and access'!A$2:G$48,7,FALSE) -> 17
A6: Côte d'Ivoire | B6: CIV | C6: 2018 | D6: Lower middle | E6: 19.252622 | F6: 59.380839 | G6: 89.648114 | H6: 555.44647 | I6: 25069.23 | J6: 585.91101 | K6: 68.557785 | L6: 1.6226902 | M6: 2019 | N6: 13.19917 | O6: WAEMU | P6: Middle-income | Q6: 5.1173263 | R6: 5.0805235 | S6: 5.2713628 | T6: =VLOOKUP(B6,HALE!A$2:J$48,10,FALSE) -> 54.8 | U6: =VLOOKUP(B6,RMNCAH!D$2:J$195,7,FALSE) -> 51 | V6: =VLOOKUP(B6, 'Infectious D'!A$2:G$195,7,FALSE) -> 58 | W6: =VLOOKUP(B6,NCDs!A$1:G$47,7,FALSE) -> 59 | X6: =VLOOKUP(B6,'Service capacity and access'!A$2:G$48,7,FALSE) -> 19
A7: DR Congo | B7: COD | C7: 2019 | D7: Low | E7: 31.463267 | F7: 85.237445 | G7: 42.852808 | H7: 1647.7601 | I7: 86790.567 | J7: 1647.7601 | K7: 20.570732 | L7: 0.89939848 | M7: 2016 | N7: 6.4722247 | O7: ECCAS | P7: Low-income | Q7: 4.4249554 | R7: 7.9805975 | S7: 49.166595 | T7: =VLOOKUP(B7,HALE!A$2:J$48,10,FALSE) -> 54.1 | U7: =VLOOKUP(B7,RMNCAH!D$2:J$195,7,FALSE) -> 43 | V7: =VLOOKUP(B7, 'Infectious D'!A$2:G$195,7,FALSE) -> 48 | W7: =VLOOKUP(B7,NCDs!A$1:G$47,7,FALSE) -> 60 | X7: =VLOOKUP(B7,'Service capacity and access'!A$2:G$48,7,FALSE) -> 24
A8: Congo | B8: COG | C8: 2019 | D8: Lower middle | E8: 43.066372 | F8: 58.222172 | G8: 50.823961 | H8: 585.91101 | I8: 5380.508 | J8: 585.91101 | K8: 48.558773 | L8: 1.0640442 | M8: 2016 | N8: 20.912502 | O8: ECCAS | P8: Middle-income | Q8: 3.4871681 | R8: 43.398785 | S8: 5.7772541 | T8: =VLOOKUP(B8,HALE!A$2:J$48,10,FALSE) -> 56.2 | U8: =VLOOKUP(B8,RMNCAH!D$2:J$195,7,FALSE) -> 52 | V8: =VLOOKUP(B8, 'Infectious D'!A$2:G$195,7,FALSE) -> 36 | W8: =VLOOKUP(B8,NCDs!A$1:G$47,7,FALSE) -> 52 | X8: =VLOOKUP(B8,'Service capacity and access'!A$2:G$48,7,FALSE) -> 29
A9: Comoros | B9: COM | C9: 2019 | D9: Lower middle | E9: 27.033524 | F9: 45.446592 | G9: 27.013975 | H9: 439.4631 | I9: 850.886 | J9: 439.4631 | K9: 72.323799 | L9: 1.6992119 | M9: 2016 | N9: 19.55167 | O9: SADC | P9: Middle-income | Q9: 4.1375494 | R9: 52.743824 | S9: 20.242197 | T9: =VLOOKUP(B9,HALE!A$2:J$48,10,FALSE) -> 58.9 | U9: =VLOOKUP(B9,RMNCAH!D$2:J$195,7,FALSE) -> 50 | V9: =VLOOKUP(B9, 'Infectious D'!A$2:G$195,7,FALSE) -> 51 | W9: =VLOOKUP(B9,NCDs!A$1:G$47,7,FALSE) -> 56 | X9: =VLOOKUP(B9,'Service capacity and access'!A$2:G$48,7,FALSE) -> 37
A10: Cabo Verde | B10: CPV | C10: 2016 | D10: Lower middle | E10: 32.863413 | F10: 35.787606 | G10: 71.087569 | H10: 99.68811 | I10: 531.146 | J10: 98.495178 | K10: 157.87758 | L10: 7.8133933 | M10: 2015 | N10: 50.515446 | O10: ECOWAS | P10: Middle-income | Q10: 10.392425 | R10: 20.909378 | S10: 8.0030527 | T10: =VLOOKUP(B10,HALE!A$2:J$48,10,FALSE) -> 64.8 | U10: =VLOOKUP(B10,RMNCAH!D$2:J$195,7,FALSE) -> 76 | V10: =VLOOKUP(B10, 'Infectious D'!A$2:G$195,7,FALSE) -> 90 | W10: =VLOOKUP(B10,NCDs!A$1:G$47,7,FALSE) -> 57 | X10: =VLOOKUP(B10,'Service capacity and access'!A$2:G$48,7,FALSE) -> 66
A11: Ethiopia | B11: ETH | C11: 2017 | D11: Low | E11: 18.662367 | F11: 67.27584 | G11: 89.90588 | H11: 23.866104 | I11: 106399.92 | J11: 29.06975 | K11: 25.581903 | L11: 0.76860108 | M11: 2018 | N11: 4.774189 | O11: Other | P11: Low-income | Q11: 4.7883601 | R11: 2.6990519 | S11: 7.3950682 | T11: =VLOOKUP(B11,HALE!A$2:J$48,10,FALSE) -> 59.9 | U11: =VLOOKUP(B11,RMNCAH!D$2:J$195,7,FALSE) -> 48 | V11: =VLOOKUP(B11, 'Infectious D'!A$2:G$195,7,FALSE) -> 29 | W11: =VLOOKUP(B11,NCDs!A$1:G$47,7,FALSE) -> 52 | X11: =VLOOKUP(B11,'Service capacity and access'!A$2:G$48,7,FALSE) -> 21
A12: Gabon | B12: GAB | C12: 2019 | D12: Upper middle | E12: 48.757774 | F12: 61.652774 | G12: 76.261402 | H12: 585.91101 | I12: 2172.579 | J12: 585.91101 | K12: 215.01915 | L12: 6.8190227 | M12: 2017 | N12: 104.83855 | O12: ECCAS | P12: Middle-income | Q12: 9.5915642 | R12: 23.562569 | S12: 0.17602925 | T12: =VLOOKUP(B12,HALE!A$2:J$48,10,FALSE) -> 57.6 | U12: =VLOOKUP(B12,RMNCAH!D$2:J$195,7,FALSE) -> 64 | V12: =VLOOKUP(B12, 'Infectious D'!A$2:G$195,7,FALSE) -> 34 | W12: =VLOOKUP(B12,NCDs!A$1:G$47,7,FALSE) -> 54 | X12: =VLOOKUP(B12,'Service capacity and access'!A$2:G$48,7,FALSE) -> 48
A13: Ghana | B13: GHA | C13: 2015 | D13: Lower middle | E13: 25.763836 | F13: 69.288706 | G13: 98.468279 | H13: 3.7146416 | I13: 27849.205 | J13: 5.2173667 | K13: 87.82003 | L13: 1.0638487 | M13: 2019 | N13: 21.679375 | O13: ECOWAS | P13: Middle-income | Q13: 8.5578575 | R13: 0.048568171 | S13: 1.4831527 | T13: =VLOOKUP(B13,HALE!A$2:J$48,10,FALSE) -> 58 | U13: =VLOOKUP(B13,RMNCAH!D$2:J$195,7,FALSE) -> 69 | V13: =VLOOKUP(B13, 'Infectious D'!A$2:G$195,7,FALSE) -> 41 | W13: =VLOOKUP(B13,NCDs!A$1:G$47,7,FALSE) -> 71 | X13: =VLOOKUP(B13,'Service capacity and access'!A$2:G$48,7,FALSE) -> 26
... A25: Sierra Leone | B25: SLE | C25: 2018 | D25: Low | E25: 33.232562 | F25: 56.54561 | G25: 15.777281 | H25: 7931.6318 | I25: 7650.15 | J25: 9010.2207 | K25: 42.332474 | L25: 0.73985487 | M25: 2018 | N25: 14.068165 | O25: ECOWAS | P25: Low-income | Q25: 3.5992196 | R25: 60.312431 | S25: 23.910286 | T25: =VLOOKUP(B25,HALE!A$2:J$48,10,FALSE) -> 52.9 | U25: =VLOOKUP(B25,RMNCAH!D$2:J$195,7,FALSE) -> 72 | V25: =VLOOKUP(B25, 'Infectious D'!A$2:G$195,7,FALSE) -> 51 | W25: =VLOOKUP(B25,NCDs!A$1:G$47,7,FALSE) -> 55 | X25: =VLOOKUP(B25,'Service capacity and access'!A$2:G$48,7,FALSE) -> 14
A26: South Sudan | B26: SSD | C26: 2017 | D26: Low | E26: 24.952584 | F26: 89.351192 | G26: 30.229429 | H26: 113.6475 | I26: 10910.763 | J26: 157.99916 | K26: 31.630802 | N26: 7.8927021 | O26: Other | P26: Low-income | Q26: 2.1062052 | R26: 2.5843747 | S26: 67.186195 | T26: =VLOOKUP(B26,HALE!A$2:J$48,10,FALSE) -> 53.7 | U26: =VLOOKUP(B26,RMNCAH!D$2:J$195,7,FALSE) -> 29 | V26: =VLOOKUP(B26, 'Infectious D'!A$2:G$195,7,FALSE) -> 36 | W26: =VLOOKUP(B26,NCDs!A$1:G$47,7,FALSE) -> 59 | X26: =VLOOKUP(B26,'Service capacity and access'!A$2:G$48,7,FALSE) -> 22
A27: Sao Tome and Principe | B27: STP | C27: 2017 | D27: Lower middle | E27: 47.74081 | F27: 76.735081 | G27: 73.980807 | H27: 21.741138 | I27: 207.089 | J27: 21.884743 | K27: 126.08411 | L27: 3.1588606 | M27: 2015 | N27: 60.193577 | O27: ECCAS | P27: Middle-income | Q27: 10.762632 | R27: 12.771232 | S27: 13.24796 | T27: =VLOOKUP(B27,HALE!A$2:J$48,10,FALSE) -> 61.6 | U27: =VLOOKUP(B27,RMNCAH!D$2:J$195,7,FALSE) -> 80 | V27: =VLOOKUP(B27, 'Infectious D'!A$2:G$195,7,FALSE) -> 53 | W27: =VLOOKUP(B27,NCDs!A$1:G$47,7,FALSE) -> 63 | X27: =VLOOKUP(B27,'Service capacity and access'!A$2:G$48,7,FALSE) -> 45
A28: Eswatini | B28: SWZ | C28: 2017 | D28: Lower middle | E28: 36.157225 | F28: 41.983744 | G28: 58.922618 | H28: 13.323801 | I28: 1124.805 | J28: 14.451789 | K28: 265.11392 | L28: 0.96050787 | M28: 2017 | N28: 95.857849 | O28: SADC | P28: Middle-income | Q28: 9.9682932 | R28: 18.110748 | S28: 22.966635 | T28: =VLOOKUP(B28,HALE!A$2:J$48,10,FALSE) -> 50.1 | U28: =VLOOKUP(B28,RMNCAH!D$2:J$195,7,FALSE) -> 73 | V28: =VLOOKUP(B28, 'Infectious D'!A$2:G$195,7,FALSE) -> 65 | W28: =VLOOKUP(B28,NCDs!A$1:G$47,7,FALSE) -> 62 | X28: =VLOOKUP(B28,'Service capacity and access'!A$2:G$48,7,FALSE) -> 33
A29: Chad | B29: TCD | C29: 2018 | D29: Low | E29: 35.310312 | F29: 66.205999 | G29: 31.398584 | H29: 555.44647 | I29: 15477.729 | J29: 585.91101 | K29: 28.590483 | L29: 0.54242579 | M29: 2019 | N29: 10.095389 | O29: ECCAS | P29: Low-income | Q29: 5.2271085 | R29: 54.274082 | S29: 14.327333 | T29: =VLOOKUP(B29,HALE!A$2:J$48,10,FALSE) -> 52 | U29: =VLOOKUP(B29,RMNCAH!D$2:J$195,7,FALSE) -> 29 | V29: =VLOOKUP(B29, 'Infectious D'!A$2:G$195,7,FALSE) -> 41 | W29: =VLOOKUP(B29,NCDs!A$1:G$47,7,FALSE) -> 59 | X29: =VLOOKUP(B29,'Service capacity and access'!A$2:G$48,7,FALSE) -> 11
A30: Togo | B30: TGO | C30: 2019 | D30: Low | E30: 25.08889 | F30: 53.264435 | G30: 32.009066 | H30: 585.91101 | I30: 8082.366 | J30: 585.91101 | K30: 51.155029 | L30: 0.77576361 | M30: 2019 | N30: 12.834229 | O30: WAEMU | P30: Low-income | Q30: 5.3817401 | R30: 54.735744 | S30: 13.255195 | T30: =VLOOKUP(B30,HALE!A$2:J$48,10,FALSE) -> 56.2 | U30: =VLOOKUP(B30,RMNCAH!D$2:J$195,7,FALSE) -> 52 | V30: =VLOOKUP(B30, 'Infectious D'!A$2:G$195,7,FALSE) -> 55 | W30: =VLOOKUP(B30,NCDs!A$1:G$47,7,FALSE) -> 57 | X30: =VLOOKUP(B30,'Service capacity and access'!A$2:G$48,7,FALSE) -> 23
A31: Uganda | B31: UGA | C31: 2019 | D31: Low | E31: 27.683328 | F31: 44.742015 | G31: 24.431809 | H31: 3704.0491 | I31: 44269.594 | J31: 3704.0491 | K31: 32.408443 | L31: 1.680489 | M31: 2017 | N31: 8.971735 | O31: Other | P31: Low-income | Q31: 3.1451955 | R31: 45.921585 | S31: 29.64661 | T31: =VLOOKUP(B31,HALE!A$2:J$48,10,FALSE) -> 58.2 | U31: =VLOOKUP(B31,RMNCAH!D$2:J$195,7,FALSE) -> 68 | V31: =VLOOKUP(B31, 'Infectious D'!A$2:G$195,7,FALSE) -> 55 | W31: =VLOOKUP(B31,NCDs!A$1:G$47,7,FALSE) -> 55 | X31: =VLOOKUP(B31,'Service capacity and access'!A$2:G$48,7,FALSE) -> 27
A32: South Africa | B32: ZAF | C32: 2016 | D32: Upper middle | E32: 54.793439 | F32: 62.031868 | G32: 64.079555 | H32: 14.709611 | I32: 56207.646 | J32: 14.448427 | K32: 538.78699 | L32: 7.9225364 | M32: 2019 | N32: 295.21991 | O32: SADC | P32: Middle-income | Q32: 15.289785 | R32: 35.104065 | S32: 0.81638187 | T32: =VLOOKUP(B32,HALE!A$2:J$48,10,FALSE) -> 56.2 | U32: =VLOOKUP(B32,RMNCAH!D$2:J$195,7,FALSE) -> 76 | V32: =VLOOKUP(B32, 'Infectious D'!A$2:G$195,7,FALSE) -> 69 | W32: =VLOOKUP(B32,NCDs!A$1:G$47,7,FALSE) -> 61 | X32: =VLOOKUP(B32,'Service capacity and access'!A$2:G$48,7,FALSE) -> 80
A33: Zambia | B33: ZMB | C33: 2016 | D33: Lower middle | E33: 26.773291 | F33: 69.446701 | G33: 99.318778 | H33: 10.3075 | I33: 16363.458 | J33: 12.89 | K33: 58.384441 | L33: 0.92523282 | M33: 2018 | N33: 15.631436 | O33: SADC | P33: Middle-income | Q33: 7.0453463 | R33: 0.21889035 | S33: 0.46233174 | T33: =VLOOKUP(B33,HALE!A$2:J$48,10,FALSE) -> 54.4 | U33: =VLOOKUP(B33,RMNCAH!D$2:J$195,7,FALSE) -> 74 | V33: =VLOOKUP(B33, 'Infectious D'!A$2:G$195,7,FALSE) -> 61 | W33: =VLOOKUP(B33,NCDs!A$1:G$47,7,FALSE) -> 57 | X33: =VLOOKUP(B33,'Service capacity and access'!A$2:G$48,7,FALSE) -> 38
A34: Zimbabwe | B34: ZWE | C34: 2018 | D34: Lower middle | E34: 28.012556 | F34: 62.455734 | G34: 71.482507 | H34: 1 | I34: 14438.802 | J34: 1 | K34: 135.66473 | L34: 2.0957403 | M34: 2018 | N34: 38.003155 | O34: SADC | P34: Middle-income | Q34: 8.72929 | R34: 16.67371 | S34: 11.843782 | T34: =VLOOKUP(B34,HALE!A$2:J$48,10,FALSE) -> 53.1 | U34: =VLOOKUP(B34,RMNCAH!D$2:J$195,7,FALSE) -> 71 | V34: =VLOOKUP(B34, 'Infectious D'!A$2:G$195,7,FALSE) -> 48 | W34: =VLOOKUP(B34,NCDs!A$1:G$47,7,FALSE) -> 67 | X34: =VLOOKUP(B34,'Service capacity and access'!A$2:G$48,7,FALSE) -> 40

Sheet Correlations
A1: Correlations
D2: hr_che | E2: sr_hr_gghed_gghed | F2: sr_hr_gghed_hr | G2: xrt | H2: pop | I2: xrt_2019 | J2: che_usd2019_pc | K2: m_doctors_density | L2: year_doctors_density | M2: hr_usd2019_pc | N2: gghed_gge | O2: sr_hr_pvtd_hr | P2: sr_hr_ext_hr | Q2: HALE | R2: RMNCAH | S2: Infectious dieases | T2: NCD
A3: Spearman's rho | B3: hr_che | C3: Correlation Coefficient | D3: 1 | E3: 0.178855 | F3: -0.20342667 | G3: -0.1425463 | H3: -0.30689512 | I3: -0.16867446 | J3: .419* | K3: .368* | L3: -0.27715965 | M3: .731** | N3: 0.31555184 | O3: .501** | P3: -0.27825142 | Q3: 0.053181706 | R3: 0.31445548 | S3: -0.031127116 | T3: -0.026066637
C4: Sig. (2-tailed) | E4: 0.31930493 | F4: 0.25618248 | G4: 0.42874235 | H4: 0.082351798 | I4: 0.34806636 | J4: 0.015176714 | K4: 0.038186833 | L4: 0.12460278 | M4: 1.3445447e-06 | N4: 0.073642093 | O4: 0.003004928 | P4: 0.11689378 | Q4: 0.76880844 | R4: 0.074703776 | S4: 0.86347021 | T4: 0.88550686
C5: N | D5: 33 | E5: 33 | F5: 33 | G5: 33 | H5: 33 | I5: 33 | J5: 33 | K5: 32 | L5: 32 | M5: 33 | N5: 33 | O5: 33 | P5: 33 | Q5: 33 | R5: 33 | S5: 33 | T5: 33
B6: sr_hr_gghed_gghed | C6: Correlation Coefficient | D6: 0.178855 | E6: 1 | F6: 0.22894385 | G6: -0.2546926 | H6: 0.22526738 | I6: -0.26557448 | J6: -0.039274672 | K6: 0.062282008 | L6: 0.096998261 | M6: 0.021225036 | N6: -0.2305442 | O6: -0.27081245 | P6: -0.23648366 | Q6: -0.046480527 | R6: -0.098687003 | S6: -.431* | T6: 0.14094242
C7: Sig. (2-tailed) | D7: 0.31930493 | F7: 0.19999255 | G7: 0.15260329 | H7: 0.20751023 | I7: 0.13523925 | J7: 0.82820836 | K7: 0.73488708 | L7: 0.59741439 | M7: 0.90666971 | N7: 0.19677995 | O7: 0.12741874 | P7: 0.18517139 | Q7: 0.79729184 | R7: 0.58479708 | S7: 0.012355527 | T7: 0.43400836
C8: N | D8: 33 | E8: 33 | F8: 33 | G8: 33 | H8: 33 | I8: 33 | J8: 33 | K8: 32 | L8: 32 | M8: 33 | N8: 33 | O8: 33 | P8: 33 | Q8: 33 | R8: 33 | S8: 33 | T8: 33
B9: sr_hr_gghed_hr | C9: Correlation Coefficient | D9: -0.20342667 | E9: 0.22894385 | F9: 1 | G9: -.510** | H9: 0.16377005 | I9: -.531** | J9: 0.33492103 | K9: 0.31067515 | L9: 0.30452499 | M9: 0.14523272 | N9: .526** | O9: -.781** | P9: -.583** | Q9: 0.18809566 | R9: 0.31061316 | S9: 0.17232737 | T9: 0.31875444
C10: Sig. (2-tailed) | D10: 0.25618248 | E10: 0.19999255 | G10: 0.0024359122 | H10: 0.36246299 | I10: 0.0014644125 | J10: 0.056750699 | K10: 0.083515925 | L10: 0.090144984 | M10: 0.42000171 | N10: 0.0016484193 | O10: 8.2025527e-08 | P10: 0.00036730794 | Q10: 0.29452027 | R10: 0.078518594 | S10: 0.33757145 | T10: 0.070607875
C11: N | D11: 33 | E11: 33 | F11: 33 | G11: 33 | H11: 33 | I11: 33 | J11: 33 | K11: 32 | L11: 32 | M11: 33 | N11: 33 | O11: 33 | P11: 33 | Q11: 33 | R11: 33 | S11: 33 | T11: 33
B12: xrt | C12: Correlation Coefficient | D12: -0.1425463 | E12: -0.2546926 | F12: -.510** | G12: 1 | H12: 0.17878751 | I12: .987** | J12: -.597** | K12: -.447* | L12: -0.05026657 | M12: -.505** | N12: -.437* | O12: .447** | P12: 0.294094 | Q12: -0.069153559 | R12: -0.32092293 | S12: -0.090924445 | T12: -.442**
C13: Sig. (2-tailed) | D13: 0.42874235 | E13: 0.15260329 | F13: 0.0024359122 | H13: 0.31949059 | I13: 1.9466512e-26 | J13: 0.0002481018 | K13: 0.010368927 | L13: 0.78469168 | M13: 0.0027137888 | N13: 0.01097438 | O13: 0.0091309297 | P13: 0.096659529 | Q13: 0.70216638 | R13: 0.068609356 | S13: 0.61480552 | T13: 0.0099295822
C14: N | D14: 33 | E14: 33 | F14: 33 | G14: 33 | H14: 33 | I14: 33 | J14: 33 | K14: 32 | L14: 32 | M14: 33 | N14: 33 | O14: 33 | P14: 33 | Q14: 33 | R14: 33 | S14: 33 | T14: 33
B15: pop | C15: Correlation Coefficient | D15: -0.30689512 | E15: 0.22526738 | F15: 0.16377005 | G15: 0.17878751 | H15: 1 | I15: 0.18320741 | J15: -0.3270661 | K15: -0.19437865 | L15: .450** | M15: -.417* | N15: -0.2014545 | O15: -0.23804749 | P15: -0.1017799 | Q15: -0.07105836 | R15: -0.19570135 | S15: -0.0205789 | T15: 0.0015083017
C16: Sig. (2-tailed) | D16: 0.082351798 | E16: 0.20751023 | F16: 0.36246299 | G16: 0.31949059 | I16: 0.3074741 | J16: 0.063187006 | K16: 0.28640847 | L16: 0.0098432884 | M16: 0.015773199 | N16: 0.26091998 | O16: 0.18219676 | P16: 0.57302392 | Q16: 0.69435117 | R16: 0.2750674 | S16: 0.90949909 | T16: 0.99335335
C17: N | D17: 33 | E17: 33 | F17: 33 | G17: 33 | H17: 33 | I17: 33 | J17: 33 | K17: 32 | L17: 32 | M17: 33 | N17: 33 | O17: 33 | P17: 33 | Q17: 33 | R17: 33 | S17: 33 | T17: 33
B18: xrt_2019 | C18: Correlation Coefficient | D18: -0.16867446 | E18: -0.26557448 | F18: -.531** | G18: .987** | H18: 0.18320741 | I18: 1 | J18: -.622** | K18: -.470** | L18: -0.073155555 | M18: -.544** | N18: -.461** | O18: .437* | P18: .349* | Q18: -0.14387556 | R18: -.367* | S18: -0.10044948 | T18: -.411*
C19: Sig. (2-tailed) | D19: 0.34806636 | E19: 0.13523925 | F19: 0.0014644125 | G19: 1.9466512e-26 | H19: 0.3074741 | J19: 0.00011157889 | K19: 0.006666218 | L19: 0.6907042 | M19: 0.0010620653 | N19: 0.0068732349 | O19: 0.010912256 | P19: 0.046585921 | Q19: 0.42440492 | R19: 0.035876081 | S19: 0.57807507 | T19: 0.017380253
C20: N | D20: 33 | E20: 33 | F20: 33 | G20: 33 | H20: 33 | I20: 33 | J20: 33 | K20: 32 | L20: 32 | M20: 33 | N20: 33 | O20: 33 | P20: 33 | Q20: 33 | R20: 33 | S20: 33 | T20: 33
B21: che_usd2019_pc | C21: Correlation Coefficient | D21: .419* | E21: -0.039274672 | F21: 0.33492103 | G21: -.597** | H21: -0.3270661 | I21: -.622** | J21: 1 | K21: .676** | L21: -0.1293111 | M21: .898** | N21: .549** | O21: -0.035609798 | P21: -.483** | Q21: 0.13017307 | R21: .539** | S21: .370* | T21: 0.29783069
C22: Sig. (2-tailed) | D22: 0.015176714 | E22: 0.82820836 | F22: 0.056750699 | G22: 0.0002481018 | H22: 0.063187006 | I22: 0.00011157889 | K22: 2.1447569e-05 | L22: 0.48058561 | M22: 1.4157249e-12 | N22: 0.00093808132 | O22: 0.84403312 | P22: 0.004455213 | Q22: 0.470273 | R22: 0.0012033465 | S22: 0.033995939 | T22: 0.092300908
C23: N | D23: 33 | E23: 33 | F23: 33 | G23: 33 | H23: 33 | I23: 33 | J23: 33 | K23: 32 | L23: 32 | M23: 33 | N23: 33 | O23: 33 | P23: 33 | Q23: 33 | R23: 33 | S23: 33 | T23: 33
B24: m_doctors_density | C24: Correlation Coefficient | D24: .368* | E24: 0.062282008 | F24: 0.31067515 | G24: -.447* | H24: -0.19437865 | I24: -.470** | J24: .676** | K24: 1 | L24: -0.019961801 | M24: .626** | N24: .383* | O24: -0.074618789 | P24: -.455** | Q24: 0.34614029 | R24: 0.33946341 | S24: 0.307643 | T24: .438*
C25: Sig. (2-tailed) | D25: 0.038186833 | E25: 0.73488708 | F25: 0.083515925 | G25: 0.010368927 | H25: 0.28640847 | I25: 0.006666218 | J25: 2.1447569e-05 | L25: 0.91364751 | M25: 0.00012518072 | N25: 0.030596501 | O25: 0.68483052 | P25: 0.0089245457 | Q25: 0.052303379 | R25: 0.057331837 | S25: 0.086735715 | T25: 0.012259955
C26: N | D26: 32 | E26: 32 | F26: 32 | G26: 32 | H26: 32 | I26: 32 | J26: 32 | K26: 32 | L26: 32 | M26: 32 | N26: 32 | O26: 32 | P26: 32 | Q26: 32 | R26: 32 | S26: 32 | T26: 32
B27: year_doctors_density | C27: Correlation Coefficient | D27: -0.27715965 | E27: 0.096998261 | F27: 0.30452499 | G27: -0.05026657 | H27: .450** | I27: -0.073155555 | J27: -0.1293111 | K27: -0.019961801 | L27: 1 | M27: -0.21135743 | N27: 0.088082013 | O27: -0.16280333 | P27: -.390* | Q27: -0.039564274 | R27: -0.07257703 | S27: 0.18258963 | T27: 0.27540304
C28: Sig. (2-tailed) | D28: 0.12460278 | E28: 0.59741439 | F28: 0.090144984 | G28: 0.78469168 | H28: 0.0098432884 | I28: 0.6907042 | J28: 0.48058561 | K28: 0.91364751 | M28: 0.24555009 | N28: 0.63167069 | O28: 0.37331873 | P28: 0.027369772 | Q28: 0.82977602 | R28: 0.69303142 | S28: 0.31719938 | T28: 0.12710766
C29: N | D29: 32 | E29: 32 | F29: 32 | G29: 32 | H29: 32 | I29: 32 | J29: 32 | K29: 32 | L29: 32 | M29: 32 | N29: 32 | O29: 32 | P29: 32 | Q29: 32 | R29: 32 | S29: 32 | T29: 32
B30: hr_usd2019_pc | C30: Correlation Coefficient | D30: .731** | E30: 0.021225036 | F30: 0.14523272 | G30: -.505** | H30: -.417* | I30: -.544** | J30: .898** | K30: .626** | L30: -0.21135743 | M30: 1 | N30: .541** | O30: 0.18406755 | P30: -.461** | Q30: 0.11094391 | R30: .528** | S30: 0.22872932 | T30: 0.20766023
C31: Sig. (2-tailed) | D31: 1.3445447e-06 | E31: 0.90666971 | F31: 0.42000171 | G31: 0.0027137888 | H31: 0.015773199 | I31: 0.0010620653 | J31: 1.4157249e-12 | K31: 0.00012518072 | L31: 0.24555009 | N31: 0.0011421587 | O31: 0.30516916 | P31: 0.0068673895 | Q31: 0.53878437 | R31: 0.0016033654 | S31: 0.20042594 | T31: 0.24620558
C32: N | D32: 33 | E32: 33 | F32: 33 | G32: 33 | H32: 33 | I32: 33 | J32: 33 | K32: 32 | L32: 32 | M32: 33 | N32: 33 | O32: 33 | P32: 33 | Q32: 33 | R32: 33 | S32: 33 | T32: 33
B33: gghed_gge | C33: Correlation Coefficient | D33: 0.31555184 | E33: -0.2305442 | F33: .526** | G33: -.437* | H33: -0.2014545 | I33: -.461** | J33: .549** | K33: .383* | L33: 0.088082013 | M33: .541** | N33: 1 | O33: -0.21891463 | P33: -0.33581343 | Q33: 0.15338296 | R33: .586** | S33: .449** | T33: .363*
C34: Sig. (2-tailed) | D34: 0.073642093 | E34: 0.19677995 | F34: 0.0016484193 | G34: 0.01097438 | H34: 0.26091998 | I34: 0.0068732349 | J34: 0.00093808132 | K34: 0.030596501 | L34: 0.63167069 | M34: 0.0011421587 | O34: 0.22095518 | P34: 0.056053555 | Q34: 0.39410152 | R34: 0.00033677379 | S34: 0.0088091913 | T34: 0.03778213
C35: N | D35: 33 | E35: 33 | F35: 33 | G35: 33 | H35: 33 | I35: 33 | J35: 33 | K35: 32 | L35: 32 | M35: 33 | N35: 33 | O35: 33 | P35: 33 | Q35: 33 | R35: 33 | S35: 33 | T35: 33
B36: sr_hr_pvtd_hr | C36: Correlation Coefficient | D36: .501** | E36: -0.27081245 | F36: -.781** | G36: .447** | H36: -0.23804749 | I36: .437* | J36: -0.035609798 | K36: -0.074618789 | L36: -0.16280333 | M36: 0.18406755 | N36: -0.21891463 | O36: 1 | P36: 0.064699492 | Q36: 0.036460947 | R36: -0.062578443 | S36: 0.010711301 | T36: -0.33394909
C37: Sig. (2-tailed) | D37: 0.003004928 | E37: 0.12741874 | F37: 8.2025527e-08 | G37: 0.0091309297 | H37: 0.18219676 | I37: 0.010912256 | J37: 0.84403312 | K37: 0.68483052 | L37: 0.37331873 | M37: 0.30516916 | N37: 0.22095518 | P37: 0.72055702 | Q37: 0.84035232 | R37: 0.72936979 | S37: 0.95282406 | T37: 0.057517774
C38: N | D38: 33 | E38: 33 | F38: 33 | G38: 33 | H38: 33 | I38: 33 | J38: 33 | K38: 32 | L38: 32 | M38: 33 | N38: 33 | O38: 33 | P38: 33 | Q38: 33 | R38: 33 | S38: 33 | T38: 33
B39: sr_hr_ext_hr | C39: Correlation Coefficient | D39: -0.27825142 | E39: -0.23648366 | F39: -.583** | G39: 0.294094 | H39: -0.1017799 | I39: .349* | J39: -.483** | K39: -.455** | L39: -.390* | M39: -.461** | N39: -0.33581343 | O39: 0.064699492 | P39: 1 | Q39: -0.27489343 | R39: -0.18911014 | S39: -0.14690881 | T39: -0.15151319
C40: Sig. (2-tailed) | D40: 0.11689378 | E40: 0.18517139 | F40: 0.00036730794 | G40: 0.096659529 | H40: 0.57302392 | I40: 0.046585921 | J40: 0.004455213 | K40: 0.0089245457 | L40: 0.027369772 | M40: 0.0068673895 | N40: 0.056053555 | O40: 0.72055702 | Q40: 0.12156139 | R40: 0.29187616 | S40: 0.41459917 | T40: 0.39996056
C41: N | D41: 33 | E41: 33 | F41: 33 | G41: 33 | H41: 33 | I41: 33 | J41: 33 | K41: 32 | L41: 32 | M41: 33 | N41: 33 | O41: 33 | P41: 33 | Q41: 33 | R41: 33 | S41: 33 | T41: 33
B42: HALE | C42: Correlation Coefficient | D42: 0.053181706 | E42: -0.046480527 | F42: 0.18809566 | G42: -0.069153559 | H42: -0.07105836 | I42: -0.14387556 | J42: 0.13017307 | K42: 0.34614029 | L42: -0.039564274 | M42: 0.11094391 | N42: 0.15338296 | O42: 0.036460947 | P42: -0.27489343 | Q42: 1 | R42: 0.30968123 | S42: 0.062353546 | T42: -0.13137192
C43: Sig. (2-tailed) | D43: 0.76880844 | E43: 0.79729184 | F43: 0.29452027 | G43: 0.70216638 | H43: 0.69435117 | I43: 0.42440492 | J43: 0.470273 | K43: 0.052303379 | L43: 0.82977602 | M43: 0.53878437 | N43: 0.39410152 | O43: 0.84035232 | P43: 0.12156139 | R43: 0.079466174 | S43: 0.73030624 | T43: 0.46615904
C44: N | D44: 33 | E44: 33 | F44: 33 | G44: 33 | H44: 33 | I44: 33 | J44: 33 | K44: 32 | L44: 32 | M44: 33 | N44: 33 | O44: 33 | P44: 33 | Q44: 33 | R44: 33 | S44: 33 | T44: 33
B45: RMNCAH | C45: Correlation Coefficient | D45: 0.31445548 | E45: -0.098687003 | F45: 0.31061316 | G45: -0.32092293 | H45: -0.19570135 | I45: -.367* | J45: .539** | K45: 0.33946341 | L45: -0.07257703 | M45: .528** | N45: .586** | O45: -0.062578443 | P45: -0.18911014 | Q45: 0.30968123 | R45: 1 | S45: .485** | T45: 0.099891153
C46: Sig. (2-tailed) | D46: 0.074703776 | E46: 0.58479708 | F46: 0.078518594 | G46: 0.068609356 | H46: 0.2750674 | I46: 0.035876081 | J46: 0.0012033465 | K46: 0.057331837 | L46: 0.69303142 | M46: 0.0016033654 | N46: 0.00033677379 | O46: 0.72936979 | P46: 0.29187616 | Q46: 0.079466174 | S46: 0.0042227073 | T46: 0.58020076
C47: N | D47: 33 | E47: 33 | F47: 33 | G47: 33 | H47: 33 | I47: 33 | J47: 33 | K47: 32 | L47: 32 | M47: 33 | N47: 33 | O47: 33 | P47: 33 | Q47: 33 | R47: 33 | S47: 33 | T47: 33
B48: Infectious dieases | C48: Correlation Coefficient | D48: -0.031127116 | E48: -.431* | F48: 0.17232737 | G48: -0.090924445 | H48: -0.0205789 | I48: -0.10044948 | J48: .370* | K48: 0.307643 | L48: 0.18258963 | M48: 0.22872932 | N48: .449** | O48: 0.010711301 | P48: -0.14690881 | Q48: 0.062353546 | R48: .485** | S48: 1 | T48: 0.31426219
C49: Sig. (2-tailed) | D49: 0.86347021 | E49: 0.012355527 | F49: 0.33757145 | G49: 0.61480552 | H49: 0.90949909 | I49: 0.57807507 | J49: 0.033995939 | K49: 0.086735715 | L49: 0.31719938 | M49: 0.20042594 | N49: 0.0088091913 | O49: 0.95282406 | P49: 0.41459917 | Q49: 0.73030624 | R49: 0.0042227073 | T49: 0.074892183
C50: N | D50: 33 | E50: 33 | F50: 33 | G50: 33 | H50: 33 | I50: 33 | J50: 33 | K50: 32 | L50: 32 | M50: 33 | N50: 33 | O50: 33 | P50: 33 | Q50: 33 | R50: 33 | S50: 33 | T50: 33
B51: NCD | C51: Correlation Coefficient | D51: -0.026066637 | E51: 0.14094242 | F51: 0.31875444 | G51: -.442** | H51: 0.0015083017 | I51: -.411* | J51: 0.29783069 | K51: .438* | L51: 0.27540304 | M51: 0.20766023 | N51: .363* | O51: -0.33394909 | P51: -0.15151319 | Q51: -0.13137192 | R51: 0.099891153 | S51: 0.31426219 | T51: 1
C52: Sig. (2-tailed) | D52: 0.88550686 | E52: 0.43400836 | F52: 0.070607875 | G52: 0.0099295822 | H52: 0.99335335 | I52: 0.017380253 | J52: 0.092300908 | K52: 0.012259955 | L52: 0.12710766 | M52: 0.24620558 | N52: 0.03778213 | O52: 0.057517774 | P52: 0.39996056 | Q52: 0.46615904 | R52: 0.58020076 | S52: 0.074892183
C53: N | D53: 33 | E53: 33 | F53: 33 | G53: 33 | H53: 33 | I53: 33 | J53: 33 | K53: 32 | L53: 32 | M53: 33 | N53: 33 | O53: 33 | P53: 33 | Q53: 33 | R53: 33 | S53: 33 | T53: 33
A54: *. Correlation is significant at the 0.05 level (2-tailed).
A55: **. Correlation is significant at the 0.01 level (2-tailed).

Sheet Glossary
A1: Series | B1: Name
A2: code | B2: Country code
A3: year | B3: Year
A4: income | B4: Income WB classification
A5: hr_che | B5: Health workforce (HWF) remuneration expenditure
A6: sr_hr_gghed_gghed | B6: Government remunerations on health workforce (HWF) as a share of general government expenditure
A7: sr_hr_gghed_hr | B7: Government remunerations on health workforce (HWF) as a share of health workforce expenditure
A8: xrt | B8: Exchange rate
A9: pop | B9: Population (thousand)
A10: xrt_2019 | B10: Exchange rate in 2019
A11: che_usd2019_pc | B11: Per capita health expenditure in USD (2019)
A12: m_doctors_density | B12: Medical doctors density per 10,000 population
... A20: sr_hr_ext_hr | B20: Remunerations on health workforce (HWF) from external sources as a share of health workforce expenditure

Sheet Service capacity and access
A1: SpatialDimValueCode | B1: Location | C1: Period type | D1: Period | E1: IsLatestYear | F1: FactValueNumeric | G1: Value
A2: TCD | B2: Chad | C2: Year | D2: 2021 | E2: TRUE | F2: 10.76 | G2: 11
A3: NER | B3: Niger | C3: Year | D3: 2021 | E3: TRUE | F3: 11.68 | G3: 12
A4: BDI | B4: Burundi | C4: Year | D4: 2021 | E4: TRUE | F4: 13.85 | G4: 14
A5: NGA | B5: Nigeria | C5: Year | D5: 2021 | E5: TRUE | F5: 14.08 | G5: 14
A6: SLE | B6: Sierra Leone | C6: Year | D6: 2021 | E6: TRUE | F6: 14.19 | G6: 14
A7: BFA | B7: Burkina Faso | C7: Year | D7: 2021 | E7: TRUE | F7: 14.92 | G7: 15
A8: MLI | B8: Mali | C8: Year | D8: 2021 | E8: TRUE | F8: 15.25 | G8: 15
A9: BEN | B9: Benin | C9: Year | D9: 2021 | E9: TRUE | F9: 16.86 | G9: 17
A10: CAF | B10: Central African Republic | C10: Year | D10: 2021 | E10: TRUE | F10: 16.76 | G10: 17
A11: GNB | B11: Guinea-Bissau | C11: Year | D11: 2021 | E11: TRUE | F11: 17.33 | G11: 17
A12: GIN | B12: Guinea | C12: Year | D12: 2021 | E12: TRUE | F12: 18.03 | G12: 18
A13: CIV | B13: CÃ´te dâ€™Ivoire | C13: Year | D13: 2021 | E13: TRUE | F13: 19.16 | G13: 19
... A48: DZA | B48: Algeria | C48: Year | D48: 2021 | E48: TRUE | F48: 88.72 | G48: 89

Sheet NCDs
A1: CAF | B1: Central African Republic | C1: Year | D1: 2021 | E1: TRUE | F1: 43.77 | G1: 44
A2: RWA | B2: Rwanda | C2: Year | D2: 2021 | E2: TRUE | F2: 44.01 | G2: 44
A3: MDG | B3: Madagascar | C3: Year | D3: 2021 | E3: TRUE | F3: 45.77 | G3: 46
A4: CMR | B4: Cameroon | C4: Year | D4: 2021 | E4: TRUE | F4: 49.14 | G4: 49
A5: NER | B5: Niger | C5: Year | D5: 2021 | E5: TRUE | F5: 49.3 | G5: 49
A6: GNQ | B6: Equatorial Guinea | C6: Year | D6: 2021 | E6: TRUE | F6: 50.27 | G6: 50
A7: MOZ | B7: Mozambique | C7: Year | D7: 2021 | E7: TRUE | F7: 49.78 | G7: 50
A8: KEN | B8: Kenya | C8: Year | D8: 2021 | E8: TRUE | F8: 50.91 | G8: 51
A9: TZA | B9: United Republic of Tanzania | C9: Year | D9: 2021 | E9: TRUE | F9: 50.72 | G9: 51
A10: COG | B10: Congo | C10: Year | D10: 2021 | E10: TRUE | F10: 52.47 | G10: 52
A11: ETH | B11: Ethiopia | C11: Year | D11: 2021 | E11: TRUE | F11: 52.49 | G11: 52
A12: LBR | B12: Liberia | C12: Year | D12: 2021 | E12: TRUE | F12: 53.05 | G12: 53
... A47: GHA | B47: Ghana | C47: Year | D47: 2021 | E47: TRUE | F47: 70.51 | G47: 71

Sheet Infectious D
A1: SpatialDimValueCode | B1: Location | C1: Period type | D1: Period | E1: IsLatestYear | F1: FactValueNumeric | G1: Value
A2: COK | B2: Cook Islands | C2: Year | D2: 2021 | E2: TRUE | F2: 16.75 | G2: 17
A3: DMA | B3: Dominica | C3: Year | D3: 2021 | E3: TRUE | F3: 17.08 | G3: 17
A4: NIU | B4: Niue | C4: Year | D4: 2021 | E4: TRUE | F4: 17.5 | G4: 17
A5: ETH | B5: Ethiopia | C5: Year | D5: 2021 | E5: TRUE | F5: 29.04 | G5: 29
A6: MDG | B6: Madagascar | C6: Year | D6: 2021 | E6: TRUE | F6: 29.47 | G6: 29
A7: GNB | B7: Guinea-Bissau | C7: Year | D7: 2021 | E7: TRUE | F7: 29.95 | G7: 30
A8: AFG | B8: Afghanistan | C8: Year | D8: 2021 | E8: TRUE | F8: 32.97 | G8: 33
A9: GAB | B9: Gabon | C9: Year | D9: 2021 | E9: TRUE | F9: 34.37 | G9: 34
A10: DJI | B10: Djibouti | C10: Year | D10: 2021 | E10: TRUE | F10: 34.77 | G10: 35
A11: SOM | B11: Somalia | C11: Year | D11: 2021 | E11: TRUE | F11: 34.99 | G11: 35
A12: AGO | B12: Angola | C12: Year | D12: 2021 | E12: TRUE | F12: 36.07 | G12: 36
A13: COG | B13: Congo | C13: Year | D13: 2021 | E13: TRUE | F13: 36.21 | G13: 36
... A195: GBR | B195: United Kingdom of Great Britain and Northern Ireland | C195: Year | D195: 2021 | E195: TRUE | F195: 97.67 | G195: 98

Sheet RMNCAH
A1: ParentLocationCode | B1: ParentLocation | C1: Location type | D1: SpatialDimValueCode | E1: Location | F1: Period type | G1: Period | H1: IsLatestYear | I1: FactValueNumeric | J1: Value
A2: EMR | B2: Eastern Mediterranean | C2: Country | D2: SOM | E2: Somalia | F2: Year | G2: 2021 | H2: TRUE | I2: 17.39 | J2: 17
A3: AFR | B3: Africa | C3: Country | D3: TCD | E3: Chad | F3: Year | G3: 2021 | H3: TRUE | I3: 28.87 | J3: 29
A4: AFR | B4: Africa | C4: Country | D4: SSD | E4: South Sudan | F4: Year | G4: 2021 | H4: TRUE | I4: 29.42 | J4: 29
A5: AFR | B5: Africa | C5: Country | D5: CAF | E5: Central African Republic | F5: Year | G5: 2021 | H5: TRUE | I5: 38.17 | J5: 38
A6: AFR | B6: Africa | C6: Country | D6: MRT | E6: Mauritania | F6: Year | G6: 2021 | H6: TRUE | I6: 41.31 | J6: 41
A7: EMR | B7: Eastern Mediterranean | C7: Country | D7: YEM | E7: Yemen | F7: Year | G7: 2021 | H7: TRUE | I7: 41.33 | J7: 41
A8: AFR | B8: Africa | C8: Country | D8: BEN | E8: Benin | F8: Year | G8: 2021 | H8: TRUE | I8: 42.82 | J8: 43
A9: AFR | B9: Africa | C9: Country | D9: COD | E9: Democratic Republic of the Congo | F9: Year | G9: 2021 | H9: TRUE | I9: 43.22 | J9: 43
A10: AFR | B10: Africa | C10: Country | D10: AGO | E10: Angola | F10: Year | G10: 2021 | H10: TRUE | I10: 44.51 | J10: 45
A11: AFR | B11: Africa | C11: Country | D11: NGA | E11: Nigeria | F11: Year | G11: 2021 | H11: TRUE | I11: 46.44 | J11: 46
A12: EMR | B12: Eastern Mediterranean | C12: Country | D12: AFG | E12: Afghanistan | F12: Year | G12: 2021 | H12: TRUE | I12: 47.21 | J12: 47
A13: AFR | B13: Africa | C13: Country | D13: MLI | E13: Mali | F13: Year | G13: 2021 | H13: TRUE | I13: 47.33 | J13: 47
... A195: EUR | B195: Europe | C195: Country | D195: NOR | E195: Norway | F195: Year | G195: 2021 | H195: TRUE | I195: 94.91 | J195: 95

Sheet HALE
A1: SpatialDimValueCode | B1: Location | C1: Period type | D1: Period | E1: IsLatestYear | F1: Dim1 type | G1: Dim1 | H1: Dim1ValueCode | I1: FactValueNumeric | J1: Value
A2: DZA | B2: Algeria | C2: Year | D2: 2019 | E2: TRUE | F2: Sex | G2: Both sexes | H2: SEX_BTSX | I2: 66.39 | J2: 66.4
A3: AGO | B3: Angola | C3: Year | D3: 2019 | E3: TRUE | F3: Sex | G3: Both sexes | H3: SEX_BTSX | I3: 54.84 | J3: 54.8
A4: BEN | B4: Benin | C4: Year | D4: 2019 | E4: TRUE | F4: Sex | G4: Both sexes | H4: SEX_BTSX | I4: 55.52 | J4: 55.5
A5: BWA | B5: Botswana | C5: Year | D5: 2019 | E5: TRUE | F5: Sex | G5: Both sexes | H5: SEX_BTSX | I5: 53.89 | J5: 53.9
A6: BFA | B6: Burkina Faso | C6: Year | D6: 2019 | E6: TRUE | F6: Sex | G6: Both sexes | H6: SEX_BTSX | I6: 54.86 | J6: 54.9
A7: BDI | B7: Burundi | C7: Year | D7: 2019 | E7: TRUE | F7: Sex | G7: Both sexes | H7: SEX_BTSX | I7: 55.58 | J7: 55.6
A8: CIV | B8: CÃ´te dâ€™Ivoire | C8: Year | D8: 2019 | E8: TRUE | F8: Sex | G8: Both sexes | H8: SEX_BTSX | I8: 54.81 | J8: 54.8
A9: CPV | B9: Cabo Verde | C9: Year | D9: 2019 | E9: TRUE | F9: Sex | G9: Both sexes | H9: SEX_BTSX | I9: 64.8 | J9: 64.8
A10: CMR | B10: Cameroon | C10: Year | D10: 2019 | E10: TRUE | F10: Sex | G10: Both sexes | H10: SEX_BTSX | I10: 54.52 | J10: 54.5
A11: CAF | B11: Central African Republic | C11: Year | D11: 2019 | E11: TRUE | F11: Sex | G11: Both sexes | H11: SEX_BTSX | I11: 46.37 | J11: 46.4
A12: TCD | B12: Chad | C12: Year | D12: 2019 | E12: TRUE | F12: Sex | G12: Both sexes | H12: SEX_BTSX | I12: 52.02 | J12: 52
A13: COM | B13: Comoros | C13: Year | D13: 2019 | E13: TRUE | F13: Sex | G13: Both sexes | H13: SEX_BTSX | I13: 58.95 | J13: 58.9
... A48: ZWE | B48: Zimbabwe | C48: Year | D48: 2019 | E48: TRUE | F48: Sex | G48: Both sexes | H48: SEX_BTSX | I48: 53.07 | J48: 53.1

Sheet Metadata
A1: Metadata | B1: Description
A2: Method: | B2: Calculations are based on country-produced disaggregated health accounts data from 33 low- and middle-income African countries, disaggregated wherever possible by income and subregional economic group.
A3: Sources: | B3: The baseline information was calculated in July 2022 for 2019, the year before the COVID-19 pandemic. Country health accounts reports, broken down by factor of provision (FP), can be retrieved from the Documentation Center of WHO’s Global Health Expenditure Database (GHED). The latest available data before 2019 were used when no data were available for 2019. Population size and income group data were extracted from GHED Data Explorer in July 2022 (2021 update).

Sheet Data (2)
A1: country_short_name | B1: code | C1: year | D1: income | E1: hr_che | F1: sr_hr_gghed_gghed | G1: sr_hr_gghed_hr | H1: xrt | I1: pop | J1: xrt_2019 | K1: che_usd2019_pc | L1: m_doctors_density | M1: year_doctors_density | N1: hr_usd2019_pc | O1: sub_group_name_3 | P1: sub_income | Q1: gghed_gge | R1: sr_hr_pvtd_hr | S1: sr_hr_ext_hr
A2: Burundi | B2: BDI | C2: 2018 | D2: Low | E2: 15.763333 | F2: 39.396931 | G2: 69.388785 | H2: 1782.8768 | I2: 11175.374 | J2: 1845.6229 | K2: 21.505672 | L2: 1.0011998 | M2: 2019 | N2: 3.3900108 | O2: ECCAS | P2: Low-income | Q2: 8.4705248 | R2: 17.613289 | S2: 12.997926
A3: Burkina Faso | B3: BFA | C3: 2019 | D3: Low | E3: 32.880543 | F3: 65.129503 | G3: 82.824007 | H3: 585.91101 | I3: 20321.378 | J3: 585.91101 | K3: 42.344528 | L3: 0.93989666 | M3: 2019 | N3: 13.923111 | O3: WAEMU | P3: Low-income | Q3: 9.5769281 | R3: 5.8908882 | S3: 11.285105
A4: Botswana | B4: BWA | C4: 2017 | D4: Upper middle | E4: 36.852196 | F4: 44.39461 | G4: 91.1446 | H4: 10.347417 | I4: 2205.08 | J4: 10.755867 | K4: 474.01831 | L4: 2.8925493 | M4: 2018 | N4: 174.68613 | O4: SADC | P4: Middle-income | Q4: 14.315475 | R4: 3.1786098 | S4: 5.6767898
A5: Central African Rep. | B5: CAF | C5: 2018 | D5: Low | E5: 19.953117 | F5: 33.738449 | G5: 10.588879 | H5: 555.44647 | I5: 4666.368 | J5: 585.91101 | K5: 52.09977 | L5: 0.7210943 | M5: 2015 | N5: 10.395529 | O5: ECCAS | P5: Low-income | Q5: 3.9108746 | R5: 25.707739 | S5: 63.703381
A6: Cote d Ivoire | B6: CIV | C6: 2018 | D6: Lower middle | E6: 19.252622 | F6: 59.380839 | G6: 89.648114 | H6: 555.44647 | I6: 25069.23 | J6: 585.91101 | K6: 68.557785 | L6: 1.6226902 | M6: 2019 | N6: 13.19917 | O6: WAEMU | P6: Middle-income | Q6: 5.1173263 | R6: 5.0805235 | S6: 5.2713628
A7: DR Congo | B7: COD | C7: 2019 | D7: Low | E7: 31.463267 | F7: 85.237445 | G7: 42.852808 | H7: 1647.7601 | I7: 86790.567 | J7: 1647.7601 | K7: 20.570732 | L7: 0.89939848 | M7: 2016 | N7: 6.4722247 | O7: ECCAS | P7: Low-income | Q7: 4.4249554 | R7: 7.9805975 | S7: 49.166595
A8: Congo | B8: COG | C8: 2019 | D8: Lower middle | E8: 43.066372 | F8: 58.222172 | G8: 50.823961 | H8: 585.91101 | I8: 5380.508 | J8: 585.91101 | K8: 48.558773 | L8: 1.0640442 | M8: 2016 | N8: 20.912502 | O8: ECCAS | P8: Middle-income | Q8: 3.4871681 | R8: 43.398785 | S8: 5.7772541
A9: Comoros | B9: COM | C9: 2019 | D9: Lower middle | E9: 27.033524 | F9: 45.446592 | G9: 27.013975 | H9: 439.4631 | I9: 850.886 | J9: 439.4631 | K9: 72.323799 | L9: 1.6992119 | M9: 2016 | N9: 19.55167 | O9: SADC | P9: Middle-income | Q9: 4.1375494 | R9: 52.743824 | S9: 20.242197
A10: Cabo Verde | B10: CPV | C10: 2016 | D10: Lower middle | E10: 32.863413 | F10: 35.787606 | G10: 71.087569 | H10: 99.68811 | I10: 531.146 | J10: 98.495178 | K10: 157.87758 | L10: 7.8133933 | M10: 2015 | N10: 50.515446 | O10: ECOWAS | P10: Middle-income | Q10: 10.392425 | R10: 20.909378 | S10: 8.0030527
A11: Ethiopia | B11: ETH | C11: 2017 | D11: Low | E11: 18.662367 | F11: 67.27584 | G11: 89.90588 | H11: 23.866104 | I11: 106399.92 | J11: 29.06975 | K11: 25.581903 | L11: 0.76860108 | M11: 2018 | N11: 4.774189 | O11: Other | P11: Low-income | Q11: 4.7883601 | R11: 2.6990519 | S11: 7.3950682
A12: Gabon | B12: GAB | C12: 2019 | D12: Upper middle | E12: 48.757774 | F12: 61.652774 | G12: 76.261402 | H12: 585.91101 | I12: 2172.579 | J12: 585.91101 | K12: 215.01915 | L12: 6.8190227 | M12: 2017 | N12: 104.83855 | O12: ECCAS | P12: Middle-income | Q12: 9.5915642 | R12: 23.562569 | S12: 0.17602925
A13: Ghana | B13: GHA | C13: 2015 | D13: Lower middle | E13: 25.763836 | F13: 69.288706 | G13: 98.468279 | H13: 3.7146416 | I13: 27849.205 | J13: 5.2173667 | K13: 87.82003 | L13: 1.0638487 | M13: 2019 | N13: 21.679375 | O13: ECOWAS | P13: Middle-income | Q13: 8.5578575 | R13: 0.048568171 | S13: 1.4831527
... A25: Sierra Leone | B25: SLE | C25: 2018 | D25: Low | E25: 33.232562 | F25: 56.54561 | G25: 15.777281 | H25: 7931.6318 | I25: 7650.15 | J25: 9010.2207 | K25: 42.332474 | L25: 0.73985487 | M25: 2018 | N25: 14.068165 | O25: ECOWAS | P25: Low-income | Q25: 3.5992196 | R25: 60.312431 | S25: 23.910286
A26: South Sudan | B26: SSD | C26: 2017 | D26: Low | E26: 24.952584 | F26: 89.351192 | G26: 30.229429 | H26: 113.6475 | I26: 10910.763 | J26: 157.99916 | K26: 31.630802 | N26: 7.8927021 | O26: Other | P26: Low-income | Q26: 2.1062052 | R26: 2.5843747 | S26: 67.186195
A27: Sao Tome and Principe | B27: STP | C27: 2017 | D27: Lower middle | E27: 47.74081 | F27: 76.735081 | G27: 73.980807 | H27: 21.741138 | I27: 207.089 | J27: 21.884743 | K27: 126.08411 | L27: 3.1588606 | M27: 2015 | N27: 60.193577 | O27: ECCAS | P27: Middle-income | Q27: 10.762632 | R27: 12.771232 | S27: 13.24796
A28: Eswatini | B28: SWZ | C28: 2017 | D28: Lower middle | E28: 36.157225 | F28: 41.983744 | G28: 58.922618 | H28: 13.323801 | I28: 1124.805 | J28: 14.451789 | K28: 265.11392 | L28: 0.96050787 | M28: 2017 | N28: 95.857849 | O28: SADC | P28: Middle-income | Q28: 9.9682932 | R28: 18.110748 | S28: 22.966635
A29: Chad | B29: TCD | C29: 2018 | D29: Low | E29: 35.310312 | F29: 66.205999 | G29: 31.398584 | H29: 555.44647 | I29: 15477.729 | J29: 585.91101 | K29: 28.590483 | L29: 0.54242579 | M29: 2019 | N29: 10.095389 | O29: ECCAS | P29: Low-income | Q29: 5.2271085 | R29: 54.274082 | S29: 14.327333
A30: Togo | B30: TGO | C30: 2019 | D30: Low | E30: 25.08889 | F30: 53.264435 | G30: 32.009066 | H30: 585.91101 | I30: 8082.366 | J30: 585.91101 | K30: 51.155029 | L30: 0.77576361 | M30: 2019 | N30: 12.834229 | O30: WAEMU | P30: Low-income | Q30: 5.3817401 | R30: 54.735744 | S30: 13.255195
A31: Uganda | B31: UGA | C31: 2019 | D31: Low | E31: 27.683328 | F31: 44.742015 | G31: 24.431809 | H31: 3704.0491 | I31: 44269.594 | J31: 3704.0491 | K31: 32.408443 | L31: 1.680489 | M31: 2017 | N31: 8.971735 | O31: Other | P31: Low-income | Q31: 3.1451955 | R31: 45.921585 | S31: 29.64661
A32: South Africa | B32: ZAF | C32: 2016 | D32: Upper middle | E32: 54.793439 | F32: 62.031868 | G32: 64.079555 | H32: 14.709611 | I32: 56207.646 | J32: 14.448427 | K32: 538.78699 | L32: 7.9225364 | M32: 2019 | N32: 295.21991 | O32: SADC | P32: Middle-income | Q32: 15.289785 | R32: 35.104065 | S32: 0.81638187
A33: Zambia | B33: ZMB | C33: 2016 | D33: Lower middle | E33: 26.773291 | F33: 69.446701 | G33: 99.318778 | H33: 10.3075 | I33: 16363.458 | J33: 12.89 | K33: 58.384441 | L33: 0.92523282 | M33: 2018 | N33: 15.631436 | O33: SADC | P33: Middle-income | Q33: 7.0453463 | R33: 0.21889035 | S33: 0.46233174
A34: Zimbabwe | B34: ZWE | C34: 2018 | D34: Lower middle | E34: 28.012556 | F34: 62.455734 | G34: 71.482507 | H34: 1 | I34: 14438.802 | J34: 1 | K34: 135.66473 | L34: 2.0957403 | M34: 2018 | N34: 38.003155 | O34: SADC | P34: Middle-income | Q34: 8.72929 | R34: 16.67371 | S34: 11.843782

Sheet GGHE D
A1: Country | B1: Domestic general government health expenditure (GGHE-D) as percentage of general government expenditure (GGE) (%) | C1: Domestic general government health expenditure (GGHE-D) as percentage of general government expenditure (GGE) (%) | D1: Domestic general government health expenditure (GGHE-D) as percentage of general government expenditure (GGE) (%) | E1: Domestic general government health expenditure (GGHE-D) as percentage of general government expenditure (GGE) (%) | F1: Domestic general government health expenditure (GGHE-D) as percentage of general government expenditure (GGE) (%) | G1: Domestic general government health expenditure (GGHE-D) as percentage of general government expenditure (GGE) (%) | H1: Domestic general government health expenditure (GGHE-D) as percentage of general government expenditure (GGE) (%) | I1: Domestic general government health expenditure (GGHE-D) as percentage of general government expenditure (GGE) (%) | J1: Domestic general government health expenditure (GGHE-D) as percentage of general government expenditure (GGE) (%) | K1: Domestic general government health expenditure (GGHE-D) as percentage of general government expenditure (GGE) (%) | L1: Domestic general government health expenditure (GGHE-D) as percentage of general government expenditure (GGE) (%) | M1: Domestic general government health expenditure (GGHE-D) as percentage of general government expenditure (GGE) (%) | N1: Domestic general government health expenditure (GGHE-D) as percentage of general government expenditure (GGE) (%) | O1: Domestic general government health expenditure (GGHE-D) as percentage of general government expenditure (GGE) (%) | P1: Domestic general government health expenditure (GGHE-D) as percentage of general government expenditure (GGE) (%) | Q1: Domestic general government health expenditure (GGHE-D) as percentage of general government expenditure (GGE) (%) | R1: Domestic general government health expenditure (GGHE-D) as percentage of general government expenditure (GGE) (%) | S1: Domestic general government health expenditure (GGHE-D) as percentage of general government expenditure (GGE) (%) | T1: Domestic general government health expenditure (GGHE-D) as percentage of general government expenditure (GGE) (%) | U1: Domestic general government health expenditure (GGHE-D) as percentage of general government expenditure (GGE) (%) | V1: Domestic general government health expenditure (GGHE-D) as percentage of general government expenditure (GGE) (%) | W1: Domestic general government health expenditure (GGHE-D) as percentage of general government expenditure (GGE) (%)
A2: Countries, territories and areas | B2: 2021 | C2: 2020 | D2: 2019 | E2: 2018 | F2: 2017 | G2: 2016 | H2: 2015 | I2: 2014 | J2: 2013 | K2: 2012 | L2: 2011 | M2: 2010 | N2: 2009 | O2: 2008 | P2: 2007 | Q2: 2006 | R2: 2005 | S2: 2004 | T2: 2003 | U2: 2002 | V2: 2001 | W2: 2000
A3: Afghanistan | B3: 4.05 | C3: 4.25 | D3: 1.78 | E3: 1.91 | F3: 2.32 | G3: 2.14 | H3: 2.01 | I3: 1.86 | J3: 1.78 | K3: 1.37 | L3: 2.19 | M3: 2.26 | N3: 2.51 | O3: 3 | P3: 2.61 | Q3: 2.72 | R3: 3.37 | S3: 3.6 | T3: 5.46 | U3: 1.21
A4: Albania | B4: 9.14 | C4: 9.19 | D4: 10.07 | E4: 9.89 | F4: 9.51 | G4: 9.89 | H4: 8.8 | I4: 8.17 | J4: 8.83 | K4: 8.7 | L4: 8.29 | M4: 8.09 | N4: 7.22 | O4: 7.25 | P4: 9.38 | Q4: 9.03 | R4: 9.3 | S4: 9.35 | T4: 9 | U4: 8.21 | V4: 8.42 | W4: 8.17
A5: Algeria | B5: 8.82 | C5: 8.83 | D5: 8.83 | E5: 10.61 | F5: 10.61 | G5: 10.61 | H5: 10.6 | I5: 11.42 | J5: 11.7 | K5: 10.06 | L5: 9.03 | M5: 9.19 | N5: 8.64 | O5: 7.69 | P5: 7.63 | Q5: 7.85 | R5: 7.76 | S5: 8.67 | T5: 9.44 | U5: 7.97 | V5: 9.27 | W5: 8.78
A6: Andorra | B6: 15.73 | C6: 14.68 | D6: 14.59 | E6: 14.54 | F6: 14.12 | G6: 11.51 | H6: 15.76 | I6: 21.67 | J6: 11.19 | K6: 15.34 | L6: 23.77 | M6: 24.47 | N6: 16.82 | O6: 24.75 | P6: 21.77 | Q6: 23.4 | R6: 18.84 | S6: 27.78 | T6: 30.26 | U6: 30.31 | V6: 18.4 | W6: 30.57
A7: Angola | B7: 8.78 | C7: 7.31 | D7: 5.51 | E7: 5.36 | F7: 5.36 | G7: 5.43 | H7: 4.56 | I7: 3.62 | J7: 4.58 | K7: 4.2 | L7: 4.58 | M7: 4.25 | N7: 5.78 | O7: 4.06 | P7: 4.52 | Q7: 4.72 | R7: 4.82 | S7: 5.66 | T7: 4.26 | U7: 4.19 | V7: 5.97 | W7: 2.74
A8: Antigua and Barbuda | B8: 15.54 | C8: 13.78 | D8: 11.3 | E8: 13.07 | F8: 11.61 | G8: 11.61 | H8: 11.82 | I8: 15.11 | J8: 13.3 | K8: 14.63 | L8: 12.99 | M8: 13.9 | N8: 6.33 | O8: 8.08 | P8: 8.45 | Q8: 8.37 | R8: 11.53 | S8: 12.13 | T8: 12.45 | U8: 10.65 | V8: 12.12 | W8: 11.86
A9: Argentina | B9: 16.22 | C9: 15.74 | D9: 16.13 | E9: 15.48 | F9: 16.04 | G9: 15.52 | H9: 16.5 | I9: 16.29 | J9: 16.54 | K9: 16.66 | L9: 16.28 | M9: 16.69 | N9: 16.42 | O9: 14.66 | P9: 14.4 | Q9: 15.1 | R9: 16.02 | S9: 16.26 | T9: 17.13 | U9: 18.46 | V9: 17.37 | W9: 17.82
A10: Armenia | B10: 7.63 | C10: 7.69 | D10: 5.67 | E10: 5.13 | F10: 5.27 | G10: 6.05 | H10: 6.12 | I10: 6.28 | J10: 5.78 | K10: 7.04 | L10: 6.7 | M10: 6.44 | N10: 6.34 | O10: 6.69 | P10: 7.2 | Q10: 7.93 | R10: 7.44 | S10: 6.28 | T10: 5.38 | U10: 5.33 | V10: 5.66 | W10: 3.87
A11: Australia | B11: 19.32 | C11: 17.06 | D11: 17.11 | E11: 18.49 | F11: 18.54 | G11: 18.48 | H11: 18.31 | I11: 17.64 | J11: 15.4 | K11: 16.19 | L11: 16.32 | M11: 16.11 | N11: 15.88 | O11: 15.61 | P11: 16.49 | Q11: 15.94 | R11: 15.9 | S11: 15.95 | T11: 15.48 | U11: 15.51 | V11: 14.71 | W11: 14.6
A12: Austria | B12: 16.89 | C12: 15.39 | D12: 16.13 | E12: 15.81 | F12: 15.55 | G12: 14.96 | H12: 14.69 | I12: 14.34 | J12: 14.37 | K12: 14.51 | L12: 14.32 | M12: 14 | N12: 13.76 | O12: 14.39 | P12: 14.09 | Q12: 13.78 | R12: 13.67 | S12: 13.03 | T12: 13.62 | U12: 13.51 | V12: 13.29 | W12: 13.38
A13: Azerbaijan | B13: 4.59 | C13: 5.77 | D13: 3.29 | E13: 2.68 | F13: 2.82 | G13: 3.29 | H13: 3.37 | I13: 3.11 | J13: 2.82 | K13: 3.05 | L13: 2.82 | M13: 3.17 | N13: 3.28 | O13: 2.75 | P13: 3.49 | Q13: 3.43 | R13: 3.96 | S13: 3.56 | T13: 3.57 | U13: 3.19 | V13: 4.8 | W13: 4.75
A14: Bahamas | B14: 13.75 | C14: 15.4 | D14: 15.03 | E14: 15.41 | F14: 15.98 | G14: 14.19 | H14: 12.84 | I14: 14.21 | J14: 14.02 | K14: 14.06 | L14: 13.9 | M14: 15.44 | N14: 15.01 | O14: 14.47 | P14: 13.5 | Q14: 12.73 | R14: 12.86 | S14: 13.04 | T14: 13.16 | U14: 12.95 | V14: 13.24 | W14: 12.66
A15: Bahrain | B15: 8.69 | C15: 8.67 | D15: 7.06 | E15: 7.23 | F15: 7.98 | G15: 8.53 | H15: 8.87 | I15: 10.09 | J15: 8.46 | K15: 8.3 | L15: 8.05 | M15: 8.23 | N15: 11.17 | O15: 8.83 | P15: 9.07 | Q15: 8.94 | R15: 9.14 | S15: 9.04 | T15: 8.76 | U15: 8.22 | V15: 9.03 | W15: 10.27
... A82: Iran (Islamic Republic of) | B82: 26.11 | C82: 21.36 | D82: 19.73 | E82: 22.54 | F82: 21.07 | G82: 21.08 | H82: 22.6 | I82: 22.6 | J82: 16.05 | K82: 15.96 | L82: 12.04 | M82: 12.52 | N82: 12.38 | O82: 9.48 | P82: 11.53 | Q82: 9.61 | R82: 9.01 | S82: 10.16 | T82: 10.21 | U82: 9.57 | V82: 11.87 | W82: 10.95
A83: Iraq | B83: 6.99 | C83: 6.15 | D83: 5.99 | E83: 6.43 | F83: 4.79 | G83: 5.98 | H83: 1.68 | I83: 2.37 | J83: 2.38 | K83: 2.35 | L83: 4.8 | M83: 4.8 | N83: 4.91 | O83: 4.14 | P83: 4.42 | Q83: 3.05 | R83: 3.2 | S83: 2.98 | T83: 3.13
A84: Ireland | B84: 20.96 | C84: 20.29 | D84: 20.54 | E84: 18.71 | F84: 19.88 | G84: 19.27 | H84: 18.12 | I84: 18.02 | J84: 17.92 | K84: 17.93 | L84: 16.18 | M84: 12.35 | N84: 17.3 | O84: 17.42 | P84: 17.36 | Q84: 17.43 | R84: 18.25 | S84: 17.36 | T84: 16.9 | U84: 16.03 | V84: 15.59 | W84: 14.96
A85: Israel | B85: 13.19 | C85: 11.75 | D85: 11.88 | E85: 11.76 | F85: 11.76 | G85: 11.69 | H85: 11.68 | I85: 11.42 | J85: 10.92 | K85: 10.83 | L85: 10.67 | M85: 10.67 | N85: 10.02 | O85: 9.95 | P85: 9.92 | Q85: 9.87 | R85: 9.59 | S85: 9.6 | T85: 9.26 | U85: 8.7 | V85: 9.35 | W85: 9.43
A86: Italy | B86: 12.36 | C86: 12.87 | D86: 13.17 | E86: 13.25 | F86: 13.12 | G86: 13.23 | H86: 13.1 | I86: 13.15 | J86: 13.05 | K86: 13.17 | L86: 13.74 | M86: 14.01 | N86: 13.71 | O86: 13.86 | P86: 13.48 | Q86: 13.72 | R86: 13.68 | S86: 13.28 | T86: 12.51 | U86: 12.63 | V86: 12.2 | W86: 11.81
A87: Jamaica | B87: 16.18 | C87: 13.99 | D87: 13.32 | E87: 13.04 | F87: 13.95 | G87: 12.68 | H87: 12.82 | I87: 11.25 | J87: 10.77 | K87: 9.16 | L87: 9.53 | M87: 9.03 | N87: 7.45 | O87: 8.36 | P87: 8.23 | Q87: 6.26 | R87: 7.43 | S87: 7.65 | T87: 6.14 | U87: 8.67 | V87: 8.2 | W87: 11.84
A88: Japan | B88: 21.45 | C88: 20.96 | D88: 24.7 | E88: 24.49 | F88: 24.46 | G88: 23.18 | H88: 23.15 | I88: 22.57 | J88: 22.22 | K88: 22.22 | L88: 21.69 | M88: 18.93 | N88: 18.06 | O88: 18.1 | P88: 18.23 | Q88: 17.87 | R88: 17.75 | S88: 17.2 | T88: 16.36 | U88: 16.06 | V88: 15.95 | W88: 15.07
A89: Jordan | B89: 7.91 | C89: 8.89 | D89: 10.11 | E89: 9.98 | F89: 11.1 | G89: 11.24 | H89: 12.22 | I89: 13.06 | J89: 13.13 | K89: 13.67 | L89: 15.42 | M89: 17.02 | N89: 17.92 | O89: 15.13 | P89: 12.52 | Q89: 11.36 | R89: 11.79 | S89: 9.4 | T89: 11.37 | U89: 13.38 | V89: 13.61 | W89: 12.69
A90: Kazakhstan | B90: 11.62 | C90: 10.06 | D90: 8.25 | E90: 9.1 | F90: 7.86 | G90: 9.48 | H90: 8.39 | I90: 10.03 | J90: 9.32 | K90: 9.45 | L90: 8.68 | M90: 8.21 | N90: 11.32 | O90: 8.37 | P90: 7.56 | Q90: 11.69 | R90: 11.51 | S90: 10.91 | T90: 9.56 | U90: 9.42 | V90: 8.41 | W90: 9.25
A91: Kenya | B91: 9.29 | C91: 8.91 | D91: 8.23 | E91: 7.23 | F91: 6.8 | G91: 8.03 | H91: 8.07 | I91: 7.85 | J91: 7.15 | K91: 7.36 | L91: 7.98 | M91: 7.24 | N91: 7.2 | O91: 7.17 | P91: 7.04 | Q91: 6.81 | R91: 6.89 | S91: 6.99 | T91: 7.02 | U91: 7.09 | V91: 7.09 | W91: 7.09
A92: Kiribati | B92: 9.97 | C92: 9.3 | D92: 8.52 | E92: 8.09 | F92: 9.03 | G92: 7.78 | H92: 6.69 | I92: 7.28 | J92: 9.16 | K92: 8.36 | L92: 9.29 | M92: 10.45 | N92: 10.9 | O92: 12.69 | P92: 11.38 | Q92: 11.41 | R92: 11.41 | S92: 11.41 | T92: 11.41 | U92: 11.41 | V92: 11.41 | W92: 11.41
A93: Kuwait | B93: 9.92 | C93: 8.52 | D93: 8.91 | E93: 8.84 | F93: 7.67 | G93: 7.47 | H93: 6.57 | I93: 5.57 | J93: 5.48 | K93: 5.02 | L93: 5.05 | M93: 5.04 | N93: 5.23 | O93: 3.72 | P93: 4.9 | Q93: 4.37 | R93: 5.46 | S93: 5.26 | T93: 5.73 | U93: 5.73 | V93: 5.86 | W93: 4.37
A94: Kyrgyzstan | B94: 8.56 | C94: 6.92 | D94: 7.09 | E94: 7.33 | F94: 6.34 | G94: 6.42 | H94: 7.12 | I94: 7.14 | J94: 10.35 | K94: 10.4 | L94: 9.88 | M94: 9.2 | N94: 10.7 | O94: 10.39 | P94: 10.43 | Q94: 14.46 | R94: 13.07 | S94: 8.21 | T94: 8.07 | U94: 7.56 | V94: 7.13 | W94: 7.06
A95: Lao People's Democratic Republic | B95: 4.41 | C95: 4.26 | D95: 5.12 | E95: 4.16 | F95: 4.08 | G95: 3.66 | H95: 3.35 | I95: 2.74 | J95: 2.94 | K95: 1.77 | L95: 1.82 | M95: 2.69 | N95: 5.7 | O95: 3.2 | P95: 3.78 | Q95: 4.36 | R95: 5.91 | S95: 5.85 | T95: 6.83 | U95: 6.13 | V95: 7.06 | W95: 6.2
... A99: Liberia | B99: 3.66 | C99: 2.65 | D99: 4.2 | E99: 5.17 | F99: 3.96 | G99: 3.9 | H99: 3.24 | I99: 2.46 | J99: 1.25 | K99: 5.05 | L99: 5.05 | M99: 5.05 | N99: 5.05 | O99: 4.25 | P99: 4.25 | Q99: 4.25 | R99: 4.25 | S99: 4.25 | T99: 4.25 | U99: 4.25 | V99: 4.25 | W99: 4.25
A100: Libya | L100: 6.42 | M100: 4.33 | N100: 4.09 | O100: 3.7 | P100: 4.81 | Q100: 5.28 | R100: 5.78 | S100: 5.42 | T100: 6.31 | U100: 7.76 | V100: 5.78 | W100: 6.04
A101: Lithuania | B101: 14.01 | C101: 12.06 | D101: 13.1 | E101: 12.67 | F101: 12.7 | G101: 12.75 | H101: 12.2 | I101: 11.87 | J101: 11.3 | K101: 11.55 | L101: 10.73 | M101: 11.43 | N101: 11.78 | O101: 11.67 | P101: 10.75 | Q101: 10.62 | R101: 10.05 | S101: 10.13 | T101: 13.68 | U101: 12.71 | V101: 11.37 | W101: 10.57
A102: Luxembourg | B102: 11.48 | C102: 10.72 | D102: 10.89 | E102: 10.6 | F102: 10.55 | G102: 10.69 | H102: 10.63 | I102: 10.85 | J102: 10.65 | K102: 10.59 | L102: 11.96 | M102: 13.62 | N102: 14.12 | O102: 14.4 | P102: 14.06 | Q102: 14.12 | R102: 13.8 | S102: 14.09 | T102: 13.47 | U102: 13.59 | V102: 14.06 | W102: 12.99
A103: Madagascar | B103: 5.27 | C103: 4.22 | D103: 4.44 | E103: 10.48 | F103: 15.03 | G103: 17.51 | H103: 15.27 | I103: 13.92 | J103: 10.27 | K103: 12.94 | L103: 13.94 | M103: 15.21 | N103: 10.45 | O103: 8.98 | P103: 11.84 | Q103: 10.25 | R103: 10.54 | S103: 10.03 | T103: 13.1 | U103: 14.02 | V103: 12.02 | W103: 12.04
A104: Malawi | B104: 5.76 | C104: 6.87 | D104: 8.67 | E104: 8.67 | F104: 8.19 | G104: 9.68 | H104: 9.73 | I104: 8.58 | J104: 7.16 | K104: 5.1 | L104: 6.78 | M104: 5.77 | N104: 5.23 | O104: 6.62 | P104: 3.54 | Q104: 5.29 | R104: 6.04 | S104: 5 | T104: 7.63 | U104: 7.04 | V104: 7.04 | W104: 7.04
A105: Malaysia | B105: 10.11 | C105: 8.69 | D105: 8.52 | E105: 8.45 | F105: 8.72 | G105: 8.26 | H105: 8.23 | I105: 7.82 | J105: 6.82 | K105: 6.54 | L105: 6.52 | M105: 6.31 | N105: 5.87 | O105: 5.93 | P105: 6.28 | Q105: 6.55 | R105: 5.55 | S105: 5.63 | T105: 5.41 | U105: 5.04 | V105: 4.79 | W105: 4.58
A106: Maldives | B106: 18.17 | C106: 18.17 | D106: 17.85 | E106: 17.68 | F106: 21.47 | G106: 19.75 | H106: 18.45 | I106: 16.86 | J106: 15.93 | K106: 14.14 | L106: 11.76 | M106: 13.54 | N106: 15.74 | O106: 17.99 | P106: 11.25 | Q106: 8.45 | R106: 7.65 | S106: 9.6 | T106: 8.14 | U106: 8.62 | V106: 9.03 | W106: 8.83
A107: Mali | B107: 4.96 | C107: 5.37 | D107: 4.84 | E107: 5.67 | F107: 5.14 | G107: 5.43 | H107: 4.39 | I107: 4.45 | J107: 4.13 | K107: 2.66 | L107: 2.94 | M107: 3.3 | N107: 2.93 | O107: 3.79 | P107: 4.64 | Q107: 5.55 | R107: 6.46 | S107: 7.3 | T107: 6.79 | U107: 5.57 | V107: 5.75 | W107: 6.67
A108: Malta | B108: 16.23 | C108: 15.63 | D108: 15.91 | E108: 15.01 | F108: 15.94 | G108: 15.54 | H108: 14.05 | I108: 13.9 | J108: 14.06 | K108: 13.05 | L108: 12.98 | M108: 12.79 | N108: 12.5 | O108: 12.07 | P108: 13.33 | Q108: 14.3 | R108: 14.12 | S108: 13.37 | T108: 12.28 | U108: 13.11 | V108: 11.58 | W108: 11.78
A109: Marshall Islands | B109: 7.95 | C109: 8.8 | D109: 10.51 | E109: 12.26 | F109: 9.67 | G109: 12.15 | H109: 11.57 | I109: 11.64 | J109: 11.92 | K109: 11.4 | L109: 10.53 | M109: 7.67 | N109: 8.69 | O109: 8.98 | P109: 10.59 | Q109: 6.82 | R109: 6.55 | S109: 12.14 | T109: 11.41 | U109: 11.45 | V109: 13.46 | W109: 17.09
A110: Mauritania | B110: 8.34 | C110: 8.2 | D110: 7.13 | E110: 5.91 | F110: 6.07 | G110: 5.76 | H110: 5.53 | I110: 5.24 | J110: 5.39 | K110: 4.17 | L110: 4.4 | M110: 4.22 | N110: 4.48 | O110: 4.48 | P110: 3.89 | Q110: 3.56 | R110: 3.84 | S110: 2.96 | T110: 2.61 | U110: 3.58 | V110: 2.42 | W110: 2.51
A111: Mauritius | B111: 10.2 | C111: 10.2 | D111: 10.2 | E111: 10.2 | F111: 10.2 | G111: 10.2 | H111: 9.46 | I111: 10.53 | J111: 8.01 | K111: 8.32 | L111: 7.36 | M111: 8.3 | N111: 6.28 | O111: 6.12 | P111: 6.84 | Q111: 7.3 | R111: 7.36 | S111: 7.99 | T111: 7.12 | U111: 7.25 | V111: 7.02 | W111: 6.88
A112: Mexico | B112: 11.03 | C112: 11.52 | D112: 10.32 | E112: 10.41 | F112: 10.73 | G112: 10.41 | H112: 10.86 | I112: 10.35 | J112: 11.24 | K112: 10.66 | L112: 10.51 | M112: 10.41 | N112: 10.29 | O112: 9.43 | P112: 10.71 | Q112: 10.73 | R112: 11.14 | S112: 12.07 | T112: 10.69 | U112: 10.43 | V112: 10.26 | W112: 9.9
... A115: Mongolia | B115: 12.63 | C115: 6.92 | D115: 6.88 | E115: 7.38 | F115: 7.02 | G115: 6.46 | H115: 7.73 | I115: 7.49 | J115: 7.11 | K115: 6.5 | L115: 5.62 | M115: 7.74 | N115: 8.75 | O115: 8.55 | P115: 8.16 | Q115: 9.51 | R115: 9.05 | S115: 8.35 | T115: 8.28 | U115: 10.05 | V115: 9.95 | W115: 12.25
A116: Montenegro | B116: 14.4 | C116: 13.13 | D116: 11.52 | E116: 10.53 | F116: 9.73 | G116: 10.92 | H116: 11.63 | I116: 10.98 | J116: 10.69 | K116: 11.61 | L116: 10.73
A117: Morocco | B117: 7.18 | C117: 7.22 | D117: 7.39 | E117: 7.18 | F117: 7.12 | G117: 7.02 | H117: 6.98 | I117: 6.84 | J117: 7.65 | K117: 7.17 | L117: 7.22 | M117: 7.53 | N117: 7.57 | O117: 6.68 | P117: 6.83 | Q117: 6.48 | R117: 3.85 | S117: 4.13 | T117: 4.14 | U117: 4.19 | V117: 4.23 | W117: 4.12
A118: Mozambique | B118: 8.15 | C118: 7.29 | D118: 6.17 | E118: 5.76 | F118: 6 | G118: 6 | H118: 5.55 | I118: 4.32 | J118: 4.73 | K118: 4.39 | L118: 4.34 | M118: 4.67 | N118: 4.97 | O118: 5.67 | P118: 5.6 | Q118: 5.67 | R118: 8.4 | S118: 6.32 | T118: 6.32 | U118: 6.32 | V118: 6.32 | W118: 6.32
A119: Myanmar | B119: 4.39 | C119: 3.23 | D119: 3.28 | E119: 3.45 | F119: 3.62 | G119: 3.05 | H119: 4.98 | I119: 4.47 | J119: 2.71 | K119: 2.32 | L119: 1.65 | M119: 1.35 | N119: 1.44 | O119: 1.32 | P119: 1.43 | Q119: 1.91 | R119: 1.29 | S119: 1.92 | T119: 1.88 | U119: 2.6 | V119: 1.41 | W119: 1.36
A120: Namibia | B120: 11.24 | C120: 10.65 | D120: 10.65 | E120: 10.65 | F120: 10.65 | G120: 10.47 | H120: 9.65 | I120: 9.29 | J120: 10.91 | K120: 11.05 | L120: 10.64 | M120: 11.91 | N120: 10.82 | O120: 14.55 | P120: 17.98 | Q120: 15.75 | R120: 16.27 | S120: 17.39 | T120: 16.82 | U120: 17.18 | V120: 15.98 | W120: 15.98
A121: Nauru | B121: 9.14 | C121: 8.02 | D121: 9.19 | E121: 10.8 | F121: 8.26 | G121: 10.33 | H121: 9.89 | I121: 10.09 | J121: 8.07 | K121: 8.76 | L121: 12.48 | M121: 10.25 | N121: 9.25 | O121: 13.32 | P121: 25.45 | Q121: 26.08 | R121: 25.37 | S121: 21.15 | T121: 21.32 | U121: 19.85 | V121: 21.98 | W121: 23.97
A122: Nepal | B122: 6.49 | C122: 5.67 | D122: 4.03 | E122: 3.81 | F122: 4.51 | G122: 5.31 | H122: 5.15 | I122: 5.27 | J122: 4.88 | K122: 4.69 | L122: 4.87 | M122: 4.81 | N122: 4.69 | O122: 5.31 | P122: 5.18 | Q122: 7.58 | R122: 6.25 | S122: 5.48 | T122: 5.52 | U122: 6.1 | V122: 4.53 | W122: 4.25
A123: Netherlands (Kingdom of the) | B123: 16.86 | C123: 16.14 | D123: 15.89 | E123: 15.58 | F123: 15.31 | G123: 15.44 | H123: 15.2 | I123: 15.55 | J123: 15.59 | K123: 15.34 | L123: 14.84 | M123: 14.42 | N123: 14.2 | O123: 14.42 | P123: 13.97 | Q123: 13.81 | R123: 14.59 | S123: 14.29 | T123: 14.19 | U123: 13.83 | V123: 13 | W123: 12.53
A124: New Zealand | B124: 18.57 | C124: 18.85 | D124: 18.6 | E124: 18.96 | F124: 19.28 | G124: 19.23 | H124: 18.89 | I124: 19.46 | J124: 19.2 | K124: 19.18 | L124: 17.85 | M124: 17.6 | N124: 18.72 | O124: 18.36 | P124: 18.14 | Q124: 17.94 | R124: 17.38 | S124: 17 | T124: 16.22 | U124: 16.28 | V124: 15.17 | W124: 14.71
A125: Nicaragua | B125: 20.09 | C125: 18.38 | D125: 18.96 | E125: 18.74 | F125: 17.82 | G125: 17.39 | H125: 17.63 | I125: 16.91 | J125: 15.99 | K125: 15.57 | L125: 15 | M125: 15.74 | N125: 16.77 | O125: 14.58 | P125: 14.68 | Q125: 13.41 | R125: 11.79 | S125: 10.92 | T125: 12.24 | U125: 13.15 | V125: 12.79 | W125: 12.48
A126: Niger | B126: 8.75 | C126: 10.34 | D126: 9.38 | E126: 8.35 | F126: 9.66 | G126: 5.69 | H126: 4.59 | I126: 5.4 | J126: 6.56 | K126: 6.25 | L126: 8.3 | M126: 9.18 | N126: 8.69 | O126: 9.19 | P126: 8.63 | Q126: 13.54 | R126: 12.35 | S126: 7.35 | T126: 7.63 | U126: 8.36 | V126: 8.34 | W126: 8.37
A127: Nigeria | B127: 4.06 | C127: 4.19 | D127: 3.75 | E127: 3.88 | F127: 4.44 | G127: 4.87 | H127: 5.33 | I127: 3.34 | J127: 3.46 | K127: 3.67 | L127: 2.77 | M127: 2.7 | N127: 3.69 | O127: 4.59 | P127: 4.29 | Q127: 7.32 | R127: 6.41 | S127: 6.55 | T127: 4.01 | U127: 2.74 | V127: 2.78 | W127: 2.37
A128: Niue | B128: 6.48 | C128: 5.76 | D128: 4.85 | E128: 4.9 | F128: 5 | G128: 4.97 | H128: 5.59 | I128: 6.03 | J128: 5.59 | K128: 4.82 | L128: 9.11 | M128: 6.94 | N128: 18.99 | O128: 15.79 | P128: 11.84 | Q128: 39.68 | R128: 7.17 | S128: 9.99 | T128: 9.38 | U128: 9.89 | V128: 30.24 | W128: 6.55
... A162: South Africa | B162: 15.29 | C162: 15.29 | D162: 15.29 | E162: 15.29 | F162: 15.29 | G162: 15.29 | H162: 15.24 | I162: 14.92 | J162: 14.34 | K162: 14.47 | L162: 14.68 | M162: 14.14 | N162: 13.37 | O162: 13.01 | P162: 13.51 | Q162: 13.1 | R162: 10.92 | S162: 12.03 | T162: 12.34 | U162: 10.38 | V162: 10.62 | W162: 11.86
A163: South Sudan | B163: 2.11 | C163: 2.11 | D163: 2.11 | E163: 2.11 | F163: 2.11
A164: Spain | B164: 15.19 | C164: 15.13 | D164: 15.26 | E164: 15.11 | F164: 15.27 | G164: 15.08 | H164: 14.77 | I164: 14.08 | J164: 13.87 | K164: 13.34 | L164: 14.6 | M164: 14.75 | N164: 14.79 | O164: 14.82 | P164: 14.59 | Q164: 14.69 | R164: 14.38 | S164: 14.07 | T164: 14.01 | U164: 12.67 | V164: 12.68 | W164: 12.57
A165: Sri Lanka | B165: 9.49 | C165: 9.49 | D165: 9.49 | E165: 9.49 | F165: 7.64 | G165: 8.56 | H165: 8.4 | I165: 9.03 | J165: 10.1 | K165: 8.06 | L165: 7.97 | M165: 7.83 | N165: 7.84 | O165: 8.73 | P165: 9.33 | Q165: 9.56 | R165: 10.14 | S165: 11.05 | T165: 10.38 | U165: 10.37 | V165: 9.52 | W165: 10.14
A166: Sudan | B166: 7.86 | C166: 9.59 | D166: 5.56 | E166: 6.17 | F166: 8.32 | G166: 12.93 | H166: 6.66 | I166: 10.62 | J166: 7.52 | K166: 9.06 | L166: 7.04 | M166: 9.49 | N166: 14.02 | O166: 8.79 | P166: 10.47 | Q166: 9.44 | R166: 8.1 | S166: 9.53 | T166: 10.07 | U166: 10.71 | V166: 11.37 | W166: 11.77
A167: Suriname | B167: 10.02 | C167: 14.77 | D167: 15.73 | E167: 17.45 | F167: 11.39 | G167: 13.71 | H167: 10.86 | I167: 6.9 | J167: 7.03 | K167: 6.59 | L167: 8.51 | M167: 9.47 | N167: 9.52 | O167: 10.23 | P167: 11.44 | Q167: 12.23 | R167: 10.64 | S167: 11.68 | T167: 11.15 | U167: 11.07 | V167: 8.52 | W167: 11.65
A168: Sweden | B168: 19.55 | C168: 18.76 | D168: 18.77 | E168: 18.61 | F168: 18.56 | G168: 18.39 | H168: 18.39 | I168: 18.14 | J168: 17.74 | K168: 17.73 | L168: 17.67 | M168: 13.6 | N168: 13.81 | O168: 13.54 | P168: 13.38 | Q168: 12.98 | R168: 12.83 | S168: 12.81 | T168: 12.85 | U168: 12.64 | V168: 12.36 | W168: 11.67
A169: Switzerland | B169: 11.72 | C169: 10.96 | D169: 11.2 | E169: 11.17 | F169: 11.09 | G169: 10.96 | H169: 10.73 | I169: 10.65 | J169: 10.44 | K169: 11 | L169: 10.73 | M169: 10.39 | N169: 9.97 | O169: 9.78 | P169: 9.56 | Q169: 9.34 | R169: 9.39 | S169: 9.31 | T169: 9.31 | U169: 8.84 | V169: 8.7 | W169: 7.84
A170: Syrian Arab Republic | K170: 4.47 | L170: 3.74 | M170: 5.12 | N170: 5.95 | O170: 6.84 | P170: 6.85 | Q170: 6.74 | R170: 7.34 | S170: 6.82 | T170: 7.51 | U170: 7.21 | V170: 6.65 | W170: 5.65
A171: Turkiye | B171: 11.53 | C171: 10.71 | D171: 9.5 | E171: 9.22 | F171: 9.74 | G171: 9.65 | H171: 9.69 | I171: 10.15 | J171: 10.09 | K171: 10.3 | L171: 11.12 | M171: 10.92 | N171: 11.67 | O171: 11.09 | P171: 10.77 | Q171: 10.41 | R171: 10.32 | S171: 10.19 | T171: 9.29 | U171: 8.64 | V171: 7.46 | W171: 7.19
A172: Tajikistan | B172: 7.02 | C172: 7.38 | D172: 6.58 | E172: 6.14 | F172: 5.88 | G172: 5.14 | H172: 6.41 | I172: 7.54 | J172: 6.83 | K172: 6.55 | L172: 5.43 | M172: 4.52 | N172: 4.57 | O172: 6.74 | P172: 5.33 | Q172: 4.27 | R172: 4.3 | S172: 4.41 | T172: 4.03 | U172: 4.21 | V172: 4.76 | W172: 4.62
A173: Thailand | B173: 13.47 | C173: 11.93 | D173: 12.51 | E173: 13 | F173: 13.1 | G173: 13.58 | H173: 12.53 | I173: 12.66 | J173: 12.16 | K173: 12.64 | L173: 12.84 | M173: 11.56 | N173: 12.46 | O173: 13.5 | P173: 12.38 | Q173: 12.12 | R173: 10.5 | S173: 10.71 | T173: 11.46 | U173: 8.72 | V173: 8.38 | W173: 9.25
A174: Timor-Leste | B174: 6.97 | C174: 6.59 | D174: 4.19 | E174: 4.62 | F174: 5.15 | G174: 3.07 | H174: 4.51 | I174: 3.72 | J174: 4.62 | K174: 3.21 | L174: 2.68 | M174: 2.71 | N174: 2.66 | O174: 2.78 | P174: 1.27 | Q174: 4 | R174: 3.63 | S174: 2.25 | T174: 1.62
A175: Togo | B175: 2.56 | C175: 3.85 | D175: 5.38 | E175: 5.49 | F175: 6.45 | G175: 4.26 | H175: 4.04 | I175: 4.56 | J175: 4.69 | K175: 6.11 | L175: 5.67 | M175: 7.45 | N175: 4.78 | O175: 4.84 | P175: 4.34 | Q175: 3.83 | R175: 3.8 | S175: 4.21 | T175: 4.24 | U175: 4.05 | V175: 2.99 | W175: 2.44
A176: Tonga | B176: 7.34 | C176: 7.88 | D176: 7.51 | E176: 8.07 | F176: 7.32 | G176: 8.03 | H176: 7.38 | I176: 9.18 | J176: 8.11 | K176: 8.69 | L176: 8.4 | M176: 10.07 | N176: 12.72 | O176: 12.08 | P176: 13.68 | Q176: 11.16 | R176: 13.11 | S176: 12.74 | T176: 12.09 | U176: 12.14 | V176: 12.74 | W176: 11.41
A177: Trinidad and Tobago | B177: 11.07 | C177: 9.56 | D177: 10.24 | E177: 10.67 | F177: 11.17 | G177: 10.17 | H177: 8.31 | I177: 7.47 | J177: 7.89 | K177: 7.66 | L177: 8.01 | M177: 8.04 | N177: 7.05 | O177: 6.55 | P177: 7.45 | Q177: 5.9 | R177: 8.03 | S177: 8.27 | T177: 8.56 | U177: 8.05 | V177: 7.02 | W177: 6.79
A178: Tunisia | B178: 12.4 | C178: 12.49 | D178: 12.08 | E178: 10.78 | F178: 11.56 | G178: 12.51 | H178: 12.18 | I178: 13.54 | J178: 12.5 | K178: 12.64 | L178: 12.39 | M178: 13.03 | N178: 12.08 | O178: 11.84 | P178: 11.85 | Q178: 11.73 | R178: 11.35 | S178: 11.55 | T178: 11.41 | U178: 10.99 | V178: 10.58 | W178: 10.54
A179: Turkmenistan | B179: 8.68 | C179: 8.71 | D179: 8.71 | E179: 8.71 | F179: 8.71 | G179: 8.71 | H179: 8.71 | I179: 8.71 | J179: 8.71 | K179: 8.71 | L179: 8.7 | M179: 8.71 | N179: 8.71 | O179: 8.71 | P179: 10.32 | Q179: 10.34 | R179: 10.27 | S179: 12.82 | T179: 14 | U179: 13.47 | V179: 13.36 | W179: 13.34
A180: Tuvalu | B180: 8.2 | C180: 12.1 | D180: 15.22 | E180: 12.26 | F180: 17.96 | G180: 12.99 | H180: 8.72 | I180: 12.67 | J180: 12.36 | K180: 15.51 | L180: 15.07 | M180: 13.99 | N180: 10.03 | O180: 11.08 | P180: 10.71 | Q180: 9.89 | R180: 11.57 | S180: 11.94 | T180: 12.86 | U180: 11.25 | V180: 11.46 | W180: 11.93
A181: Uganda | B181: 4.88 | C181: 4.4 | D181: 3.14 | E181: 4.17 | F181: 3.92 | G181: 5.18 | H181: 5.08 | I181: 7.01 | J181: 7.32 | K181: 7.05 | L181: 6.9 | M181: 7.11 | N181: 7.03 | O181: 7.25 | P181: 7.79 | Q181: 7.16 | R181: 7.13 | S181: 8.77 | T181: 8.95 | U181: 8.75 | V181: 8.33 | W181: 8.33
A182: Ukraine | B182: 10.15 | C182: 8.17 | D182: 7.66 | E182: 8.35 | F182: 8.45 | G182: 8.94 | H182: 8.57 | I182: 7.72 | J182: 6.94 | K182: 7.64 | L182: 7.49 | M182: 7.5 | N182: 7.92 | O182: 6.78 | P182: 8.16 | Q182: 8.7 | R182: 8.43 | S182: 8.18 | T182: 9.39 | U182: 8.11 | V182: 7.63 | W182: 7.08
A183: United Arab Emirates | B183: 12.89 | C183: 11.41 | D183: 7.92 | E183: 7.92 | F183: 7.81 | G183: 9.07 | H183: 9.07 | I183: 7.78 | J183: 8.53 | K183: 8.53 | L183: 8.53 | M183: 8.53 | N183: 8.53 | O183: 8.53 | P183: 8.53 | Q183: 8.53 | R183: 8.38 | S183: 7.94 | T183: 8.09 | U183: 7.8 | V183: 7.58 | W183: 7.57
A184: United Kingdom of Great Britain and Northern Ireland | B184: 22.36 | C184: 19.42 | D184: 19.53 | E184: 19.09 | F184: 18.87 | G184: 19.1 | H184: 18.73 | I184: 18.49 | J184: 18.2 | K184: 17.68 | L184: 17.63 | M184: 17.07 | N184: 17.29 | O184: 16.62 | P184: 17.2 | Q184: 17.27 | R184: 16.57 | S184: 16.72 | T184: 16.36 | U184: 16.29 | V184: 15.87 | W184: 15.6
A185: United Republic of Tanzania | B185: 5.14 | C185: 4.94 | D185: 9.44 | E185: 9.41 | F185: 9.52 | G185: 9.52 | H185: 7.33 | I185: 6.94 | J185: 6.31 | K185: 6.01 | L185: 6.76 | M185: 7.32 | N185: 7.58 | O185: 12.49 | P185: 10.89 | Q185: 13.51 | R185: 12.62 | S185: 11.55 | T185: 9.71 | U185: 9.79 | V185: 8.8 | W185: 6.05
A186: United States of America | B186: 21.41 | C186: 22.6 | D186: 22.45 | E186: 22.54 | F186: 22.54 | G186: 22.46 | H186: 22.32 | I186: 21.48 | J186: 20.36 | K186: 19.63 | L186: 18.85 | M186: 18.39 | N186: 18.19 | O186: 18.2 | P186: 18.5 | Q186: 18.57 | R186: 17.94 | S186: 17.93 | T186: 17.51 | U186: 17.22 | V186: 16.76 | W186: 16.16
... A189: Vanuatu | B189: 2.78 | C189: 5.93 | D189: 4.78 | E189: 6.44 | F189: 3.96 | G189: 3.66 | H189: 4.76 | I189: 2.52 | J189: 9.8 | K189: 9.4 | L189: 9.39 | M189: 6.85 | N189: 7.27 | O189: 8.18 | P189: 9.9 | Q189: 10.67 | R189: 11.7 | S189: 12.56 | T189: 13.21 | U189: 11.75 | V189: 11.27 | W189: 9.7
A190: Venezuela (Bolivarian Republic of) | B190: 5.46 | C190: 6.86 | D190: 1.81 | E190: 1.7
A191: Viet Nam | B191: 8.97 | C191: 8.43 | D191: 10.2 | E191: 10.22 | F191: 10.09 | G191: 9.6 | H191: 8.49 | I191: 9.12 | J191: 8.16 | K191: 9.52 | L191: 9.11 | M191: 8.61 | N191: 6.85 | O191: 8.12 | P191: 7.94 | Q191: 8.77 | R191: 8.67 | S191: 8.69 | T191: 7.16 | U191: 8.62 | V191: 8.2 | W191: 9.48
A192: Yemen | H192: 2.23 | I192: 2.82 | J192: 3.18 | K192: 3.43 | L192: 3.66 | M192: 3.85 | N192: 3.72 | O192: 3.89 | P192: 3.88 | Q192: 4.35 | R192: 4.5 | S192: 5.72 | T192: 6.81 | U192: 7.57 | V192: 8.13 | W192: 7.49
A193: Zambia | B193: 9.25 | C193: 10.56 | D193: 7.57 | E193: 7.53 | F193: 10.05 | G193: 7.16 | H193: 7.56 | I193: 7.78 | J193: 5.45 | K193: 7.06 | L193: 8.06 | M193: 8.63 | N193: 9.37 | O193: 8.15 | P193: 7.47 | Q193: 6.75 | R193: 5.54 | S193: 5.65 | T193: 5.32 | U193: 6.88 | V193: 6.88 | W193: 6.88
A194: Zimbabwe | B194: 5.21 | C194: 5.21 | D194: 3.94 | E194: 7.86 | F194: 5.56 | G194: 6.69 | H194: 7.56 | I194: 13.36 | J194: 9.65 | K194: 9.8 | L194: 9.12 | M194: 15.22

Sheet CHE
B1: Current health expenditure (CHE) as percentage of gross domestic product (GDP) (%) | C1: Current health expenditure (CHE) as percentage of gross domestic product (GDP) (%) | D1: Current health expenditure (CHE) as percentage of gross domestic product (GDP) (%) | E1: Current health expenditure (CHE) as percentage of gross domestic product (GDP) (%) | F1: Current health expenditure (CHE) as percentage of gross domestic product (GDP) (%) | G1: Current health expenditure (CHE) as percentage of gross domestic product (GDP) (%) | H1: Current health expenditure (CHE) as percentage of gross domestic product (GDP) (%) | I1: Current health expenditure (CHE) as percentage of gross domestic product (GDP) (%) | J1: Current health expenditure (CHE) as percentage of gross domestic product (GDP) (%) | K1: Current health expenditure (CHE) as percentage of gross domestic product (GDP) (%) | L1: Current health expenditure (CHE) as percentage of gross domestic product (GDP) (%) | M1: Current health expenditure (CHE) as percentage of gross domestic product (GDP) (%) | N1: Current health expenditure (CHE) as percentage of gross domestic product (GDP) (%) | O1: Current health expenditure (CHE) as percentage of gross domestic product (GDP) (%) | P1: Current health expenditure (CHE) as percentage of gross domestic product (GDP) (%) | Q1: Current health expenditure (CHE) as percentage of gross domestic product (GDP) (%) | R1: Current health expenditure (CHE) as percentage of gross domestic product (GDP) (%) | S1: Current health expenditure (CHE) as percentage of gross domestic product (GDP) (%) | T1: Current health expenditure (CHE) as percentage of gross domestic product (GDP) (%) | U1: Current health expenditure (CHE) as percentage of gross domestic product (GDP) (%) | V1: Current health expenditure (CHE) as percentage of gross domestic product (GDP) (%) | W1: Current health expenditure (CHE) as percentage of gross domestic product (GDP) (%)
A2: Countries, territories and areas | B2: 2021 | C2: 2020 | D2: 2019 | E2: 2018 | F2: 2017 | G2: 2016 | H2: 2015 | I2: 2014 | J2: 2013 | K2: 2012 | L2: 2011 | M2: 2010 | N2: 2009 | O2: 2008 | P2: 2007 | Q2: 2006 | R2: 2005 | S2: 2004 | T2: 2003 | U2: 2002 | V2: 2001 | W2: 2000
A3: Afghanistan | B3: 21.83 | C3: 15.53 | D3: 14.83 | E3: 14.21 | F3: 12.62 | G3: 11.82 | H3: 10.11 | I3: 9.53 | J3: 8.81 | K3: 7.9 | L3: 8.56 | M3: 8.57 | N3: 9.82 | O3: 10.26 | P3: 9.9 | Q3: 10.62 | R3: 9.95 | S3: 9.81 | T3: 8.94 | U3: 9.44
A4: Albania | B4: 7.27 | C4: 7.52 | D4: 6.86 | E4: 6.67 | F4: 6.58 | G4: 6.73 | H4: 6.46 | I4: 6.43 | J4: 6.28 | K4: 6.16 | L4: 6.18 | M4: 6.24 | N4: 5.83 | O4: 5.51 | P4: 5.93 | Q4: 5.63 | R4: 5.73 | S4: 5.89 | T4: 5.91 | U4: 5.66 | V4: 5.93 | W4: 5.94
A5: Algeria | B5: 5.53 | C5: 6.14 | D5: 5.87 | E5: 6.39 | F5: 6.53 | G5: 6.59 | H5: 6.96 | I5: 6.55 | J5: 6.04 | K5: 6 | L5: 5.27 | M5: 5.12 | N5: 5.36 | O5: 4.2 | P5: 3.82 | Q5: 3.36 | R5: 3.24 | S5: 3.54 | T5: 3.6 | U5: 3.73 | V5: 3.84 | W5: 3.49
A6: Andorra | B6: 8.33 | C6: 8.79 | D6: 7.32 | E6: 7.38 | F6: 7.07 | G6: 6.91 | H6: 6.92 | I6: 6.77 | J6: 6.8 | K6: 6.71 | L6: 7.62 | M6: 7.68 | N6: 6.08 | O6: 5.67 | P6: 4.92 | Q6: 4.97 | R6: 5.59 | S6: 5.29 | T6: 5.55 | U6: 6 | V6: 5.86 | W6: 5.95
A7: Angola | B7: 2.96 | C7: 3.22 | D7: 2.48 | E7: 2.59 | F7: 2.79 | G7: 2.71 | H7: 2.61 | I7: 2.43 | J7: 2.73 | K7: 2.4 | L7: 2.65 | M7: 2.7 | N7: 3.84 | O7: 3.32 | P7: 2.97 | Q7: 2.69 | R7: 2.85 | S7: 3.97 | T7: 3.55 | U7: 3.33 | V7: 4.48 | W7: 1.91
A8: Antigua and Barbuda | B8: 5.85 | C8: 5.92 | D8: 4.38 | E8: 4.85 | F8: 4.87 | G8: 5.12 | H8: 5.28 | I8: 5.87 | J8: 5.51 | K8: 5.48 | L8: 5.44 | M8: 5.38 | N8: 4.18 | O8: 4.2 | P8: 4.45 | Q8: 4.63 | R8: 4.99 | S8: 5.12 | T8: 5.58 | U8: 5.29 | V8: 5.44 | W8: 4.72
A9: Argentina | B9: 9.71 | C9: 10.35 | D9: 10.04 | E9: 10.29 | F9: 10.23 | G9: 9.86 | H9: 10.23 | I9: 9.67 | J9: 9.78 | K9: 9.83 | L9: 9.42 | M9: 9.45 | N9: 9.46 | O9: 8.18 | P9: 7.83 | Q9: 7.64 | R9: 7.61 | S9: 7.23 | T9: 6.89 | U9: 7.39 | V9: 8.37 | W9: 8.22
A10: Armenia | B10: 12.34 | C10: 12.24 | D10: 11.38 | E10: 10.01 | F10: 10.36 | G10: 9.95 | H10: 10.12 | I10: 10.18 | J10: 10.32 | K10: 9.13 | L10: 9.38 | M10: 9.24 | N10: 8.44 | O10: 6.64 | P10: 5.5 | Q10: 5.85 | R10: 5.86 | S10: 6.06 | T10: 7.18 | U10: 7.61 | V10: 4.65 | W10: 4.2
A11: Australia | B11: 10.54 | C11: 10.68 | D11: 10.22 | E11: 10.06 | F11: 10.12 | G11: 10.09 | H11: 10.18 | I11: 9.83 | J11: 8.75 | K11: 8.67 | L11: 8.54 | M11: 8.42 | N11: 8.54 | O11: 8.25 | P11: 8.05 | Q11: 7.98 | R11: 7.97 | S11: 8.09 | T11: 7.88 | U11: 7.88 | V11: 7.68 | W11: 7.59
A12: Austria | B12: 12.1 | C12: 11.39 | D12: 10.49 | E12: 10.35 | F12: 10.38 | G12: 10.35 | H12: 10.37 | I12: 10.37 | J12: 10.29 | K12: 10.2 | L12: 10.03 | M12: 10.22 | N12: 10.23 | O12: 9.73 | P12: 9.53 | Q12: 9.53 | R12: 9.63 | S12: 9.71 | T12: 9.55 | U12: 9.39 | V12: 9.27 | W12: 9.2
A13: Azerbaijan | B13: 4.7 | C13: 5.85 | D13: 4.18 | E13: 3.84 | F13: 4.07 | G13: 4.42 | H13: 4.34 | I13: 3.59 | J13: 3.23 | K13: 3.16 | L13: 2.6 | M13: 2.65 | N13: 2.77 | O13: 2.05 | P13: 1.99 | Q13: 2.07 | R13: 2.23 | S13: 2.66 | T13: 2.73 | U13: 2.73 | V13: 2.77 | W13: 2.95
A14: Bahamas | B14: 7.14 | C14: 7.65 | D14: 5.82 | E14: 5.98 | F14: 6.7 | G14: 5.68 | H14: 5.16 | I14: 5.54 | J14: 5.59 | K14: 5.32 | L14: 5.32 | M14: 5.26 | N14: 5.15 | O14: 4.86 | P14: 4.5 | Q14: 4.31 | R14: 4.03 | S14: 4.05 | T14: 4.02 | U14: 3.81 | V14: 3.92 | W14: 3.8
A15: Bahrain | B15: 4.27 | C15: 4.72 | D15: 3.96 | E15: 4.13 | F15: 4.51 | G15: 4.86 | H15: 4.98 | I15: 4.41 | J15: 4.31 | K15: 4.11 | L15: 3.87 | M15: 4.09 | N15: 4.33 | O15: 3.2 | P15: 3.3 | Q15: 3.11 | R15: 3.26 | S15: 3.5 | T15: 3.89 | U15: 3.68 | V15: 3.49 | W15: 3.34
... A82: Iran (Islamic Republic of) | B82: 5.77 | C82: 5.4 | D82: 6.27 | E82: 7.74 | F82: 7.83 | G82: 7.99 | H82: 7.53 | I82: 6.35 | J82: 5.55 | K82: 6.12 | L82: 6.1 | M82: 6.29 | N82: 6.11 | O82: 5.04 | P82: 4.91 | Q82: 5.16 | R82: 5.3 | S82: 5.13 | T82: 4.96 | U82: 4.65 | V82: 5.16 | W82: 4.72
A83: Iraq | B83: 5.25 | C83: 6.17 | D83: 4.26 | E83: 4.13 | F83: 4.04 | G83: 4.59 | H83: 3.16 | I83: 2.79 | J83: 2.81 | K83: 2.69 | L83: 2.8 | M83: 3.24 | N83: 3.77 | O83: 3.07 | P83: 3.21 | Q83: 2.49 | R83: 3.02 | S83: 3.9 | T83: 3
A84: Ireland | B84: 6.72 | C84: 7.11 | D84: 6.71 | E84: 6.5 | F84: 7.13 | G84: 7.47 | H84: 7.34 | I84: 9.51 | J84: 10.28 | K84: 10.6 | L84: 10.61 | M84: 10.52 | N84: 10.52 | O84: 9.13 | P84: 7.81 | Q84: 7.52 | R84: 7.64 | S84: 7.22 | T84: 7.01 | U84: 6.67 | V84: 6.39 | W84: 5.9
A85: Israel | B85: 7.9 | C85: 7.71 | D85: 7.17 | E85: 7.23 | F85: 7.18 | G85: 7.1 | H85: 7.02 | I85: 7.05 | J85: 6.96 | K85: 6.98 | L85: 6.84 | M85: 6.89 | N85: 6.92 | O85: 6.83 | P85: 6.7 | Q85: 6.71 | R85: 6.9 | S85: 6.8 | T85: 6.86 | U85: 6.92 | V85: 7.02 | W85: 6.62
A86: Italy | B86: 9.38 | C86: 9.63 | D86: 8.66 | E86: 8.68 | F86: 8.68 | G86: 8.73 | H86: 8.86 | I86: 8.87 | J86: 8.78 | K86: 8.78 | L86: 8.77 | M86: 8.92 | N86: 8.95 | O86: 8.53 | P86: 8.14 | Q86: 8.44 | R86: 8.34 | S86: 8.17 | T86: 7.83 | U86: 7.87 | V86: 7.74 | W86: 7.57
A87: Jamaica | B87: 7.19 | C87: 6.63 | D87: 6.1 | E87: 5.97 | F87: 6.15 | G87: 5.7 | H87: 5.62 | I87: 5.17 | J87: 4.95 | K87: 4.89 | L87: 5.24 | M87: 5.3 | N87: 5.15 | O87: 5.61 | P87: 5.32 | Q87: 4.21 | R87: 4.55 | S87: 4.8 | T87: 4.22 | U87: 4.75 | V87: 5.16 | W87: 5.64
A88: Japan | B88: 10.82 | C88: 11 | D88: 10.97 | E88: 10.74 | F88: 10.66 | G88: 10.66 | H88: 10.75 | I88: 10.73 | J88: 10.67 | K88: 10.67 | L88: 10.49 | M88: 9.06 | N88: 8.96 | O88: 8.09 | P88: 7.78 | Q88: 7.69 | R88: 7.66 | S88: 7.54 | T88: 7.49 | U88: 7.35 | V88: 7.24 | W88: 7.03
A89: Jordan | B89: 7.29 | C89: 7.04 | D89: 7 | E89: 6.98 | F89: 7.11 | G89: 6.98 | H89: 7.46 | I89: 7.21 | J89: 7.17 | K89: 7.82 | L89: 8.15 | M89: 8.17 | N89: 9.22 | O89: 8.49 | P89: 7.91 | Q89: 7.68 | R89: 8.49 | S89: 8.75 | T89: 8.79 | U89: 9.28 | V89: 9.57 | W89: 9.34
A90: Kazakhstan | B90: 3.92 | C90: 3.75 | D90: 2.79 | E90: 2.82 | F90: 3.05 | G90: 3.42 | H90: 3.04 | I90: 2.97 | J90: 2.66 | K90: 3.04 | L90: 2.6 | M90: 2.74 | N90: 3.5 | O90: 3.05 | P90: 2.7 | Q90: 3.4 | R90: 3.9 | S90: 3.98 | T90: 3.72 | U90: 3.61 | V90: 3.47 | W90: 4.16
A91: Kenya | B91: 4.55 | C91: 4.48 | D91: 4.37 | E91: 4.1 | F91: 3.99 | G91: 4.75 | H91: 4.76 | I91: 4.91 | J91: 4.93 | K91: 5.02 | L91: 5.2 | M91: 5.39 | N91: 5.27 | O91: 5.29 | P91: 5.22 | Q91: 5.11 | R91: 4.24 | S91: 4.24 | T91: 4.06 | U91: 3.85 | V91: 3.77 | W91: 3.63
A92: Kiribati | B92: 14.81 | C92: 16.99 | D92: 12.59 | E92: 12.97 | F92: 11.46 | G92: 10.47 | H92: 8.11 | I92: 10.09 | J92: 9.53 | K92: 8.69 | L92: 8.67 | M92: 9.34 | N92: 13.49 | O92: 14.05 | P92: 11.34 | Q92: 11.53 | R92: 11.52 | S92: 12.43 | T92: 10.7 | U92: 11.87 | V92: 12.3 | W92: 8.65
A93: Kuwait | B93: 5.78 | C93: 6.35 | D93: 5.36 | E93: 5.19 | F93: 4.65 | G93: 4.73 | H93: 4.21 | I93: 2.92 | J93: 2.49 | K93: 2.33 | L93: 2.33 | M93: 2.68 | N93: 2.71 | O93: 1.92 | P93: 1.93 | Q93: 1.82 | R93: 2.01 | S93: 2.36 | T93: 2.76 | U93: 3.12 | V93: 3.19 | W93: 2.2
A94: Kyrgyzstan | B94: 5.44 | C94: 5.26 | D94: 4.49 | E94: 5.01 | F94: 6.19 | G94: 6.41 | H94: 7.15 | I94: 7.36 | J94: 8.19 | K94: 8.51 | L94: 7.11 | M94: 6.95 | N94: 6.9 | O94: 6.53 | P94: 6.93 | Q94: 8.31 | R94: 7.45 | S94: 6.2 | T94: 5.82 | U94: 4.59 | V94: 4.28 | W94: 4.41
A95: Lao People's Democratic Republic | B95: 2.74 | C95: 2.06 | D95: 2.6 | E95: 2.25 | F95: 2.53 | G95: 2.36 | H95: 2.45 | I95: 2.3 | J95: 2.4 | K95: 2.08 | L95: 1.94 | M95: 2.91 | N95: 3.46 | O95: 2.77 | P95: 3.15 | Q95: 2.93 | R95: 3.34 | S95: 3.54 | T95: 4.48 | U95: 3.7 | V95: 4.29 | W95: 4.28
... A99: Liberia | B99: 16.62 | C99: 16.97 | D99: 8.42 | E99: 10.35 | F99: 10.47 | G99: 9.9 | H99: 10.47 | I99: 8.77 | J99: 7.09 | K99: 8.15 | L99: 9.71 | M99: 10.35 | N99: 11.57 | O99: 6 | P99: 4.33 | Q99: 6.07 | R99: 7.14 | S99: 6.34 | T99: 2.66 | U99: 2.28 | V99: 2.28 | W99: 2.88
A100: Libya | L100: 4.02 | M100: 3.28 | N100: 3.58 | O100: 2.24 | P100: 2.42 | Q100: 2.3 | R100: 2.52 | S100: 3.38 | T100: 3.97 | U100: 4.74 | V100: 3.93 | W100: 3.32
A101: Lithuania | B101: 7.82 | C101: 7.48 | D101: 6.99 | E101: 6.53 | F101: 6.48 | G101: 6.64 | H101: 6.49 | I101: 6.19 | J101: 6.13 | K101: 6.28 | L101: 6.49 | M101: 6.81 | N101: 7.37 | O101: 6.29 | P101: 5.76 | Q101: 5.84 | R101: 5.65 | S101: 5.51 | T101: 6.19 | U101: 6.14 | V101: 6.01 | W101: 6.2
A102: Luxembourg | B102: 5.67 | C102: 5.74 | D102: 5.47 | E102: 5.28 | F102: 5.14 | G102: 5.07 | H102: 5.08 | I102: 5.23 | J102: 5.24 | K102: 5.29 | L102: 5.95 | M102: 6.66 | N102: 6.95 | O102: 6.23 | P102: 6.16 | Q102: 6.64 | R102: 7.12 | S102: 7.28 | T102: 6.96 | U102: 6.76 | V102: 6.38 | W102: 5.93
A103: Madagascar | B103: 3.5 | C103: 3.72 | D103: 3.1 | E103: 4.23 | F103: 4.8 | G103: 5.33 | H103: 5.01 | I103: 4.46 | J103: 3.75 | K103: 3.91 | L103: 4.52 | M103: 4.7 | N103: 4.38 | O103: 4.08 | P103: 4.61 | Q103: 5.07 | R103: 5.22 | S103: 5.25 | T103: 5 | U103: 4.93 | V103: 4.12 | W103: 3.99
A104: Malawi | B104: 7.41 | C104: 7.01 | D104: 7.15 | E104: 6.87 | F104: 7.58 | G104: 7.73 | H104: 6.63 | I104: 6.9 | J104: 8.22 | K104: 6.02 | L104: 5.32 | M104: 5.14 | N104: 5.87 | O104: 6.11 | P104: 5.44 | Q104: 4.91 | R104: 4.3 | S104: 4.07 | T104: 3.32 | U104: 2.7 | V104: 2.06 | W104: 2.35
A105: Malaysia | B105: 4.38 | C105: 4.08 | D105: 3.84 | E105: 3.76 | F105: 3.71 | G105: 3.7 | H105: 3.82 | I105: 3.71 | J105: 3.51 | K105: 3.46 | L105: 3.31 | M105: 3.16 | N105: 3.26 | O105: 3.01 | P105: 3.07 | Q105: 3.11 | R105: 2.79 | S105: 2.86 | T105: 2.92 | U105: 2.67 | V105: 2.68 | W105: 2.51
A106: Maldives | B106: 10.03 | C106: 11.35 | D106: 7.66 | E106: 7.44 | F106: 9.27 | G106: 10.31 | H106: 8.73 | I106: 7.91 | J106: 8.16 | K106: 8.67 | L106: 7.92 | M106: 8.49 | N106: 10.09 | O106: 11.47 | P106: 8.31 | Q106: 8.05 | R106: 8.83 | S106: 7.48 | T106: 6.78 | U106: 8.78 | V106: 8.21 | W106: 7.74
A107: Mali | B107: 4.47 | C107: 3.48 | D107: 3.83 | E107: 3.73 | F107: 3.67 | G107: 3.77 | H107: 4.11 | I107: 4.48 | J107: 3.97 | K107: 3.75 | L107: 4.01 | M107: 4.68 | N107: 5.21 | O107: 5.03 | P107: 5.25 | Q107: 5.46 | R107: 5.2 | S107: 5.22 | T107: 5.05 | U107: 5 | V107: 4.52 | W107: 5.47
A108: Malta | B108: 10.58 | C108: 10.74 | D108: 9.15 | E108: 8.55 | F108: 8.73 | G108: 8.97 | H108: 8.9 | I108: 9.09 | J108: 8.5 | K108: 8.38 | L108: 8.45 | M108: 7.95 | N108: 7.92 | O108: 7.86 | P108: 8.17 | Q108: 8.81 | R108: 8.66 | S108: 8.05 | T108: 7.9 | U108: 7.71 | V108: 7 | W108: 6.57
A109: Marshall Islands | B109: 12.55 | C109: 12.59 | D109: 14.83 | E109: 15.26 | F109: 14.39 | G109: 15.74 | H109: 15.34 | I109: 13.21 | J109: 13.47 | K109: 13.04 | L109: 13.09 | M109: 13.93 | N109: 14.54 | O109: 15.2 | P109: 16.27 | Q109: 20.33 | R109: 20.22 | S109: 15.62 | T109: 12.77 | U109: 12.84 | V109: 14.82 | W109: 17.48
A110: Mauritania | B110: 4.12 | C110: 3.39 | D110: 3.3 | E110: 3.18 | F110: 3.32 | G110: 3.1 | H110: 3.67 | I110: 3.47 | J110: 2.87 | K110: 2.65 | L110: 2.47 | M110: 2.64 | N110: 3.11 | O110: 3.01 | P110: 2.88 | Q110: 2.7 | R110: 3.4 | S110: 3.7 | T110: 4.03 | U110: 4 | V110: 3.57 | W110: 3.38
A111: Mauritius | B111: 6.39 | C111: 6.48 | D111: 6.02 | E111: 5.64 | F111: 5.61 | G111: 5.54 | H111: 5.55 | I111: 5.38 | J111: 4.62 | K111: 4.22 | L111: 4.25 | M111: 4.52 | N111: 4.17 | O111: 3.94 | P111: 3.52 | Q111: 3.61 | R111: 3.52 | S111: 3.32 | T111: 3.18 | U111: 3.19 | V111: 2.92 | W111: 2.86
A112: Mexico | B112: 6.08 | C112: 6.22 | D112: 5.45 | E112: 5.38 | F112: 5.46 | G112: 5.55 | H112: 5.72 | I112: 5.55 | J112: 5.81 | K112: 5.67 | L112: 5.52 | M112: 5.74 | N112: 6.13 | O112: 5.7 | P112: 5.77 | Q112: 5.66 | R112: 5.84 | S112: 5.95 | T112: 5.81 | U112: 5.07 | V112: 4.82 | W112: 4.45
... A115: Mongolia | B115: 6.91 | C115: 4.67 | D115: 4.49 | E115: 4.53 | F115: 4.34 | G115: 4.58 | H115: 4.23 | I115: 4.21 | J115: 4.09 | K115: 3.86 | L115: 3.59 | M115: 3.74 | N115: 4.46 | O115: 4.56 | P115: 4.08 | Q115: 3.75 | R115: 3.76 | S115: 4.16 | T115: 4.1 | U115: 5.19 | V115: 5.05 | W115: 5.7
A116: Montenegro | B116: 10.55 | C116: 11.42 | D116: 8.33 | E116: 8.34 | F116: 7.98 | G116: 8.63 | H116: 9.02 | I116: 8 | J116: 8.47 | K116: 8.3 | L116: 7.97
A117: Morocco | B117: 5.74 | C117: 5.84 | D117: 4.99 | E117: 4.95 | F117: 4.99 | G117: 5.09 | H117: 5.1 | I117: 5.42 | J117: 5.26 | K117: 5.4 | L117: 5.37 | M117: 5.42 | N117: 5.27 | O117: 4.84 | P117: 4.81 | Q117: 4.57 | R117: 4.37 | S117: 4.23 | T117: 4.08 | U117: 4.06 | V117: 3.82 | W117: 3.69
A118: Mozambique | B118: 9.05 | C118: 7.57 | D118: 7.95 | E118: 8.09 | F118: 7.84 | G118: 7.28 | H118: 6.72 | I118: 6.33 | J118: 6.13 | K118: 5.25 | L118: 5 | M118: 5.44 | N118: 5.2 | O118: 4.22 | P118: 3.93 | Q118: 4.09 | R118: 4.38 | S118: 3.67 | T118: 3.4 | U118: 3.28 | V118: 2.88 | W118: 2.19
A119: Myanmar | B119: 5.63 | C119: 4.62 | D119: 4.71 | E119: 4.9 | F119: 5.08 | G119: 5.11 | H119: 5.48 | I119: 4.39 | J119: 3.2 | K119: 2.41 | L119: 1.93 | M119: 1.96 | N119: 2.16 | O119: 2.11 | P119: 2.02 | Q119: 2.25 | R119: 2.33 | S119: 2.32 | T119: 2.38 | U119: 2.58 | V119: 2.15 | W119: 2
A120: Namibia | B120: 9.38 | C120: 8.9 | D120: 8.43 | E120: 8.32 | F120: 8.73 | G120: 9.32 | H120: 9.98 | I120: 8.41 | J120: 9.06 | K120: 9.27 | L120: 9.83 | M120: 9.73 | N120: 9.05 | O120: 9.92 | P120: 10.72 | Q120: 10.57 | R120: 10.08 | S120: 10.13 | T120: 9.91 | U120: 9.68 | V120: 9.64 | W120: 9.24
A121: Nauru | B121: 13.06 | C121: 12.68 | D121: 11.56 | E121: 11.1 | F121: 11.49 | G121: 10.99 | H121: 14.01 | I121: 8.39 | J121: 9.85 | K121: 8.84 | L121: 9.96 | M121: 12.7 | N121: 12.32 | O121: 23 | P121: 24.23 | Q121: 12.42 | R121: 10.82 | S121: 6.88 | T121: 9.97 | U121: 13.81 | V121: 16.22 | W121: 18.97
A122: Nepal | B122: 5.42 | C122: 5.21 | D122: 4.45 | E122: 4.53 | F122: 4.72 | G122: 5.42 | H122: 5.47 | I122: 5.08 | J122: 4.63 | K122: 4.49 | L122: 4.45 | M122: 4.36 | N122: 3.9 | O122: 3.82 | P122: 3.67 | Q122: 3.54 | R122: 3.95 | S122: 4.05 | T122: 3.86 | U122: 3.94 | V122: 3.81 | W122: 3.13
A123: Netherlands (Kingdom of the) | B123: 11.29 | C123: 11.21 | D123: 10.14 | E123: 10.02 | F123: 10.11 | G123: 10.29 | H123: 10.32 | I123: 10.57 | J123: 10.58 | K123: 10.54 | L123: 10.23 | M123: 10.16 | N123: 9.99 | O123: 9.28 | P123: 9.05 | Q123: 9.08 | R123: 9.1 | S123: 9.11 | T123: 9.06 | U123: 8.65 | V123: 8.06 | W123: 7.71
A124: New Zealand | B124: 10.05 | C124: 10.07 | D124: 9.49 | E124: 9.04 | F124: 8.97 | G124: 9.24 | H124: 9.28 | I124: 9.4 | J124: 9.36 | K124: 9.65 | L124: 9.52 | M124: 9.59 | N124: 9.62 | O124: 9.12 | P124: 8.33 | Q124: 8.64 | R124: 8.27 | S124: 7.9 | T124: 7.72 | U124: 7.9 | V124: 7.58 | W124: 7.47
A125: Nicaragua | B125: 9.68 | C125: 8.65 | D125: 8.57 | E125: 8.5 | F125: 8.33 | G125: 8.05 | H125: 7.96 | I125: 7.98 | J125: 7.64 | K125: 7.49 | L125: 7.45 | M125: 7.71 | N125: 7.69 | O125: 7.17 | P125: 6.96 | Q125: 6.36 | R125: 6.22 | S125: 6.06 | T125: 6.08 | U125: 5.73 | V125: 5.48 | W125: 5.24
A126: Niger | B126: 5.81 | C126: 6.17 | D126: 5.67 | E126: 5.3 | F126: 5.58 | G126: 4.53 | H126: 5.35 | I126: 4.45 | J126: 4.47 | K126: 4.31 | L126: 4.87 | M126: 4.96 | N126: 5.34 | O126: 5.25 | P126: 5.43 | Q126: 5.99 | R126: 5.88 | S126: 4.98 | T126: 4.75 | U126: 4.83 | V126: 4.73 | W126: 4.66
A127: Nigeria | B127: 4.08 | C127: 3.38 | D127: 2.99 | E127: 3.09 | F127: 3.75 | G127: 3.65 | H127: 3.58 | I127: 3.35 | J127: 3.42 | K127: 3.36 | L127: 3.32 | M127: 3.3 | N127: 3.58 | O127: 3.7 | P127: 3.91 | Q127: 4.26 | R127: 4.47 | S127: 4.63 | T127: 5.05 | U127: 2.49 | V127: 3.19 | W127: 3.2
A128: Niue | B128: 13.76 | C128: 8.97 | D128: 7.28 | E128: 8 | F128: 8.51 | G128: 7.75 | H128: 8.75 | I128: 10.83 | J128: 9.71 | K128: 10.31 | L128: 19.83 | M128: 15.54 | N128: 28.82 | O128: 23.26 | P128: 23.61 | Q128: 50.18 | R128: 12.3 | S128: 17.34 | T128: 9.53 | U128: 11.11 | V128: 38.14 | W128: 7.93
... A162: South Africa | B162: 8.27 | C162: 8.57 | D162: 8.24 | E162: 8.09 | F162: 7.98 | G162: 8.08 | H162: 8.05 | I162: 7.87 | J162: 8.1 | K162: 8 | L162: 7.94 | M162: 7.79 | N162: 7.65 | O162: 7.15 | P162: 6.91 | Q162: 6.88 | R162: 6.86 | S162: 6.94 | T162: 7.04 | U162: 6.68 | V162: 7.12 | W162: 7.34
A163: South Sudan | B163: 5.86 | C163: 9.45 | D163: 9.04 | E163: 10.06 | F163: 15.96
A164: Spain | B164: 10.74 | C164: 10.75 | D164: 9.15 | E164: 9 | F164: 8.94 | G164: 8.95 | H164: 9.12 | I164: 9.08 | J164: 9.06 | K164: 9.15 | L164: 9.17 | M164: 9.12 | N164: 9.11 | O164: 8.38 | P164: 7.92 | Q164: 7.83 | R164: 7.73 | S164: 7.66 | T164: 7.56 | U164: 6.8 | V164: 6.77 | W164: 6.8
A165: Sri Lanka | B165: 4.07 | C165: 4.02 | D165: 3.9 | E165: 3.64 | F165: 3.33 | G165: 3.62 | H165: 3.68 | I165: 3.47 | J165: 3.69 | K165: 3.31 | L165: 3.58 | M165: 3.74 | N165: 4.06 | O165: 3.85 | P165: 3.82 | Q165: 3.85 | R165: 3.88 | S165: 4.04 | T165: 3.65 | U165: 4.04 | V165: 4.06 | W165: 4.11
A166: Sudan | B166: 2.84 | C166: 3.02 | D166: 4.57 | E166: 4.46 | F166: 5.92 | G166: 5.68 | H166: 5.81 | I166: 5.68 | J166: 6.96 | K166: 5.69 | L166: 5.62 | M166: 5.06 | N166: 6.39 | O166: 5.42 | P166: 5.66 | Q166: 4.89 | R166: 4.09 | S166: 4.16 | T166: 3.89 | U166: 3.3 | V166: 3.36 | W166: 3.61
A167: Suriname | B167: 5.68 | C167: 6.84 | D167: 8.7 | E167: 6.69 | F167: 5.32 | G167: 5.99 | H167: 5.81 | I167: 4.52 | J167: 4.49 | K167: 4.28 | L167: 4.41 | M167: 4.7 | N167: 4.98 | O167: 4.75 | P167: 5.22 | Q167: 5.86 | R167: 5.24 | S167: 5.46 | T167: 4.89 | U167: 5.33 | V167: 3.82 | W167: 5.87
A168: Sweden | B168: 11.25 | C168: 11.33 | D168: 10.83 | E168: 10.94 | F168: 10.79 | G168: 10.85 | H168: 10.8 | I168: 10.95 | J168: 10.9 | K168: 10.74 | L168: 10.42 | M168: 8.32 | N168: 8.77 | O168: 8.21 | P168: 8 | Q168: 8.05 | R168: 8.15 | S168: 8.13 | T168: 8.32 | U168: 8.21 | V168: 7.9 | W168: 7.33
A169: Switzerland | B169: 11.8 | C169: 11.73 | D169: 11.06 | E169: 10.77 | F169: 11.05 | G169: 10.99 | H169: 10.78 | I169: 10.43 | J169: 10.38 | K169: 10.14 | L169: 10.05 | M169: 9.93 | N169: 10.14 | O169: 9.53 | P169: 9.42 | Q169: 9.58 | R169: 10.06 | S169: 10.23 | T169: 10.14 | U169: 9.88 | V169: 9.46 | W169: 9.13
A170: Syrian Arab Republic | K170: 3.05 | L170: 2.53 | M170: 3.28 | N170: 3.55 | O170: 3.4 | P170: 3.72 | Q170: 3.78 | R170: 4.11 | S170: 4.48 | T170: 5.12 | U170: 4.95 | V170: 4.7 | W170: 4.55
A171: Turkiye | B171: 4.57 | C171: 4.62 | D171: 4.37 | E171: 4.12 | F171: 4.18 | G171: 4.28 | H171: 4.12 | I171: 4.33 | J171: 4.37 | K171: 4.44 | L171: 4.65 | M171: 5.02 | N171: 5.49 | O171: 5.22 | P171: 5.24 | Q171: 5.15 | R171: 4.89 | S171: 4.91 | T171: 5.01 | U171: 5.06 | V171: 4.89 | W171: 4.6
A172: Tajikistan | B172: 8.01 | C172: 8.18 | D172: 6.95 | E172: 7.01 | F172: 6.85 | G172: 6.96 | H172: 6.91 | I172: 6.67 | J172: 6.53 | K172: 5.98 | L172: 5.86 | M172: 5.74 | N172: 5.86 | O172: 5.91 | P172: 5.54 | Q172: 5.03 | R172: 5.21 | S172: 4.8 | T172: 4.7 | U172: 4.44 | V172: 4.58 | W172: 4.26
A173: Thailand | B173: 5.16 | C173: 4.36 | D173: 3.79 | E173: 3.87 | F173: 3.85 | G173: 3.94 | H173: 3.85 | I173: 3.68 | J173: 3.45 | K173: 3.52 | L173: 3.57 | M173: 3.39 | N173: 3.62 | O173: 3.46 | P173: 3.19 | Q173: 3.1 | R173: 3.16 | S173: 3.14 | T173: 3.24 | U173: 3.33 | V173: 3.03 | W173: 3.1
A174: Timor-Leste | B174: 11.44 | C174: 9.96 | D174: 6.03 | E174: 6.37 | F174: 6.76 | G174: 6.9 | H174: 7.67 | I174: 7.6 | J174: 8.53 | K174: 6.99 | L174: 6.87 | M174: 6.47 | N174: 7.31 | O174: 6.97 | P174: 5.65 | Q174: 6 | R174: 5.28 | S174: 4.26 | T174: 2.84
A175: Togo | B175: 5.56 | C175: 6.04 | D175: 5.73 | E175: 6.09 | F175: 6.49 | G175: 6.6 | H175: 4.96 | I175: 5.08 | J175: 4.94 | K175: 4.81 | L175: 4.55 | M175: 4.45 | N175: 4.08 | O175: 3.84 | P175: 3.87 | Q175: 3.45 | R175: 3.3 | S175: 3.09 | T175: 2.94 | U175: 2.9 | V175: 2.89 | W175: 2.79
A176: Tonga | B176: 6.27 | C176: 5.33 | D176: 4.75 | E176: 4.81 | F176: 4.86 | G176: 4.82 | H176: 4.47 | I176: 5.01 | J176: 3.98 | K176: 4.8 | L176: 3.82 | M176: 4.82 | N176: 3.93 | O176: 6.06 | P176: 4.73 | Q176: 5.47 | R176: 4.39 | S176: 4.51 | T176: 3.44 | U176: 3.59 | V176: 3.43 | W176: 2.9
A177: Trinidad and Tobago | B177: 7.02 | C177: 7.54 | D177: 6.83 | E177: 6.53 | F177: 6.58 | G177: 6.51 | H177: 5.65 | I177: 4.87 | J177: 4.8 | K177: 4.63 | L177: 4.72 | M177: 5.08 | N177: 5.49 | O177: 3.66 | P177: 4.15 | Q177: 4.15 | R177: 4.43 | S177: 4.31 | T177: 4.19 | U177: 4.72 | V177: 4.03 | W177: 4.23
A178: Tunisia | B178: 6.97 | C178: 7.05 | D178: 6.02 | E178: 5.94 | F178: 6.19 | G178: 6.25 | H178: 6.21 | I178: 6.45 | J178: 6.51 | K178: 6.29 | L178: 6.12 | M178: 5.61 | N178: 5.41 | O178: 5.16 | P178: 5.18 | Q178: 5.13 | R178: 5.15 | S178: 5.2 | T178: 5.21 | U178: 5.12 | V178: 4.86 | W178: 4.81
A179: Turkmenistan | B179: 5.57 | C179: 5.68 | D179: 5.68 | E179: 5.69 | F179: 5.94 | G179: 5.74 | H179: 5.12 | I179: 4.31 | J179: 3.94 | K179: 3.37 | L179: 3.25 | M179: 3.24 | N179: 2.85 | O179: 3.49 | P179: 3.13 | Q179: 4.98 | R179: 5.65 | S179: 6.26 | T179: 5.04 | U179: 4.16 | V179: 4.82 | W179: 4.08
A180: Tuvalu | B180: 19.97 | C180: 18.86 | D180: 22.41 | E180: 18.64 | F180: 24.28 | G180: 18.62 | H180: 13.53 | I180: 14.69 | J180: 14.34 | K180: 13.6 | L180: 14.1 | M180: 15.65 | N180: 12.27 | O180: 10.12 | P180: 10.52 | Q180: 12.27 | R180: 10.56 | S180: 9.89 | T180: 14.39 | U180: 12.43 | V180: 18.48 | W180: 22.37
A181: Uganda | B181: 4.67 | C181: 4.3 | D181: 3.8 | E181: 4.02 | F181: 4 | G181: 4.96 | H181: 5.07 | I181: 5.34 | J181: 5.78 | K181: 6.11 | L181: 6.7 | M181: 6.81 | N181: 5.79 | O181: 5.45 | P181: 6.11 | Q181: 6.46 | R181: 5.81 | S181: 4.7 | T181: 4.3 | U181: 4.77 | V181: 5.05 | W181: 5.08
A182: Ukraine | B182: 8.01 | C182: 7.56 | D182: 7.09 | E182: 7.52 | F182: 7.44 | G182: 7.55 | H182: 7.78 | I182: 7.2 | J182: 6.94 | K182: 7.12 | L182: 6.82 | M182: 6.81 | N182: 6.61 | O182: 5.5 | P182: 6.02 | Q182: 6.42 | R182: 6.35 | S182: 6.17 | T182: 6.55 | U182: 5.99 | V182: 5.73 | W182: 5.31
A183: United Arab Emirates | B183: 5.31 | C183: 5.82 | D183: 4.39 | E183: 4.1 | F183: 4.01 | G183: 3.9 | H183: 3.47 | I183: 3.53 | J183: 3.5 | K183: 3.34 | L183: 3.67 | M183: 3.88 | N183: 4.05 | O183: 2.93 | P183: 2.57 | Q183: 2.33 | R183: 2.32 | S183: 2.46 | T183: 2.65 | U183: 2.72 | V183: 2.48 | W183: 2.37
A184: United Kingdom of Great Britain and Northern Ireland | B184: 12.36 | C184: 12.16 | D184: 9.96 | E184: 9.73 | F184: 9.6 | G184: 9.73 | H184: 9.8 | I184: 9.86 | J184: 9.87 | K184: 9.95 | L184: 9.92 | M184: 9.93 | N184: 10.05 | O184: 9.03 | P184: 8.62 | Q184: 8.63 | R184: 8.36 | S184: 8.31 | T184: 8.06 | U184: 7.65 | V184: 7.34 | W184: 7.13
A185: United Republic of Tanzania | B185: 3.36 | C185: 2.94 | D185: 3.88 | E185: 4.16 | F185: 4.08 | G185: 3.96 | H185: 3.65 | I185: 4.01 | J185: 4.65 | K185: 5.02 | L185: 5.06 | M185: 5.22 | N185: 5.06 | O185: 5.56 | P185: 6.88 | Q185: 7.6 | R185: 6.32 | S185: 5.74 | T185: 5.34 | U185: 4.69 | V185: 4.24 | W185: 3.42
A186: United States of America | B186: 17.36 | C186: 18.76 | D186: 16.67 | E186: 16.63 | F186: 16.77 | G186: 16.8 | H186: 16.49 | I186: 16.2 | J186: 15.99 | K186: 16.12 | L186: 16.14 | M186: 16.2 | N186: 16.2 | O186: 15.21 | P186: 14.92 | Q186: 14.71 | R186: 14.58 | S186: 14.55 | T186: 14.51 | U186: 14 | V186: 13.17 | W186: 12.49
... A189: Vanuatu | B189: 4.37 | C189: 3.99 | D189: 3.31 | E189: 3.32 | F189: 2.76 | G189: 2.93 | H189: 4.32 | I189: 3.65 | J189: 4.39 | K189: 3.94 | L189: 3.6 | M189: 3.53 | N189: 3.25 | O189: 3.14 | P189: 3.11 | Q189: 3.32 | R189: 3.31 | S189: 3.54 | T189: 3.51 | U189: 3.9 | V189: 3.39 | W189: 3.31
A190: Venezuela (Bolivarian Republic of) | B190: 4.04 | C190: 4.09 | D190: 2.19 | E190: 2.42
A191: Viet Nam | B191: 4.59 | C191: 4.3 | D191: 4.97 | E191: 5.03 | F191: 4.99 | G191: 4.87 | H191: 4.71 | I191: 4.69 | J191: 4.41 | K191: 5 | L191: 4.97 | M191: 5.07 | N191: 4.49 | O191: 4.36 | P191: 4.63 | Q191: 4.57 | R191: 4.32 | S191: 4.09 | T191: 3.94 | U191: 3.87 | V191: 4.8 | W191: 4.11
A192: Yemen | H192: 4.25 | I192: 4.84 | J192: 4.96 | K192: 5.2 | L192: 4.77 | M192: 5.16 | N192: 5.99 | O192: 5.76 | P192: 5.82 | Q192: 5.53 | R192: 5.21 | S192: 5.51 | T192: 5.76 | U192: 4.83 | V192: 4.95 | W192: 4.67
A193: Zambia | B193: 6.62 | C193: 6.32 | D193: 6.75 | E193: 4.77 | F193: 4.78 | G193: 4.47 | H193: 4.43 | I193: 3.83 | J193: 4.57 | K193: 4.05 | L193: 3.96 | M193: 3.97 | N193: 5.16 | O193: 4.47 | P193: 4.58 | Q193: 5.58 | R193: 6.33 | S193: 5.48 | T193: 6 | U193: 5.89 | V193: 4.83 | W193: 4.17
A194: Zimbabwe | B194: 2.79 | C194: 2.95 | D194: 3.23 | E194: 4.67 | F194: 6.36 | G194: 7.47 | H194: 7.45 | I194: 8.13 | J194: 7.11 | K194: 6.92 | L194: 8.08 | M194: 10.48

Sheet CHE pa
B1: Current health expenditure (CHE) per capita in US$ | C1: Current health expenditure (CHE) per capita in US$ | D1: Current health expenditure (CHE) per capita in US$ | E1: Current health expenditure (CHE) per capita in US$ | F1: Current health expenditure (CHE) per capita in US$ | G1: Current health expenditure (CHE) per capita in US$ | H1: Current health expenditure (CHE) per capita in US$ | I1: Current health expenditure (CHE) per capita in US$ | J1: Current health expenditure (CHE) per capita in US$ | K1: Current health expenditure (CHE) per capita in US$ | L1: Current health expenditure (CHE) per capita in US$ | M1: Current health expenditure (CHE) per capita in US$ | N1: Current health expenditure (CHE) per capita in US$ | O1: Current health expenditure (CHE) per capita in US$ | P1: Current health expenditure (CHE) per capita in US$ | Q1: Current health expenditure (CHE) per capita in US$ | R1: Current health expenditure (CHE) per capita in US$ | S1: Current health expenditure (CHE) per capita in US$ | T1: Current health expenditure (CHE) per capita in US$ | U1: Current health expenditure (CHE) per capita in US$ | V1: Current health expenditure (CHE) per capita in US$ | W1: Current health expenditure (CHE) per capita in US$
A2: Countries, territories and areas | B2: 2021 | C2: 2020 | D2: 2019 | E2: 2018 | F2: 2017 | G2: 2016 | H2: 2015 | I2: 2014 | J2: 2013 | K2: 2012 | L2: 2011 | M2: 2010 | N2: 2009 | O2: 2008 | P2: 2007 | Q2: 2006 | R2: 2005 | S2: 2004 | T2: 2003 | U2: 2002 | V2: 2001 | W2: 2000
A3: Afghanistan | B3: 81.32 | C3: 80.29 | D3: 74.23 | E3: 71.33 | F3: 66.91 | G3: 61.49 | H3: 60.06 | I3: 60.19 | J3: 56.31 | K3: 52.61 | L3: 52.36 | M3: 46.58 | N3: 43.26 | O3: 39.97 | P3: 32.72 | Q3: 28.92 | R3: 25.11 | S3: 21.43 | T3: 17.81 | U3: 17.01
A4: Albania | B4: 464.74 | C4: 396.88 | D4: 367.76 | E4: 351.3 | F4: 297.46 | G4: 277.04 | H4: 255.36 | I4: 295.12 | J4: 278.04 | K4: 262.29 | L4: 274.78 | M4: 255.32 | N4: 239.44 | O4: 240.42 | P4: 212.61 | Q4: 166.81 | R4: 152.13 | S4: 138.11 | T4: 106.29 | U4: 78.99 | V4: 73.79 | W4: 65.15
A5: Algeria | B5: 204.57 | C5: 206.04 | D5: 235.99 | E5: 266.46 | F5: 265.84 | G5: 261.4 | H5: 292.28 | I5: 361.16 | J5: 333.16 | K5: 336.67 | L5: 288.31 | M5: 230.06 | N5: 208.94 | O5: 207.85 | P5: 151.78 | Q5: 117.43 | R5: 101.3 | S5: 93.02 | T5: 76.24 | U5: 66.95 | V5: 67.34 | W5: 62.12
A6: Andorra | B6: 3505.99 | C6: 3269.3 | D6: 3026.6 | E6: 3164.39 | F6: 2873.3 | G6: 2755.45 | H6: 2688.21 | I6: 3089.84 | J6: 3041.84 | K6: 3013.51 | L6: 3913.99 | M6: 3698.81 | N6: 3025.31 | O6: 3046.36 | P6: 2489.43 | Q6: 2139.28 | R6: 2214.65 | S6: 1990.07 | T6: 1772.71 | U6: 1486.17 | V6: 1336.21 | W6: 1287
A7: Angola | B7: 64.16 | C7: 55.05 | D7: 64.66 | E7: 83.9 | F7: 112.85 | G7: 94.11 | H7: 107.64 | I7: 130.74 | J7: 142.89 | K7: 121.8 | L7: 121.91 | M7: 96.66 | N7: 120.03 | O7: 135.63 | P7: 92.84 | Q7: 69.77 | R7: 54.21 | S7: 49.78 | T7: 34.87 | U7: 29.05 | V7: 28.93 | W7: 13
A8: Antigua and Barbuda | B8: 923.41 | C8: 875.7 | D8: 801.54 | E8: 849.83 | F8: 785.47 | G8: 812.51 | H8: 784.65 | I8: 822.39 | J8: 735.49 | K8: 749.94 | L8: 714 | M8: 720.92 | N8: 606.9 | O8: 691.21 | P8: 711.56 | Q8: 662.72 | R8: 639.24 | S8: 596.07 | T8: 612.15 | U8: 557.9 | V8: 571.11 | W8: 519.13
A9: Argentina | B9: 1044.77 | C9: 895.08 | D9: 1016.23 | E9: 1216.11 | F9: 1494.84 | G9: 1258.31 | H9: 1525.05 | I9: 1280.61 | J9: 1415.21 | K9: 1361.99 | L9: 1202.56 | M9: 980.14 | N9: 781.78 | O9: 742.9 | P9: 569.29 | Q9: 453.64 | R9: 390.8 | S9: 310.22 | T9: 260.98 | U9: 222.65 | V9: 671.37 | W9: 704.95
A10: Armenia | B10: 612.78 | C10: 551.54 | D10: 549.47 | E10: 439.43 | F10: 418.86 | G10: 366.23 | H10: 370.93 | I10: 408.88 | J10: 395.71 | K10: 332.84 | L10: 324.66 | M10: 290.27 | N10: 246.34 | O10: 259.55 | P10: 168.48 | Q10: 123.41 | R10: 94.27 | S10: 70.64 | T10: 65.35 | U10: 58.27 | V10: 31.41 | W10: 25.31
A11: Australia | B11: 7055.37 | C11: 5958.77 | D11: 5545.91 | E11: 5857.29 | F11: 5813.61 | G11: 5453.92 | H11: 5322.97 | I11: 6131 | J11: 5843.17 | K11: 6071.65 | L11: 5909.15 | M11: 4975.47 | N11: 4011.93 | O11: 4107.01 | P11: 3815.34 | Q11: 3194.03 | R11: 3014.1 | S11: 2760.83 | T11: 2240.75 | U11: 1763.7 | V11: 1559.82 | W11: 1636.53
A12: Austria | B12: 6504.81 | C12: 5566.97 | D12: 5263.39 | E12: 5337.22 | F12: 4938.92 | G12: 4709.88 | H12: 4612.82 | I12: 5393.6 | J12: 5235.34 | K12: 4966.1 | L12: 5167.82 | M12: 4800.79 | N12: 4928.99 | O12: 5057.76 | P12: 4478.77 | Q12: 3882.98 | R12: 3710.4 | S12: 3594.65 | T12: 3091.24 | U12: 2497.87 | V12: 2282.52 | W12: 2269.13
A13: Azerbaijan | B13: 249.08 | C13: 242.76 | D13: 196.88 | E13: 178.04 | F13: 165.31 | G13: 167.86 | H13: 233.61 | I13: 277.04 | J13: 248.8 | K13: 231.9 | L13: 182.9 | M13: 151.57 | N13: 134.31 | O13: 111.17 | P13: 74.24 | Q13: 49.58 | R13: 34.12 | S13: 26.98 | T13: 23.45 | U13: 20.34 | V13: 19.12 | W13: 18.98
A14: Bahamas | B14: 1961.68 | C14: 1824.88 | D14: 1898.86 | E14: 1898.81 | F14: 2076.14 | G14: 1698.39 | H14: 1558.8 | I14: 1590.95 | J14: 1532.23 | K14: 1492.45 | L14: 1418.51 | M14: 1421.59 | N14: 1396.73 | O14: 1410.82 | P14: 1334.72 | Q14: 1242.35 | R14: 1140.25 | S14: 1067.92 | T14: 1053.42 | U14: 1013.74 | V14: 990.31 | W14: 945.44
A15: Bahrain | B15: 1146.47 | C15: 1105.32 | D15: 1024.39 | E15: 1049.06 | F15: 1098.74 | G15: 1111.43 | H15: 1134.46 | I15: 1123.63 | J15: 1111.22 | K15: 1030.85 | L15: 917.65 | M15: 866.39 | N15: 841.48 | O15: 741.86 | P15: 688.14 | Q15: 592.38 | R15: 576.94 | S15: 551.89 | T15: 553.05 | U15: 471.58 | V15: 438.61 | W15: 424.94
... A45: Croatia | B45: 1384.12 | C45: 1094.53 | D45: 1040.09 | E45: 1024.62 | F45: 902.63 | G45: 840.9 | H45: 795.51 | I45: 909.37 | J45: 889.94 | K45: 1029.97 | L45: 1132.5 | M45: 1126.37 | N45: 1187.55 | O45: 1258.87 | P45: 1041.03 | Q45: 816.02 | R45: 727.13 | S45: 634.62 | T45: 512.15 | U45: 386.44 | V45: 388.32 | W45: 371.06
A46: Cuba | C46: 1186.16 | D46: 1013.1 | E46: 973.14 | F46: 980.09 | G46: 984.25 | H46: 985.42 | I46: 864.16 | J46: 710.79 | K46: 601.42 | L46: 695.99 | M46: 608.96 | N46: 676.22 | O46: 610.09 | P46: 570.31 | Q46: 387.44 | R46: 331.99 | S46: 232.51 | T46: 227.7 | U46: 213.96 | V46: 198.59 | W46: 181.15
A47: Cyprus | B47: 2989.65 | C47: 2362.4 | D47: 2093.06 | E47: 2020.73 | F47: 1773.41 | G47: 1649.41 | H47: 1596.21 | I47: 1873.89 | J47: 1916.32 | K47: 1899.37 | L47: 2114.67 | M47: 2045.29 | N47: 2105.48 | O47: 2155.25 | P47: 1694.27 | Q47: 1474.02 | R47: 1366.02 | S47: 1286.97 | T47: 1145.06 | U47: 890.48 | V47: 782.16 | W47: 750.52
A48: Czechia | B48: 2498.52 | C48: 2119.27 | D48: 1803.05 | E48: 1753.2 | F48: 1525.35 | G48: 1384.66 | H48: 1314.84 | I48: 1516.06 | J48: 1514.01 | K48: 1515.82 | L48: 1654.51 | M48: 1516.05 | N48: 1442.24 | O48: 1449.34 | P48: 1110.18 | Q48: 942.12 | R48: 852.65 | S48: 746.33 | T48: 640.66 | U48: 497.74 | V48: 388.54 | W48: 342.92
A49: Democratic Republic of the Congo | B49: 22.32 | C49: 21.25 | D49: 19.86 | E49: 17.88 | F49: 18.75 | G49: 19.91 | H49: 19.13 | I49: 18.79 | J49: 15.87 | K49: 13.63 | L49: 12.28 | M49: 12.54 | N49: 13.18 | O49: 15.9 | P49: 11.98 | Q49: 10.77 | R49: 8.89 | S49: 8.14 | T49: 6.28 | U49: 4.34 | V49: 5.65 | W49: 18.2
A50: Denmark | B50: 7382.21 | C50: 6442.4 | D50: 6058.83 | E50: 6232.72 | F50: 5834.02 | G50: 5624.33 | H50: 5531.88 | I50: 6466.9 | J50: 6334.42 | K50: 6168.34 | L50: 6438.21 | M50: 6171.29 | N50: 6221.69 | O50: 6137.78 | P50: 5468.38 | Q50: 4778.89 | R50: 4442.75 | S50: 4194.87 | T50: 3607.04 | U50: 2895.81 | V50: 2602.64 | W50: 2496.05
A51: Djibouti | B51: 87.75 | C51: 62.75 | D51: 62.31 | E51: 64.48 | F51: 65.56 | G51: 69.8 | H51: 80.65 | I51: 66.44 | J51: 61.39 | K51: 65.7 | L51: 62.67 | M51: 56.37 | N51: 57.58 | O51: 56.53 | P51: 55.78 | Q51: 53.82 | R51: 45.58 | S51: 40.43 | T51: 46.68 | U51: 39.82 | V51: 33.87 | W51: 35.74
A52: Dominica | B52: 482.43 | C52: 420.02 | D52: 442.51 | E52: 484.52 | F52: 404.61 | G52: 421.32 | H52: 398.52 | I52: 394.67 | J52: 387.08 | K52: 408.77 | L52: 388.87 | M52: 370.31 | N52: 354.45 | O52: 336.35 | P52: 293.62 | Q52: 271.5 | R52: 263.9 | S52: 253.98 | T52: 243.1 | U52: 227.22 | V52: 231.98 | W52: 259.65
A53: Dominican Republic | B53: 416.9 | C53: 354.09 | D53: 346.51 | E53: 327.9 | F53: 337.61 | G53: 329.11 | H53: 322.95 | I53: 313.46 | J53: 303.38 | K53: 305.44 | L53: 295.19 | M53: 271.27 | N53: 238.27 | O53: 230.51 | P53: 191.22 | Q53: 162.94 | R53: 169.97 | S53: 105.84 | T53: 105.31 | U53: 153.86 | V53: 144.17 | W53: 139
A54: Ecuador | B54: 494.31 | C54: 471.88 | D54: 484.37 | E54: 494.71 | F54: 470.8 | G54: 450.83 | H54: 466.24 | I54: 435.51 | J54: 416.34 | K54: 389.76 | L54: 342.38 | M54: 288.67 | N54: 245.96 | O54: 232.88 | P54: 194.38 | Q54: 190.64 | R54: 168.73 | S54: 150.59 | T54: 132.74 | U54: 97.78 | V54: 71.56 | W54: 48.38
A55: Egypt | B55: 179.68 | C55: 150.91 | D55: 145.31 | E55: 120.22 | F55: 107.99 | G55: 145.28 | H55: 173.52 | I55: 158.21 | J55: 142.6 | K55: 142.76 | L55: 118.7 | M55: 107.42 | N55: 101.22 | O55: 92.33 | P55: 75.13 | Q55: 68.03 | R55: 60.99 | S55: 51.6 | T55: 51.6 | U55: 65.59 | V55: 70.37 | W55: 71.04
A56: El Salvador | B56: 442.21 | C56: 354.49 | D56: 377.03 | E56: 345.05 | F56: 335.74 | G56: 337.27 | H56: 329.44 | I56: 312.87 | J56: 321.83 | K56: 298.73 | L56: 293.37 | M56: 268.67 | N56: 255.38 | O56: 251.83 | P56: 238.63 | Q56: 230.5 | R56: 223.97 | S56: 184.88 | T56: 170.79 | U56: 166.13 | V56: 161.76 | W56: 155.13
A57: Equatorial Guinea | B57: 255.57 | C57: 246.77 | D57: 231.84 | E57: 248.69 | F57: 231.05 | G57: 229.76 | H57: 229.12 | I57: 294.76 | J57: 289.68 | K57: 284.08 | L57: 266.69 | M57: 241.67 | N57: 255.58 | O57: 222.33 | P57: 179.57 | Q57: 144.03 | R57: 122.74 | S57: 104.68 | T57: 87.19 | U57: 75.52 | V57: 28 | W57: 18.73
A58: Eritrea | B58: 25.36 | C58: 24.7 | D58: 25.98 | E58: 24.02 | F58: 22.36 | G58: 23.65 | H58: 26.82 | I58: 31.54 | J58: 29.53 | K58: 25.96 | L58: 33.27 | M58: 24.43 | N58: 22.66 | O58: 19.69 | P58: 18.4 | Q58: 22.32 | R58: 20.61 | S58: 21.77 | T58: 18.62 | U58: 14.82 | V58: 14 | W58: 13.18
... A82: Iran (Islamic Republic of) | B82: 392.54 | C82: 338.25 | D82: 378.47 | E82: 478.39 | F82: 466.99 | G82: 447.14 | H82: 384.26 | I82: 375.28 | J82: 408.33 | K82: 513.45 | L82: 518.84 | M82: 436.14 | N82: 364.43 | O82: 297.51 | P82: 245.01 | Q82: 197.78 | R82: 173.8 | S82: 142.18 | T82: 116.9 | U82: 105.7 | V82: 94.32 | W82: 80.96
A83: Iraq | B83: 248.92 | C83: 245.48 | D83: 239.58 | E83: 231 | F83: 195.82 | G83: 198.71 | H83: 148.3 | I83: 178.02 | J83: 185.74 | K83: 173.4 | L83: 160.81 | M83: 143.53 | N83: 139.06 | O83: 138.11 | P83: 99.65 | Q83: 56.2 | R83: 52.52 | S83: 51.29 | T83: 26.72
A84: Ireland | B84: 6764.26 | C84: 6098.27 | D84: 5462.73 | E84: 5187.06 | F84: 5010.26 | G84: 4726.31 | H84: 4575.94 | I84: 5316.27 | J84: 5313.71 | K84: 5210.36 | L84: 5545.76 | M84: 5133.46 | N84: 5502.89 | O84: 5638.78 | P84: 4858.65 | Q84: 4147.13 | R84: 3938.19 | S84: 3483.16 | T84: 2910.93 | U84: 2200.36 | V84: 1823.73 | W84: 1564.84
A85: Israel | B85: 4338.94 | C85: 3637.03 | D85: 3354.45 | E85: 3219.69 | F85: 3093.89 | G85: 2801.22 | H85: 2660.7 | I85: 2816.12 | J85: 2681.19 | K85: 2410.15 | L85: 2445.98 | M85: 2240.44 | N85: 2036.26 | O85: 2128.55 | P85: 1772.59 | Q85: 1558.29 | R85: 1512.27 | S85: 1443.16 | T85: 1389.94 | U85: 1361.95 | V85: 1514.77 | W85: 1471.62
A86: Italy | B86: 3349.6 | C86: 3061.87 | D86: 2910.65 | E86: 3002.76 | F86: 2809.72 | G86: 2699.73 | H86: 2675.67 | I86: 3154.28 | J86: 3149.24 | K86: 3086.3 | L86: 3392.01 | M86: 3217.68 | N86: 3337.75 | O86: 3504.11 | P86: 3092.56 | Q86: 2832.7 | R86: 2677.55 | S86: 2565.63 | T86: 2163.03 | U86: 1762.54 | V86: 1586.66 | W86: 1524.24
A87: Jamaica | B87: 372.45 | C87: 324.48 | D87: 343.06 | E87: 333.88 | F87: 324.22 | G87: 286.35 | H87: 285.6 | I87: 257.85 | J87: 254.84 | K87: 262.1 | L87: 275.54 | M87: 256.06 | N87: 229.13 | O87: 283.73 | P87: 252.11 | Q87: 186.64 | R87: 190.94 | S87: 183.49 | T87: 150.12 | U87: 174.82 | V87: 180.59 | W87: 194.59
A88: Japan | B88: 4347.34 | C88: 4436.24 | D88: 4463.28 | E88: 4288 | F88: 4148.37 | G88: 4199.71 | H88: 3754.92 | I88: 4121.53 | J88: 4357.68 | K88: 5235.42 | L88: 5106.9 | M88: 4074.34 | N88: 3698.76 | O88: 3225.26 | P88: 2783.26 | Q88: 2765.59 | R88: 2895.21 | S88: 2887.94 | T88: 2653.75 | U88: 2415.82 | V88: 2492.46 | W88: 2756.24
A89: Jordan | B89: 299.07 | C89: 284.53 | D89: 294.19 | E89: 289.54 | F89: 289.58 | G89: 279.3 | H89: 303.23 | I89: 306.81 | J89: 320.87 | K89: 342.94 | L89: 338.35 | M89: 319.84 | N89: 333.81 | O89: 289.99 | P89: 219.41 | Q89: 199.65 | R89: 196.47 | S89: 186.11 | T89: 172.25 | U89: 175.38 | V89: 171.83 | W89: 161.24
A90: Kazakhstan | B90: 402.98 | C90: 338.3 | D90: 270.01 | E90: 272.6 | F90: 278.01 | G90: 259.87 | H90: 314.33 | I90: 374.39 | J90: 363.27 | K90: 369.38 | L90: 297.24 | M90: 243.64 | N90: 245.99 | O90: 251.25 | P90: 177.07 | Q90: 173.97 | R90: 142.36 | S90: 110.73 | T90: 74.47 | U90: 58.06 | V90: 50.32 | W90: 49.95
A91: Kenya | B91: 94.67 | C91: 86.68 | D91: 86.07 | E91: 75.66 | F91: 66.8 | G91: 74.27 | H91: 71.31 | I91: 73.19 | J91: 67.89 | K91: 64.72 | L91: 57.19 | M91: 58.93 | N91: 55.29 | O91: 55.42 | P91: 50.39 | Q91: 41.08 | R91: 31.14 | S91: 27.75 | T91: 25.71 | U91: 22.33 | V91: 22.14 | W91: 21.4
A92: Kiribati | B92: 261.53 | C92: 238.55 | D92: 177.47 | E92: 208.43 | F92: 179.45 | G92: 157.68 | H92: 118.44 | I92: 155.85 | J92: 155.06 | K92: 147.49 | L92: 142.51 | M92: 134.03 | N92: 168.72 | O92: 190.49 | P92: 147.91 | Q92: 126.7 | R92: 131.71 | S92: 132.1 | T92: 102.3 | U92: 92.83 | V92: 85.7 | W92: 65.45
A93: Kuwait | B93: 1860.78 | C93: 1542.32 | D93: 1643.57 | E93: 1660.99 | F93: 1361.48 | G93: 1278.63 | H93: 1235.62 | I93: 1260.88 | J93: 1188.28 | K93: 1196.21 | L93: 1143.14 | M93: 1050.42 | N93: 1025.88 | O93: 1069.66 | P93: 881.1 | Q93: 782.64 | R93: 727.7 | S93: 650.58 | T93: 628.85 | U93: 581.98 | V93: 558.32 | W93: 429.56
A94: Kyrgyzstan | B94: 72.85 | C94: 63.69 | D94: 63.05 | E94: 66.59 | F94: 77.84 | G94: 72.59 | H94: 80.72 | I94: 94.5 | J94: 105 | K94: 99.8 | L94: 79.33 | M94: 60.76 | N94: 59.76 | O94: 62.74 | P94: 49.78 | Q94: 44.9 | R94: 35.29 | S94: 26.71 | T94: 22.04 | U94: 14.67 | V94: 13.11 | W94: 12.25
A95: Lao People's Democratic Republic | B95: 68.88 | C95: 52.16 | D95: 67.82 | E95: 57.36 | F95: 61.6 | G95: 54.51 | H95: 52.15 | I95: 45.61 | J95: 43.57 | K95: 32.52 | L95: 27.16 | M95: 34.58 | N95: 35.78 | O95: 26.81 | P95: 24.81 | Q95: 19.28 | R95: 17.38 | S95: 16.27 | T95: 17.62 | U95: 12.92 | V95: 14.47 | W95: 14.1
... A99: Liberia | B99: 112.27 | C99: 101.29 | D99: 52.03 | E99: 69.11 | F99: 72.51 | G99: 68.5 | H99: 70.18 | I99: 59.99 | J99: 48.75 | K99: 50.36 | L99: 54.35 | M99: 50.64 | N99: 52.3 | O99: 26.56 | P99: 16.01 | Q99: 19.48 | R99: 20.64 | S99: 18.21 | T99: 6.16 | U99: 7.03 | V99: 6.91 | W99: 8.58
A100: Libya | L100: 312.85 | M100: 380.93 | N100: 342.55 | O100: 312.47 | P100: 269.95 | Q100: 231.38 | R100: 210.63 | S100: 202.57 | T100: 192.35 | U100: 185.2 | V100: 261.96 | W100: 254.32
A101: Lithuania | B101: 1858.59 | C101: 1520.39 | D101: 1369.98 | E101: 1249.03 | F101: 1083.3 | G101: 988.53 | H101: 920.2 | I101: 1021.23 | J101: 958.93 | K101: 896.94 | L101: 925.47 | M101: 805.22 | N101: 864.74 | O101: 936.51 | P101: 704.29 | Q101: 536.06 | R101: 438.93 | S101: 366.96 | T101: 338.86 | U101: 254.37 | V101: 218.82 | W101: 217.18
A102: Luxembourg | B102: 7635.7 | C102: 6785.86 | D102: 6221.74 | E102: 6227.08 | F102: 5713.12 | G102: 5475.14 | H102: 5421.93 | I102: 6547.03 | J102: 6356.64 | K102: 6029.47 | L102: 7174.74 | M102: 7459.84 | N102: 7670.59 | O102: 7578.75 | P102: 6671.27 | Q102: 6070.74 | R102: 5818.15 | S102: 5610.35 | T102: 4607.4 | U102: 3600.87 | V102: 3109.2 | W102: 2901.2
A103: Madagascar | B103: 17.64 | C103: 17.22 | D103: 15.89 | E103: 21.67 | F103: 24.18 | G103: 24.78 | H103: 22.81 | I103: 23.08 | J103: 19.76 | K103: 19.72 | L103: 23.37 | M103: 21.58 | N103: 19.97 | O103: 21.34 | P103: 19.72 | Q103: 16.76 | R103: 16.26 | S103: 14.57 | T103: 17.99 | U103: 15.31 | V103: 13.39 | W103: 11.4
A104: Malawi | B104: 46.56 | C104: 42.54 | D104: 41.78 | E104: 36.98 | F104: 37.93 | G104: 34.33 | H104: 35.28 | I104: 35.65 | J104: 39.88 | K104: 32.81 | L104: 39.6 | M104: 34.24 | N104: 35.81 | O104: 32.94 | P104: 25.17 | Q104: 21.08 | R104: 17.35 | S104: 16.06 | T104: 12.41 | U104: 11.27 | V104: 7.49 | W104: 8.92
A105: Malaysia | B105: 487.01 | C105: 414.96 | D105: 427.46 | E105: 416.32 | F105: 370.72 | G105: 353.64 | H105: 370.72 | I105: 415.65 | J105: 382.19 | K105: 371.79 | L105: 343.2 | M105: 285.03 | N105: 244.84 | O105: 262.78 | P105: 229.76 | Q105: 199.86 | R105: 161.63 | S105: 153.4 | T105: 141.87 | U105: 121.41 | V105: 114.84 | W105: 111.95
A106: Maldives | B106: 1038.67 | C106: 825.57 | D106: 851.51 | E106: 804.87 | F106: 932.76 | G106: 993.47 | H106: 823.19 | I106: 702.09 | J106: 670.55 | K106: 645.91 | L106: 587 | M106: 607.55 | N106: 678.18 | O106: 773.51 | P106: 477.29 | Q106: 403.24 | R106: 334.49 | S106: 303.87 | T106: 239.95 | U106: 248.91 | V106: 229.36 | W106: 219.48
A107: Mali | B107: 40.12 | C107: 28.85 | D107: 32.17 | E107: 31.96 | F107: 29.23 | G107: 28.31 | H107: 29.75 | I107: 36.68 | J107: 30.9 | K107: 28.27 | L107: 32.53 | M107: 32.2 | N107: 35.58 | O107: 34.1 | P107: 30.43 | Q107: 27.66 | R107: 24.62 | S107: 22.32 | T107: 19.29 | U107: 16.34 | V107: 13.53 | W107: 14.4
A108: Malta | B108: 3641.62 | C108: 3135.41 | D108: 2943.63 | E108: 2753.51 | F108: 2551.72 | G108: 2321.15 | H108: 2243.47 | I108: 2456.43 | J108: 2121.08 | K108: 1898.6 | L108: 1960.06 | M108: 1733.67 | N108: 1677.36 | O108: 1751.17 | P108: 1596.12 | Q108: 1474.48 | R108: 1379.69 | S108: 1223.86 | T108: 1074.09 | U108: 830.65 | V108: 685.98 | W108: 647.1
A109: Marshall Islands | B109: 766.94 | C109: 707.48 | D109: 782.24 | E109: 736.77 | F109: 646.29 | G109: 654.57 | H109: 571.25 | I109: 476.77 | J109: 485.22 | K109: 452.07 | L109: 424.92 | M109: 417.3 | N109: 406.95 | O109: 429.44 | P109: 445.58 | Q109: 532.66 | R109: 509.71 | S109: 381.62 | T109: 306.88 | U109: 311.03 | V109: 332.2 | W109: 370.74
A110: Mauritania | B110: 89.29 | C110: 63.3 | D110: 60.75 | E110: 55.62 | F110: 54.2 | G110: 48.9 | H110: 57.41 | I110: 59.37 | J110: 55.35 | K110: 49.02 | L110: 47.48 | M110: 43.39 | N110: 44.13 | O110: 48.52 | P110: 39.64 | Q110: 34.38 | R110: 33.18 | S110: 30.64 | T110: 28.69 | U110: 25.21 | V110: 22.58 | W110: 22.31
A111: Mauritius | B111: 564.9 | C111: 569.43 | D111: 670.97 | E111: 641.56 | F111: 594.63 | G111: 539.51 | H111: 515.37 | I111: 544.4 | J111: 440.1 | K111: 387.23 | L111: 385.77 | M111: 357 | N111: 301.46 | O111: 312.63 | P111: 229.04 | Q111: 203.08 | R111: 192.01 | S111: 184.66 | T111: 157.65 | U111: 132.4 | V111: 116.41 | W111: 115.96
A112: Mexico | B112: 610.65 | C112: 538.52 | D112: 552.7 | E112: 530.65 | F112: 514.89 | G112: 492.87 | H112: 558.17 | I112: 615.1 | J112: 631.21 | K112: 587.83 | L112: 570.73 | M112: 539.27 | N112: 496.81 | O112: 576.72 | P112: 560.49 | Q112: 516.06 | R112: 485.67 | S112: 448.06 | T112: 414.04 | U112: 388.03 | V112: 366.98 | W112: 321.8
... A115: Mongolia | B115: 315.58 | C115: 188.57 | D115: 197.55 | E115: 188.86 | F115: 160.92 | G115: 169.04 | H115: 165.85 | I115: 177.32 | J115: 180.84 | K115: 169.84 | L115: 136.05 | M115: 99.48 | N115: 76.66 | O115: 97.29 | P115: 66.24 | Q115: 49.6 | R115: 37.03 | S115: 32.63 | T115: 26.01 | U115: 29.05 | V115: 25.92 | W115: 26.42
A116: Montenegro | B116: 985.09 | C116: 866.17 | D116: 732.35 | E116: 727.26 | F116: 611.53 | G116: 596.28 | H116: 576.84 | I116: 578.73 | J116: 596.48 | K116: 535.58 | L116: 572.47
A117: Morocco | B117: 221.11 | C117: 193.1 | D117: 177.25 | E117: 175.28 | F117: 166.47 | G117: 161.83 | H117: 162.51 | I117: 188.4 | J117: 179.73 | K117: 172.06 | L117: 179.05 | M117: 168.38 | N117: 165.44 | O117: 153.1 | P117: 131.67 | Q117: 110 | R117: 96.96 | S117: 90.93 | T117: 77.51 | U117: 63.35 | V117: 56.33 | W117: 54.39
A118: Mozambique | B118: 44.52 | C118: 34.37 | D118: 40.41 | E118: 40.81 | F118: 36.26 | G118: 31.38 | H118: 39.91 | I118: 43.08 | J118: 41.18 | K118: 35.03 | L118: 30.28 | M118: 26.18 | N118: 27.63 | O118: 24.26 | P118: 19.3 | Q118: 18.1 | R118: 18.49 | S118: 14.23 | T118: 11.15 | U118: 9.95 | V118: 8.53 | W118: 6.96
A119: Myanmar | B119: 65.23 | C119: 72.04 | D119: 61.57 | E119: 60.38 | F119: 59.07 | G119: 59.22 | H119: 63.14 | I119: 53.87 | J119: 37.4 | K119: 36.97 | L119: 27.2 | M119: 20.08 | N119: 18.57 | O119: 14.61 | P119: 9.85 | Q119: 8.42 | R119: 7.61 | S119: 6.98 | T119: 6.54 | U119: 7.04 | V119: 4.6 | W119: 4.45
A120: Namibia | B120: 456.44 | C120: 378.42 | D120: 432.15 | E120: 472.99 | F120: 475.58 | G120: 430.22 | H120: 495.63 | I120: 466.2 | J120: 495.2 | K120: 557.59 | L120: 569.14 | M120: 522.16 | N120: 386.2 | O120: 413.37 | P120: 465.08 | Q120: 410.32 | R120: 375.39 | S120: 347.9 | T120: 257.41 | U120: 173.69 | V120: 185.72 | W120: 200.05
A121: Nauru | B121: 1529.52 | C121: 1318.17 | D121: 1158.77 | E121: 1175.69 | F121: 1092.88 | G121: 957.29 | H121: 959.49 | I121: 746.36 | J121: 818.12 | K121: 859.05 | L121: 659.43 | M121: 614.13 | N121: 563.17 | O121: 791.2 | P121: 572.73 | Q121: 354.25 | R121: 320.37 | S121: 210.49 | T121: 266.06 | U121: 291.12 | V121: 341.19 | W121: 454.44
A122: Nepal | B122: 65.3 | C122: 58.31 | D122: 52.83 | E122: 50.4 | F122: 49.33 | G122: 47.28 | H122: 46.86 | I122: 42.3 | J122: 35.41 | K122: 33.9 | L122: 34.4 | M122: 29.82 | N122: 20.98 | O122: 18.94 | P122: 17.19 | Q122: 13.7 | R122: 14.16 | S122: 12.93 | T122: 11.07 | U122: 10.46 | V122: 10.26 | W122: 8.34
A123: Netherlands (Kingdom of the) | B123: 6539.2 | C123: 5858.42 | D123: 5340.61 | E123: 5330.66 | F123: 4934.58 | G123: 4753.67 | H123: 4676.56 | I123: 5601.89 | J123: 5532.73 | K123: 5284.65 | L123: 5562.12 | M123: 5191.69 | N123: 5282.74 | O123: 5382.45 | P123: 4696.14 | Q123: 4080.22 | R123: 3823.48 | S123: 3689.46 | T123: 3244.36 | U123: 2544.81 | V123: 2175.73 | W123: 2028.18
A124: New Zealand | B124: 4906.07 | C124: 4223.22 | D124: 4085.79 | E124: 3957.86 | F124: 3903.68 | G124: 3739.4 | H124: 3600.96 | I124: 4192.74 | J124: 4014.97 | K124: 3856.17 | L124: 3656.73 | M124: 3233.78 | N124: 2713.81 | O124: 2851.12 | P124: 2706.8 | Q124: 2305.15 | R124: 2296.61 | S124: 1983.19 | T124: 1611.79 | U124: 1250.93 | V124: 1054.33 | W124: 1054.91
A125: Nicaragua | B125: 198.08 | C125: 161.2 | D125: 161.99 | E125: 168.45 | F125: 177.15 | G125: 167.37 | H125: 161.28 | I125: 152.64 | J125: 137.1 | K125: 130.78 | L125: 122.53 | M125: 115.32 | N125: 110.53 | O125: 107.07 | P125: 92.09 | Q125: 77.76 | R125: 72.14 | S125: 65.15 | T125: 60.82 | U125: 56.95 | V125: 56.52 | W125: 52.25
A126: Niger | B126: 34.34 | C126: 34.85 | D126: 31.22 | E126: 30.09 | F126: 28.69 | G126: 22.43 | H126: 25.73 | I126: 24.89 | J126: 24.44 | K126: 22.57 | L126: 24.69 | M126: 23.34 | N126: 24.41 | O126: 24.71 | P126: 20.84 | Q126: 19.79 | R126: 18.54 | S126: 13.96 | T126: 12.45 | U126: 10.75 | V126: 9.59 | W126: 8.96
A127: Nigeria | B127: 83.84 | C127: 69.76 | D127: 69.68 | E127: 65.7 | F127: 72.77 | G127: 78.24 | H127: 96.28 | I127: 106.12 | J127: 100.82 | K127: 91.06 | L127: 83.11 | M127: 75.59 | N127: 68.01 | O127: 80.1 | P127: 69.15 | Q127: 65.72 | R127: 53.93 | S127: 44.16 | T127: 39.08 | U127: 18.06 | V127: 18.49 | W127: 17.65
A128: Niue | B128: 1911.77 | C128: 1319.1 | D128: 1156.83 | E128: 1324.65 | F128: 1222.98 | G128: 1032.93 | H128: 1120.29 | I128: 1603.52 | J128: 1348.95 | K128: 1292.48 | L128: 2297.55 | M128: 1516.17 | N128: 2249.53 | O128: 2044.73 | P128: 2044.29 | Q128: 3647.83 | R128: 907.32 | S128: 1080.5 | T128: 511.34 | U128: 424.9 | V128: 1331.91 | W128: 291.53
... A162: South Africa | B162: 583.67 | C162: 492.21 | D162: 551.44 | E162: 570.1 | F162: 536.78 | G162: 463.34 | H162: 499.36 | I162: 547.83 | J162: 602.68 | K162: 654.25 | L162: 694.1 | M162: 628.13 | N162: 492.94 | O162: 446.9 | P162: 460.02 | Q162: 422.19 | R162: 404.4 | S162: 365.53 | T162: 288.38 | U162: 180.86 | V162: 204.26 | W162: 237.83
A163: South Sudan | B163: 32.68 | C163: 47.68 | D163: 34.99 | E163: 30.24 | F163: 27.01
A164: Spain | B164: 3234.29 | C164: 2899.02 | D164: 2716.83 | E164: 2741.38 | F164: 2524.68 | G164: 2376.6 | H164: 2349.09 | I164: 2679.48 | J164: 2629.47 | K164: 2590.23 | L164: 2908.92 | M164: 2789.64 | N164: 2937.72 | O164: 2995.19 | P164: 2606.28 | Q164: 2242.16 | R164: 2060.32 | S164: 1924.27 | T164: 1640.92 | U164: 1174.58 | V164: 1045.05 | W164: 1005.28
A165: Sri Lanka | B165: 166.18 | C165: 157.91 | D165: 160.31 | E165: 159.46 | F165: 146.17 | G165: 148.62 | H165: 146.95 | I165: 134.75 | J165: 134.59 | K165: 110.83 | L165: 116.34 | M165: 106.14 | N165: 98.56 | O165: 91.53 | P165: 72.86 | Q165: 64.82 | R165: 56.93 | S165: 50.65 | T165: 42.2 | U165: 42.74 | V165: 41.31 | W165: 43.72
A166: Sudan | B166: 21.58 | C166: 23.34 | D166: 35.51 | E166: 35.53 | F166: 71.14 | G166: 93.67 | H166: 98.25 | I166: 93.15 | J166: 102.36 | K166: 79.19 | L166: 83.55 | M166: 76.49 | N166: 83.11 | O166: 85.99 | P166: 84.98 | Q166: 57.64 | R166: 38.72 | S166: 30.63 | T166: 23.62 | U166: 17.47 | V166: 15.86 | W166: 14.61
A167: Suriname | B167: 298.93 | C167: 464.22 | D167: 611.95 | E167: 450.16 | F167: 325.38 | G167: 341.92 | H167: 517.38 | I167: 445.36 | J167: 438.41 | K167: 409.35 | L167: 378.15 | M167: 402.41 | N167: 382.56 | O167: 336.32 | P167: 310.97 | Q167: 315.47 | R167: 243.13 | S167: 213.9 | T167: 167.76 | U167: 158.49 | V167: 91.58 | W167: 166.08
A168: Sweden | B168: 6900.78 | C168: 6003.09 | D168: 5652.99 | E168: 6005.07 | F168: 5837.77 | G168: 5680.73 | H168: 5598.68 | I168: 6605.91 | J168: 6696.87 | K168: 6254.44 | L168: 6351.22 | M168: 4416.15 | N168: 4136.17 | O168: 4627.56 | P168: 4310.33 | Q168: 3765.4 | R168: 3547.63 | S168: 3488.17 | T168: 3110.2 | U168: 2459.1 | V168: 2155.85 | W168: 2173.19
A169: Switzerland | B169: 10897.45 | C169: 10085.46 | D169: 9341.06 | E169: 9212.43 | F169: 9119.97 | G169: 9078.76 | H169: 9082.45 | I169: 9307.97 | J169: 9118.19 | K169: 8753.82 | L169: 9138.37 | M169: 7640.45 | N169: 7297.38 | O169: 7120.65 | P169: 6154.7 | Q169: 5671.98 | R169: 5673.94 | S169: 5608.7 | T169: 5018.53 | U169: 4211.73 | V169: 3763.38 | W169: 3559.82
A170: Syrian Arab Republic | K170: 63.14 | L170: 74.86 | M170: 88.69 | N170: 87.92 | O170: 83.16 | P170: 72.41 | Q170: 64.37 | R170: 62.8 | S170: 60.8 | T170: 60.61 | U170: 63.64 | V170: 58.61 | W170: 54.56
A171: Turkiye | B171: 441.06 | C171: 395.24 | D171: 397.41 | E171: 387.66 | F171: 437.37 | G171: 459.93 | H171: 446.76 | I171: 519.9 | J171: 546.72 | K171: 519.89 | L171: 526.18 | M171: 532.93 | N171: 493.93 | O171: 563.64 | P171: 506.39 | Q171: 411.87 | R171: 360.65 | S171: 296.14 | T171: 235.91 | U171: 184.31 | V171: 151.55 | W171: 196.78
A172: Tajikistan | B172: 73.43 | C172: 69.69 | D172: 61.77 | E172: 59.66 | F172: 57.87 | G172: 55.8 | H172: 63.64 | I172: 73.94 | J172: 68.29 | K172: 57.38 | L172: 49.09 | M172: 42.45 | N172: 39.03 | O172: 41.43 | P172: 28.61 | Q172: 20.05 | R172: 17.37 | S172: 14.63 | T172: 10.95 | U172: 8.21 | V172: 7.56 | W172: 5.92
A173: Thailand | B173: 364.37 | C173: 305.09 | D173: 289.18 | E173: 275.67 | F173: 247.99 | G173: 230.61 | H173: 219.92 | I173: 214.52 | J173: 208.61 | K173: 202.52 | L173: 192.57 | M173: 169.38 | N173: 150.36 | O173: 149.71 | P173: 125.63 | Q173: 103.65 | R173: 90.88 | S173: 83.1 | T173: 76.24 | U173: 69.74 | V173: 57.2 | W173: 62.15
A174: Timor-Leste | B174: 135 | C174: 120.87 | D174: 79.26 | E174: 78.95 | F174: 86.75 | G174: 92.98 | H174: 101.42 | I174: 92.88 | J174: 102.55 | K174: 71.29 | L174: 64.28 | M174: 52.43 | N174: 49.87 | O174: 43.27 | P174: 30.09 | Q174: 27.4 | R174: 25.17 | S174: 19.86 | T174: 15.03
A175: Togo | B175: 54.15 | C175: 54.17 | D175: 50.16 | E175: 53.82 | F175: 52.89 | G175: 51.94 | H175: 37.41 | I175: 43.02 | J175: 40.56 | K175: 36.27 | L175: 35.26 | M175: 31.36 | N175: 29.04 | O175: 27.68 | P175: 22.97 | Q175: 18.61 | R175: 17.79 | S175: 16.9 | T175: 15.47 | U175: 12.65 | V175: 11.21 | W175: 11.23
A176: Tonga | B176: 279.25 | C176: 246.84 | D176: 229.94 | E176: 219.29 | F176: 212.57 | G176: 191.94 | H176: 169.95 | I176: 202.64 | J176: 163.81 | K176: 207.01 | L176: 155.89 | M176: 166.61 | N176: 117.48 | O176: 191.02 | P176: 134.67 | Q176: 149.32 | R176: 108.33 | S176: 102.74 | T176: 68.09 | U176: 62.7 | V176: 55.32 | W176: 53.43
A177: Trinidad and Tobago | B177: 1125.4 | C177: 1045.73 | D177: 1071.9 | E177: 1055.9 | F177: 1058.94 | G177: 1041.02 | H177: 1039.06 | I177: 990.25 | J177: 951.98 | K177: 878.46 | L177: 857.57 | M177: 811.33 | N177: 764.35 | O177: 740.37 | P177: 657.96 | Q177: 561.2 | R177: 523.75 | S177: 426.37 | T177: 354.66 | U177: 321.01 | V177: 270.08 | W177: 263.68
A178: Tunisia | B178: 265.46 | C178: 246.6 | D178: 209.53 | E178: 212.39 | F178: 220.81 | G178: 237.17 | H178: 246.11 | I178: 283.72 | J178: 280.64 | K178: 266.31 | L178: 267.08 | M178: 237.9 | N178: 228.49 | O178: 227.53 | P178: 199.67 | Q178: 176.49 | R178: 167.67 | S178: 165.23 | T178: 147.15 | U178: 123.13 | V178: 112.57 | W178: 109.57
A179: Turkmenistan | B179: 565.26 | C179: 483.8 | D179: 488.62 | E179: 457.07 | F179: 461.37 | G179: 408.2 | H179: 390.99 | I179: 422.53 | J179: 363.11 | K179: 307.66 | L179: 267.01 | M179: 214.19 | N179: 187.77 | O179: 247.25 | P179: 273.25 | Q179: 363.31 | R179: 335.88 | S179: 311.55 | T179: 204.34 | U179: 130.01 | V179: 121.9 | W179: 75.75
A180: Tuvalu | B180: 1070.96 | C180: 879.49 | D180: 1109.27 | E180: 820.4 | F180: 1014.11 | G180: 714.24 | H180: 457.81 | I180: 522.54 | J180: 507.16 | K180: 492.84 | L180: 516.6 | M180: 476.29 | N180: 330.92 | O180: 314 | P180: 294.89 | Q180: 294.8 | R180: 244.13 | S180: 230.17 | T180: 289.57 | U180: 217.83 | V180: 268.2 | W180: 349.95
A181: Uganda | B181: 43.45 | C181: 36.88 | D181: 33.4 | E181: 32.99 | F181: 31.48 | G181: 39.13 | H181: 40.16 | I181: 51.04 | J181: 53 | K181: 55.14 | L181: 55.31 | M181: 51.96 | N181: 44.42 | O181: 40.08 | P181: 36.13 | Q181: 31.63 | R181: 25.88 | S181: 18.61 | T181: 14.23 | U181: 15.74 | V181: 15.98 | W181: 16.41
A182: Ukraine | B182: 367.98 | C182: 269.73 | D182: 246.91 | E182: 221.47 | F182: 186.9 | G182: 157.25 | H182: 157.51 | I182: 212.76 | J182: 280.93 | K182: 275.56 | L182: 244.36 | M182: 202.87 | N182: 168.74 | O182: 216.25 | P182: 186.15 | Q182: 148.43 | R182: 116.28 | S182: 84.5 | T182: 68.88 | U182: 52.88 | V182: 44.77 | W182: 35.1
A183: United Arab Emirates | B183: 2351.81 | C183: 2191.81 | D183: 1990.28 | E183: 1914.93 | F183: 1726.24 | G183: 1599.4 | H183: 1439.3 | I183: 1656.27 | J183: 1601.55 | K183: 1480.73 | L183: 1500.8 | M183: 1325.2 | N183: 1284.76 | O183: 1321.94 | P183: 1126.81 | Q183: 1054.33 | R183: 978.9 | S183: 911.39 | T183: 862.9 | U183: 821.35 | V183: 743.05 | W183: 753.08
A184: United Kingdom of Great Britain and Northern Ireland | B184: 5738.48 | C184: 4906.24 | D184: 4268.68 | E184: 4226.21 | F184: 3910.81 | G184: 4017.34 | H184: 4433.86 | I184: 4697.76 | J184: 4304.48 | K184: 4242.23 | L184: 4199.08 | M184: 3956.39 | N184: 3914.2 | O184: 4297.48 | P184: 4367.54 | Q184: 3857.49 | R184: 3536.32 | S184: 3366.34 | T184: 2784.54 | U184: 2306.13 | V184: 2052.35 | W184: 2020.53
A185: United Republic of Tanzania | B185: 37.16 | C185: 31.39 | D185: 39.56 | E185: 40.83 | F185: 38.66 | G185: 36.26 | H185: 32.91 | I185: 39.48 | J185: 43.09 | K185: 41.64 | L185: 37.43 | M185: 36.9 | N185: 33.39 | O185: 36.01 | P185: 35.99 | Q185: 35.36 | R185: 27.53 | S185: 23.29 | T185: 20.26 | U185: 16.93 | V185: 15.08 | W185: 12.26
A186: United States of America | B186: 12012.24 | C186: 11758.42 | D186: 10658.4 | E186: 10280.53 | F186: 9902.82 | G186: 9599.89 | H186: 9248.93 | I186: 8828.48 | J186: 8433.7 | K186: 8274.37 | L186: 8021.59 | M186: 7833.04 | N186: 7602.75 | O186: 7347.45 | P186: 7132.45 | Q186: 6779.23 | R186: 6404.19 | S186: 6047.82 | T186: 5708.55 | U186: 5304.52 | V186: 4881.21 | W186: 4533.83
... A189: Vanuatu | B189: 133.15 | C189: 116.56 | D189: 101.97 | E189: 102.08 | F189: 83.78 | G189: 80.82 | H189: 114.26 | I189: 104.34 | J189: 126.39 | K189: 114.38 | L189: 110.28 | M189: 96.37 | N189: 80.4 | O189: 79.24 | P189: 70.28 | Q189: 65.47 | R189: 59.98 | S189: 60.83 | T189: 53.21 | U189: 50.72 | V189: 44.34 | W189: 46.83
A190: Venezuela (Bolivarian Republic of) | B190: 160.1 | C190: 152.76 | D190: 113.29 | E190: 165.32
A191: Viet Nam | B191: 172.55 | C191: 154.24 | D191: 173.65 | E191: 164.24 | F191: 149.31 | G191: 134.45 | H191: 122.27 | I191: 120.03 | J191: 104.46 | K191: 109.55 | L191: 97.18 | M191: 85.4 | N191: 69.81 | O191: 64.12 | P191: 53.68 | Q191: 45.87 | R191: 38.01 | S191: 31.21 | T191: 24.3 | U191: 21.37 | V191: 24.96 | W191: 20.58
A192: Yemen | H192: 63.3 | I192: 75.42 | J192: 74.3 | K192: 70.13 | L192: 61.27 | M192: 64.44 | N192: 62.6 | O192: 66.47 | P192: 55.68 | Q192: 48.03 | R192: 40.91 | S192: 36.9 | T192: 33.59 | U192: 26.28 | V192: 25.46 | W192: 24.14
...

Sheet GHED18
