Workbook

Sheet densities
A1: Country | B1: Doctors, Nurses and midwives density 2012 | C1: Data available year | D1: Doctors, Nurses and midwives density 2017 | E1: Data available year | F1: Doctors, Nurses and midwives density 2022 | G1: latest year
A2: Lesotho | B2: 6.0717945 | C2: 2013 | D2: 7.25 | E2: 2013 | F2: 3.2439575 | G2: 2022
A3: Niger | B3: 2.0563197 | C3: 2012 | D3: 0.43702429 | E3: 2017 | F3: 4.571509 | G3: 2022
A4: Central African Republic | B4: 2.1405837 | C4: 2013 | D4: 5.1915898 | E4: 2015 | F4: 4.8468483 | G4: 2021
A5: Madagascar | B5: 7.0068065 | C5: 2012 | D5: 2.2400086 | E5: 2017 | F5: 4.87 | G5: 2021
A6: United Republic of Tanzania | B6: 9.3252986 | C6: 2012 | D6: 11.353007 | E6: 2017 | F6: 6 | G6: 2021
A7: Chad | B7: 6.4053784 | C7: 2012 | D7: 5.4859231 | E7: 2017 | F7: 6.0615073 | G7: 2022
A8: Guinea | B8: 14.352312 | C8: 2014 | D8: 15.9 | E8: 2018 | F8: 8.0407866 | G8: 2022
A9: Mali | B9: 9.4334213 | C9: 2012 | D9: 2.3695904 | E9: 2017 | F9: 11.025251 | G9: 2022
A10: Malawi | B10: 4.7339197 | C10: 2013 | D10: 6.54 | E10: 2016 | F10: 11.044671 | G10: 2022
A11: Senegal | B11: 5.8357264 | C11: 2013 | D11: 7.768941 | E11: 2017 | F11: 11.524303 | G11: 2022
A12: Togo | B12: 2.3120561 | C12: 2013 | D12: 10.133971 | E12: 2017 | F12: 12.011936 | G12: 2022
A13: Mozambique | B13: 9.347584 | C13: 2012 | D13: 11.392243 | E13: 2017 | F13: 12.111187 | G13: 2022
... A15: Sao Tome and Principe | B15: 24.67 | C15: 2013 | D15: 26.42 | E15: 2018 | F15: 14.34 | G15: 2021
A16: South Sudan | B16: 0.028813174 | C16: 2013 | E16: 2017 | F16: 15.18 | G16: 2020
A17: Kenya | B17: 31.954128 | C17: 2012 | D17: 21.724218 | E17: 2017 | F17: 15.34071 | G17: 2022
A18: Gambia | B18: 23.153652 | C18: 2012 | D18: 16.613601 | E18: 2017 | F18: 15.973996 | G18: 2021
A19: Benin | B19: 13.243355 | C19: 2012 | D19: 15.596686 | E19: 2016 | F19: 16.073705 | G19: 2022
A20: Cameroon | B20: 17.43 | C20: 2013 | D20: 9.9 | E20: 2018 | F20: 16.177593 | G20: 2022
A21: Burundi | B21: 14.292308 | C21: 2012 | D21: 16.549546 | E21: 2017 | F21: 16.608753 | G21: 2021
A22: South Africa | B22: 22.098773 | C22: 2012 | D22: 15.766966 | E22: 2017 | F22: 16.684499 | G22: 2022
A23: Ethiopia | B23: 3.35 | C23: 2013 | D23: 16.296797 | E23: 2017 | F23: 17.849906 | G23: 2022
A24: Comoros | B24: 23.080772 | C24: 2012 | D24: 19.3 | E24: 2017 | F24: 18.73 | G24: 2021
A25: Côte d'Ivoire | B25: 11.242912 | C25: 2013 | D25: 16.29 | E25: 2018 | F25: 19.412978 | G25: 2022
A26: Equatorial Guinea | B26: 5.13 | C26: 2013 | D26: 15.730402 | E26: 2017 | F26: 19.547342 | G26: 2022
A27: Liberia | B27: 3.6410351 | C27: 2013 | D27: 15.78 | E27: 2018 | F27: 19.693811 | G27: 2022
A28: Cabo Verde | B28: 30.38227 | C28: 2012 | D28: 24.355965 | E28: 2017 | F28: 20.27 | G28: 2021
... A49: Seychelles | B49: 107.44001 | C49: 2012 | D49: 89.12 | E49: 2018 | F49: 115.52 | G49: 2021

Sheet anual growth
A1: Country | B1: Doctors, Nurses and midwives density 2012 | C1: Data available year | D1: Doctors, Nurses and midwives density 2017 | E1: Data available year | F1: Doctors, Nurses and midwives density 2022 | G1: latest year | H1: Annual growth 2012 - 2017 | I1: Annual growth 2017 - 2022
A2: Lesotho | B2: 6.0717945 | C2: 2013 | D2: 7.25 | E2: 2013 | F2: 3.2439575 | G2: 2022 | H2: =((D2/B2))^(1/5)-1 -> 0.036106001 | I2: =((F2/D2))^(1/5)-1 -> -0.14857298
A3: Guinea | B3: 14.352312 | C3: 2014 | D3: 15.9 | E3: 2018 | F3: 8.0407866 | G3: 2022 | H3: =((D3/B3))^(1/5)-1 -> 0.020692798 | I3: =((F3/D3))^(1/5)-1 -> -0.12747017
A4: United Republic of Tanzania | B4: 9.3252986 | C4: 2012 | D4: 11.353007 | E4: 2017 | F4: 6 | G4: 2021 | H4: =((D4/B4))^(1/5)-1 -> 0.040134809 | I4: =((F4/D4))^(1/5)-1 -> -0.11974587
A5: Sao Tome and Principe | B5: 24.67 | C5: 2013 | D5: 26.42 | E5: 2018 | F5: 14.34 | G5: 2021 | H5: =((D5/B5))^(1/5)-1 -> 0.013801041 | I5: =((F5/D5))^(1/5)-1 -> -0.11504076
A6: Kenya | B6: 31.954128 | C6: 2012 | D6: 21.724218 | E6: 2017 | F6: 15.34071 | G6: 2022 | H6: =((D6/B6))^(1/5)-1 -> -0.07427192 | I6: =((F6/D6))^(1/5)-1 -> -0.067217778
A7: Algeria | B7: 34.11 | C7: 2013 | D7: 44.729083 | E7: 2017 | F7: 32.9 | G7: 2021 | H7: =((D7/B7))^(1/5)-1 -> 0.055702758 | I7: =((F7/D7))^(1/5)-1 -> -0.059581466
A8: Mauritius | B8: 84.718111 | C8: 2012 | D8: 113.8761 | E8: 2017 | F8: 84.834652 | G8: 2022 | H8: =((D8/B8))^(1/5)-1 -> 0.060941078 | I8: =((F8/D8))^(1/5)-1 -> -0.057181407
A9: Gabon | B9: 50.62 | C9: 2013 | D9: 73.399151 | E9: 2017 | F9: 55.36225 | G9: 2022 | H9: =((D9/B9))^(1/5)-1 -> 0.07714403 | I9: =((F9/D9))^(1/5)-1 -> -0.054841728
A10: Zimbabwe | B10: 25.020107 | C10: 2012 | D10: 56.477818 | E10: 2017 | F10: 46.621628 | G10: 2022 | H10: =((D10/B10))^(1/5)-1 -> 0.17684089 | I10: =((F10/D10))^(1/5)-1 -> -0.037630381
A11: Cabo Verde | B11: 30.38227 | C11: 2012 | D11: 24.355965 | E11: 2017 | F11: 20.27 | G11: 2021 | H11: =((D11/B11))^(1/5)-1 -> -0.043253182 | I11: =((F11/D11))^(1/5)-1 -> -0.036060714
A12: Central African Republic | B12: 2.1405837 | C12: 2013 | D12: 5.1915898 | E12: 2015 | F12: 4.8468483 | G12: 2021 | H12: =((D12/B12))^(1/5)-1 -> 0.19386064 | I12: =((F12/D12))^(1/5)-1 -> -0.013648268
A13: Gambia | B13: 23.153652 | C13: 2012 | D13: 16.613601 | E13: 2017 | F13: 15.973996 | G13: 2021 | H13: =((D13/B13))^(1/5)-1 -> -0.06423056 | I13: =((F13/D13))^(1/5)-1 -> -0.0078211653
... A48: Niger | B48: 2.0563197 | C48: 2012 | D48: 0.43702429 | E48: 2017 | F48: 4.571509 | G48: 2022 | H48: =((D48/B48))^(1/5)-1 -> -0.26636002 | I48: =((F48/D48))^(1/5)-1 -> 0.59922953
A49: South Sudan | B49: 0.028813174 | C49: 2013 | E49: 2017 | F49: 15.18 | G49: 2020

Sheet Sheet4
A3: Row Labels | B3: Sum of Medical doctors | C3: Sum of Nursing Personnel | D3: Sum of Midwifery personnel | E3: Sum of Pharmacists | F3: Sum of Dentists | G3: Sum of Community health workers | H3: Sum of Dieticians and nutritionists | I3: Sum of Environmental and occupational health & hygiene workers | J3: Sum of Health care assistants and other personal care workers in health services | K3: Sum of Health service managers | L3: Sum of Medical and dental prosthetic technicians | M3: Sum of Medical and pathology laboratory technicians | N3: Sum of Medical assistants – clinical officers | O3: Sum of Medical imaging and therapeutic equipment operators | P3: Sum of Medical records and health information technicians | Q3: Sum of Medical technicians and equipment operators | R3: Sum of Optometrists and opticians | S3: Sum of Other health management and support workers | T3: Sum of Other health service providers | U3: Sum of Other science professionals and technicians | V3: Sum of Paramedical practitioners (specify) | W3: Sum of Physiotherapists and physiotherapy assistants | X3: Sum of Social workers | Y3: Sum of Speech Therapist | Z3: Sum of Traditional and complementary medicine practitioners
A4: AGO | B4: 6593 | C4: 46082 | D4: 1438 | E4: 2302 | F4: 1652 | G4: 1680 | H4: 0 | I4: 657 | J4: 0 | K4: 328 | L4: 75 | M4: 98 | N4: 134 | O4: 789 | P4: 190 | Q4: 0 | R4: 56 | S4: 28324 | T4: 0 | U4: 468 | V4: 56 | W4: 1156 | X4: 0 | Y4: 0 | Z4: 16380
A5: BDI | B5: 1084 | C5: 8996 | D5: 160 | E5: 119 | F5: 14 | G5: 11845 | H5: 10 | I5: 372 | J5: 8664 | K5: 1383 | L5: 0 | M5: 1071 | N5: 0 | O5: 86 | P5: 108 | Q5: 0 | R5: 0 | S5: 2906 | T5: 0 | U5: 155 | V5: 0 | W5: 9 | X5: 0 | Y5: 0 | Z5: 1000
A6: BEN | B6: 710 | C6: 3260 | D6: 813 | E6: 14 | F6: 0 | G6: 0 | H6: 0 | I6: 619 | J6: 2623 | K6: 0 | L6: 0 | M6: 241 | N6: 0 | O6: 54 | P6: 0 | Q6: 0 | R6: 0 | S6: 156 | T6: 1994 | U6: 0 | V6: 146 | W6: 0 | X6: 0 | Y6: 0 | Z6: 0
A7: BFA | B7: 1626 | C7: 10325 | D7: 6569 | E7: 792 | F7: 80 | G7: 2749 | H7: 19 | I7: 160 | J7: 1224 | K7: 653 | L7: 3 | M7: 699 | N7: 0 | O7: 128 | P7: 4 | Q7: 0 | R7: 3 | S7: 871 | T7: 44 | U7: 2 | V7: 0 | W7: 18 | X7: 0 | Y7: 0 | Z7: 336
A8: BWA | B8: 853 | C8: 6935 | D8: 0 | E8: 487 | F8: 94 | G8: 0 | H8: 0 | I8: 99 | J8: 1622 | K8: 0 | L8: 0 | M8: 460 | N8: 0 | O8: 78 | P8: 62 | Q8: 0 | R8: 1 | S8: 0 | T8: 20 | U8: 0 | V8: 58 | W8: 38 | X8: 0 | Y8: 0 | Z8: 0
A9: CAF | B9: 335 | C9: 751 | D9: 444 | E9: 36 | F9: 10 | G9: 115 | H9: 0 | I9: 105 | J9: 79 | K9: 22 | L9: 0 | M9: 112 | N9: 104 | O9: 3 | P9: 20 | Q9: 0 | R9: 0 | S9: 65 | T9: 14 | U9: 3 | V9: 200 | W9: 0 | X9: 0 | Y9: 0 | Z9: 0
A10: CIV | B10: 5602 | C10: 11730 | D10: 5460 | E10: 2495 | F10: 506 | G10: 14556 | H10: 25 | I10: 1425 | J10: 3640 | K10: 91 | L10: 0 | M10: 0 | N10: 242 | O10: 0 | P10: 123 | Q10: 3103 | R10: 700 | S10: 139 | T10: 14 | U10: 497 | V10: 21440 | W10: 151 | X10: 0 | Y10: 0 | Z10: 4437
A11: CMR | B11: 3259 | C11: 9925 | D11: 690 | E11: 350 | F11: 308 | G11: 0 | H11: 38 | I11: 238 | J11: 10717 | K11: 250 | L11: 0 | M11: 5235 | N11: 0 | O11: 124 | P11: 0 | Q11: 0 | R11: 0 | S11: 0 | T11: 0 | U11: 0 | V11: 0 | W11: 0 | X11: 0 | Y11: 0 | Z11: 0
A12: COD | B12: 31546 | C12: 103785 | D12: 3642 | E12: 1687 | F12: 404 | G12: 0 | H12: 535 | I12: 167 | J12: 0 | K12: 2651 | L12: 0 | M12: 2934 | N12: 0 | O12: 338 | P12: 0 | Q12: 0 | R12: 0 | S12: 74310 | T12: 1608 | U12: 0 | V12: 0 | W12: 395 | X12: 0 | Y12: 0 | Z12: 0
A13: COG | B13: 544 | C13: 4012 | D13: 1069 | E13: 157 | F13: 27 | G13: 0 | H13: 0 | I13: 374 | J13: 850 | K13: 790 | L13: 0 | M13: 320 | N13: 0 | O13: 97 | P13: 0 | Q13: 0 | R13: 0 | S13: 111 | T13: 445 | U13: 216 | V13: 0 | W13: 0 | X13: 0 | Y13: 0 | Z13: 0
A14: COM | B14: 220 | C14: 747 | D14: 487 | E14: 55 | F14: 32 | G14: 0 | H14: 0 | I14: 389 | J14: 0 | K14: 0 | L14: 0 | M14: 8 | N14: 0 | O14: 498 | P14: 0 | Q14: 0 | R14: 0 | S14: 44 | T14: 115 | U14: 161 | V14: 0 | W14: 0 | X14: 0 | Y14: 0 | Z14: 0
A15: CPV | B15: 452 | C15: 768 | D15: 27 | E15: 172 | F15: 81 | G15: 117 | H15: 18 | I15: 1 | J15: 149 | K15: 61 | L15: 20 | M15: 65 | N15: 3 | O15: 27 | P15: 14 | Q15: 0 | R15: 40 | S15: 1357 | T15: 95 | U15: 11 | V15: 0 | W15: 58 | X15: 0 | Y15: 0 | Z15: 1
... A51: Grand Total | B51: 334167 | C51: 1093957 | D51: 217551 | E51: 94098 | F51: 58028 | G51: 486186 | H51: 3655 | I51: 40043 | J51: 117455 | K51: 30754 | L51: 2266 | M51: 370104 | N51: 41427 | O51: 25804 | P51: 51114 | Q51: 3103 | R51: 8804 | S51: 385034 | T51: 43201 | U51: 28773 | V51: 53152 | W51: 34768 | X51: 509 | Y51: 2 | Z51: 49742

Sheet 2018 rep summaries
A1: Row Labels | B1: AGO | C1: BDI | D1: BEN | E1: BFA | F1: BWA | G1: CAF | H1: CIV | I1: CMR | J1: COD | K1: COG | L1: COM | M1: CPV | N1: DZA | O1: ERI | P1: ETH | Q1: GAB | R1: GHA | S1: GIN | T1: GMB | U1: GNB | V1: GNQ | W1: KEN | X1: LBR | Y1: LSO | Z1: MDG | AA1: MLI | AB1: MOZ | AC1: MRT | AD1: MUS | AE1: MWI | AF1: NAM | AG1: NER | AH1: NGA | AI1: RWA | AJ1: SEN | AK1: SLE | AL1: SSD | AM1: STP | AN1: SWZ | AO1: SYC | AP1: TCD | AQ1: TGO | AR1: TZA | AS1: UGA | AT1: ZAF | AU1: ZMB | AV1: ZWE
A2: Medical doctors | B2: 6593 | C2: 1084 | D2: 710 | E2: 1626 | F2: 853 | G2: 335 | H2: 5602 | I2: 3259 | J2: 31546 | K2: 544 | L2: 220 | M2: 452 | N2: 73168 | O2: 280 | P2: 11263 | Q2: 1368 | R2: 4406 | S2: 2787 | T2: 298 | U2: 318 | V2: 246 | W2: 8042 | X2: 246 | Y2: 998 | Z2: 5230 | AA2: 2866 | AB2: 2180 | AC2: 1626 | AD2: 2395 | AE2: 2760 | AF2: 1445 | AG2: 1065 | AH2: 83907 | AI2: 1350 | AJ2: 2883 | AK2: 281 | AL2: 411 | AM2: 60 | AN2: 278 | AO2: 240 | AP2: 803 | AQ2: 584 | AR2: 2885 | AS2: 17186 | AT2: 43503 | AU2: 2026 | AV2: 1959 | AW2: 334167
A3: Nursing Personnel | B3: 46082 | C3: 8996 | D3: 3260 | E3: 10325 | F3: 6935 | G3: 751 | H3: 11730 | I3: 9925 | J3: 103785 | K3: 4012 | L3: 747 | M3: 768 | N3: 57705 | O3: 3939 | P3: 61772 | Q3: 5352 | R3: 42827 | S3: 6329 | T3: 1178 | U3: 1264 | V3: 355 | W3: 59901 | X3: 8488 | Y3: 967 | Z3: 4560 | AA3: 5225 | AB3: 7961 | AC3: 4017 | AD3: 4419 | AE3: 6025 | AF3: 12956 | AG3: 3581 | AH3: 180709 | AI3: 9551 | AJ3: 4577 | AK3: 5302 | AL3: 2014 | AM3: 206 | AN3: 2204 | AO3: 1272 | AP3: 3863 | AQ3: 1966 | AR3: 31940 | AS3: 16407 | AT3: 287458 | AU3: 14516 | AV3: 25835 | AW3: 1093957
A4: Midwifery personnel | B4: 1438 | C4: 160 | D4: 813 | E4: 6569 | F4: 0 | G4: 444 | H4: 5460 | I4: 690 | J4: 3642 | K4: 1069 | L4: 487 | M4: 27 | N4: 8620 | O4: 45 | P4: 16161 | Q4: 733 | R4: 10625 | S4: 866 | T4: 320 | U4: 157 | V4: 51 | W4: 0 | X4: 927 | Y4: 2779 | Z4: 3164 | AA4: 3169 | AB4: 5820 | AC4: 855 | AD4: 567 | AE4: 0 | AF4: 0 | AG4: 902 | AH4: 120870 | AI4: 1207 | AJ4: 3015 | AK4: 391 | AL4: 1712 | AM4: 50 | AN4: 14 | AO4: 5 | AP4: 936 | AQ4: 1268 | AR4: 0 | AS4: 7237 | AT4: 0 | AU4: 3432 | AV4: 854 | AW4: 217551
A5: Pharmacists | B5: 2302 | C5: 119 | D5: 14 | E5: 792 | F5: 487 | G5: 36 | H5: 2495 | I5: 350 | J5: 1687 | K5: 157 | L5: 55 | M5: 172 | N5: 14106 | O5: 451 | P5: 10752 | Q5: 227 | R5: 2127 | S5: 255 | T5: 79 | U5: 82 | V5: 10 | W5: 2295 | X5: 1071 | Y5: 398 | Z5: 329 | AA5: 1424 | AB5: 2310 | AC5: 100 | AD5: 748 | AE5: 387 | AF5: 907 | AG5: 60 | AH5: 24668 | AI5: 167 | AJ5: 215 | AK5: 156 | AL5: 360 | AM5: 0 | AN5: 281 | AO5: 124 | AP5: 269 | AQ5: 226 | AR5: 1845 | AS5: 324 | AT5: 16195 | AU5: 1708 | AV5: 776 | AW5: 94098
A6: Dentists | B6: 1652 | C6: 14 | D6: 0 | E6: 80 | F6: 94 | G6: 10 | H6: 506 | I6: 308 | J6: 404 | K6: 27 | L6: 32 | M6: 81 | N6: 12781 | O6: 186 | P6: 1889 | Q6: 40 | R6: 713 | S6: 73 | T6: 3 | U6: 16 | V6: 0 | W6: 1764 | X6: 24 | Y6: 159 | Z6: 556 | AA6: 30 | AB6: 545 | AC6: 151 | AD6: 466 | AE6: 112 | AF6: 289 | AG6: 30 | AH6: 25487 | AI6: 228 | AJ6: 236 | AK6: 423 | AL6: 32 | AM6: 0 | AN6: 74 | AO6: 163 | AP6: 3 | AQ6: 21 | AR6: 682 | AS6: 26 | AT6: 6816 | AU6: 455 | AV6: 347 | AW6: 58028
A7: Community health workers | B7: 1680 | C7: 11845 | D7: 0 | E7: 2749 | F7: 0 | G7: 115 | H7: 14556 | I7: 0 | J7: 0 | K7: 0 | L7: 0 | M7: 117 | N7: 0 | O7: 243 | P7: 37259 | Q7: 0 | R7: 15820 | S7: 16567 | T7: 1553 | U7: 4057 | V7: 0 | W7: 58079 | X7: 3391 | Y7: 14508 | Z7: 35000 | AA7: 1152 | AB7: 2205 | AC7: 500 | AD7: 180 | AE7: 10016 | AF7: 2292 | AG7: 55 | AH7: 116454 | AI7: 45000 | AJ7: 17417 | AK7: 505 | AL7: 1455 | AM7: 0 | AN7: 6324 | AO7: 0 | AP7: 7 | AQ7: 7500 | AR7: 0 | AS7: 0 | AT7: 54180 | AU7: 1262 | AV7: 2143 | AW7: 486186
A8: Dieticians and nutritionists | B8: 0 | C8: 10 | D8: 0 | E8: 19 | F8: 0 | G8: 0 | H8: 25 | I8: 38 | J8: 535 | K8: 0 | L8: 0 | M8: 18 | N8: 381 | O8: 0 | P8: 147 | Q8: 6 | R8: 0 | S8: 0 | T8: 0 | U8: 0 | V8: 0 | W8: 1147 | X8: 0 | Y8: 29 | Z8: 414 | AA8: 7 | AB8: 0 | AC8: 20 | AD8: 0 | AE8: 25 | AF8: 33 | AG8: 42 | AH8: 0 | AI8: 0 | AJ8: 4 | AK8: 103 | AL8: 22 | AM8: 0 | AN8: 0 | AO8: 5 | AP8: 58 | AQ8: 12 | AR8: 148 | AS8: 3 | AT8: 0 | AU8: 404 | AV8: 0 | AW8: 3655
A9: Environmental and occupational health & hygiene workers | B9: 657 | C9: 372 | D9: 619 | E9: 160 | F9: 99 | G9: 105 | H9: 1425 | I9: 238 | J9: 167 | K9: 374 | L9: 389 | M9: 1 | N9: 1249 | O9: 243 | P9: 2662 | Q9: 312 | R9: 47 | S9: 0 | T9: 316 | U9: 3 | V9: 0 | W9: 5310 | X9: 285 | Y9: 144 | Z9: 15 | AA9: 78 | AB9: 0 | AC9: 5 | AD9: 48 | AE9: 35 | AF9: 218 | AG9: 101 | AH9: 14645 | AI9: 0 | AJ9: 573 | AK9: 406 | AL9: 250 | AM9: 0 | AN9: 187 | AO9: 50 | AP9: 76 | AQ9: 340 | AR9: 578 | AS9: 16 | AT9: 3585 | AU9: 2016 | AV9: 1644 | AW9: 40043
A10: Health care assistants and other personal care workers in health services | B10: 0 | C10: 8664 | D10: 2623 | E10: 1224 | F10: 1622 | G10: 79 | H10: 3640 | I10: 10717 | J10: 0 | K10: 850 | L10: 0 | M10: 149 | N10: 41461 | O10: 0 | P10: 0 | Q10: 86 | R10: 4059 | S10: 1 | T10: 0 | U10: 0 | V10: 1847 | W10: 0 | X10: 148 | Y10: 849 | Z10: 311 | AA10: 2153 | AB10: 0 | AC10: 38 | AD10: 1153 | AE10: 178 | AF10: 0 | AG10: 152 | AH10: 0 | AI10: 0 | AJ10: 1670 | AK10: 0 | AL10: 0 | AM10: 0 | AN10: 927 | AO10: 258 | AP10: 738 | AQ10: 3413 | AR10: 25803 | AS10: 527 | AT10: 0 | AU10: 0 | AV10: 2115 | AW10: 117455
A11: Health service managers | B11: 328 | C11: 1383 | D11: 0 | E11: 653 | F11: 0 | G11: 22 | H11: 91 | I11: 250 | J11: 2651 | K11: 790 | L11: 0 | M11: 61 | N11: 10838 | O11: 0 | P11: 4365 | Q11: 318 | R11: 1033 | S11: 189 | T11: 0 | U11: 130 | V11: 0 | W11: 0 | X11: 1404 | Y11: 110 | Z11: 411 | AA11: 25 | AB11: 2466 | AC11: 20 | AD11: 315 | AE11: 178 | AF11: 313 | AG11: 226 | AH11: 0 | AI11: 0 | AJ11: 135 | AK11: 0 | AL11: 20 | AM11: 79 | AN11: 195 | AO11: 0 | AP11: 732 | AQ11: 63 | AR11: 633 | AS11: 0 | AT11: 0 | AU11: 0 | AV11: 327 | AW11: 30754
A12: Medical and dental prosthetic technicians | B12: 75 | C12: 0 | D12: 0 | E12: 3 | F12: 0 | G12: 0 | H12: 0 | I12: 0 | J12: 0 | K12: 0 | L12: 0 | M12: 20 | N12: 663 | O12: 0 | P12: 52 | Q12: 46 | R12: 0 | S12: 0 | T12: 0 | U12: 5 | V12: 5 | W12: 468 | X12: 0 | Y12: 10 | Z12: 52 | AA12: 0 | AB12: 29 | AC12: 9 | AD12: 12 | AE12: 0 | AF12: 470 | AG12: 11 | AH12: 0 | AI12: 0 | AJ12: 100 | AK12: 128 | AL12: 21 | AM12: 0 | AN12: 0 | AO12: 2 | AP12: 0 | AQ12: 2 | AR12: 73 | AS12: 0 | AT12: 0 | AU12: 0 | AV12: 10 | AW12: 2266
A13: Other science professionals and technicians | B13: 468 | C13: 155 | D13: 0 | E13: 2 | F13: 0 | G13: 3 | H13: 497 | I13: 0 | J13: 0 | K13: 216 | L13: 161 | M13: 11 | N13: 0 | O13: 0 | P13: 672 | Q13: 83 | R13: 398 | S13: 0 | T13: 0 | U13: 0 | V13: 134 | W13: 0 | X13: 115 | Y13: 416 | Z13: 0 | AA13: 1496 | AB13: 5726 | AC13: 326 | AD13: 274 | AE13: 0 | AF13: 1739 | AG13: 191 | AH13: 0 | AI13: 321 | AJ13: 1045 | AK13: 0 | AL13: 16 | AM13: 146 | AN13: 84 | AO13: 70 | AP13: 814 | AQ13: 857 | AR13: 3028 | AS13: 526 | AT13: 8415 | AU13: 0 | AV13: 368 | AW13: 370104
... A25: Traditional and complementary medicine practitioners | B25: 16380 | C25: 1000 | D25: 0 | E25: 336 | F25: 0 | G25: 0 | H25: 4437 | I25: 0 | J25: 0 | K25: 0 | L25: 0 | M25: 1 | N25: 1 | O25: 0 | P25: 0 | Q25: 99 | R25: 3468 | S25: 0 | T25: 0 | U25: 1063 | V25: 0 | W25: 0 | X25: 0 | Y25: 6097 | Z25: 602 | AA25: 4 | AB25: 0 | AC25: 42 | AD25: 5 | AE25: 0 | AF25: 8 | AG25: 0 | AH25: 0 | AI25: 0 | AJ25: 0 | AK25: 0 | AL25: 0 | AM25: 0 | AN25: 7 | AO25: 0 | AP25: 0 | AQ25: 987 | AR25: 15200 | AS25: 0 | AT25: 0 | AU25: 0 | AV25: 5 | AW25: 2
AW26: 49742
B27: Country | C27: Pop 2018 | D27: Cadre | E27: 2018 report
B28: Country | C28: Pop 2018 | D28: Cadre | E28: 2018 report
B29: =#REF! -> #REF! | C29: =B1 -> AGO | D29: =A2 -> Medical doctors | E29: =B2 -> 6593
D30: =A3 -> Nursing Personnel | E30: =B3 -> 46082
D31: =A4 -> Midwifery personnel | E31: =B4 -> 1438
D32: =A5 -> Pharmacists | E32: =B5 -> 2302
D33: =A6 -> Dentists | E33: =B6 -> 1652
D34: =A7 -> Community health workers | E34: =B7 -> 1680
D35: =A8 -> Dieticians and nutritionists | E35: =B8 -> 0
D36: =A9 -> Environmental and occupational health & hygiene workers | E36: =B9 -> 657
D37: =A10 -> Health care assistants and other personal care workers in health services | E37: =B10 -> 0
D38: =A11 -> Health service managers | E38: =B11 -> 328
D39: =A12 -> Medical and dental prosthetic technicians | E39: =B12 -> 75
D40: =A13 -> Other science professionals and technicians | E40: =B13 -> 468
D41: =A14 -> Medical assistants – clinical officers | E41: =B14 -> 134
... D52: =A25 -> Traditional and complementary medicine practitioners | E52: =B25 -> 16380
B53: =#REF! -> #REF! | C53: =C1 -> BDI | D53: =D29 -> Medical doctors | E53: =C2 -> 1084
D54: =D30 -> Nursing Personnel | E54: =C3 -> 8996
D55: =D31 -> Midwifery personnel | E55: =C4 -> 160
D56: =D32 -> Pharmacists | E56: =C5 -> 119
D57: =D33 -> Dentists | E57: =C6 -> 14
D58: =D34 -> Community health workers | E58: =C7 -> 11845
D59: =D35 -> Dieticians and nutritionists | E59: =C8 -> 10
D60: =D36 -> Environmental and occupational health & hygiene workers | E60: =C9 -> 372
D61: =D37 -> Health care assistants and other personal care workers in health services | E61: =C10 -> 8664
D62: =D38 -> Health service managers | E62: =C11 -> 1383
D63: =D39 -> Medical and dental prosthetic technicians | E63: =C12 -> 0
D64: =D40 -> Other science professionals and technicians | E64: =C13 -> 155
D65: =D41 -> Medical assistants – clinical officers | E65: =C14 -> 0
... D76: =D52 -> Traditional and complementary medicine practitioners | E76: =C25 -> 1000
B77: =#REF! -> #REF! | C77: =D1 -> BEN | D77: =D53 -> Medical doctors | E77: =D2 -> 710
D78: =D54 -> Nursing Personnel | E78: =D3 -> 3260
D79: =D55 -> Midwifery personnel | E79: =D4 -> 813
D80: =D56 -> Pharmacists | E80: =D5 -> 14
D81: =D57 -> Dentists | E81: =D6 -> 0
D82: =D58 -> Community health workers | E82: =D7 -> 0
D83: =D59 -> Dieticians and nutritionists | E83: =D8 -> 0
D84: =D60 -> Environmental and occupational health & hygiene workers | E84: =D9 -> 619
D85: =D61 -> Health care assistants and other personal care workers in health services | E85: =D10 -> 2623
D86: =D62 -> Health service managers | E86: =D11 -> 0
D87: =D63 -> Medical and dental prosthetic technicians | E87: =D12 -> 0
D88: =D64 -> Other science professionals and technicians | E88: =D13 -> 0
D89: =D65 -> Medical assistants – clinical officers | E89: =D14 -> 0
... D100: =D76 -> Traditional and complementary medicine practitioners | E100: =D25 -> 0
B101: =#REF! -> #REF! | C101: =E1 -> BFA | D101: =D77 -> Medical doctors | E101: =E2 -> 1626
D102: =D78 -> Nursing Personnel | E102: =E3 -> 10325
D103: =D79 -> Midwifery personnel | E103: =E4 -> 6569
D104: =D80 -> Pharmacists | E104: =E5 -> 792
D105: =D81 -> Dentists | E105: =E6 -> 80
D106: =D82 -> Community health workers | E106: =E7 -> 2749
D107: =D83 -> Dieticians and nutritionists | E107: =E8 -> 19
D108: =D84 -> Environmental and occupational health & hygiene workers | E108: =E9 -> 160
D109: =D85 -> Health care assistants and other personal care workers in health services | E109: =E10 -> 1224
D110: =D86 -> Health service managers | E110: =E11 -> 653
D111: =D87 -> Medical and dental prosthetic technicians | E111: =E12 -> 3
D112: =D88 -> Other science professionals and technicians | E112: =E13 -> 2
D113: =D89 -> Medical assistants – clinical officers | E113: =E14 -> 0
... D124: =D100 -> Traditional and complementary medicine practitioners | E124: =E25 -> 336
B125: =#REF! -> #REF! | C125: =F1 -> BWA | D125: =D101 -> Medical doctors | E125: =F2 -> 853
D126: =D102 -> Nursing Personnel | E126: =F3 -> 6935
D127: =D103 -> Midwifery personnel | E127: =F4 -> 0
D128: =D104 -> Pharmacists | E128: =F5 -> 487
D129: =D105 -> Dentists | E129: =F6 -> 94
D130: =D106 -> Community health workers | E130: =F7 -> 0
D131: =D107 -> Dieticians and nutritionists | E131: =F8 -> 0
D132: =D108 -> Environmental and occupational health & hygiene workers | E132: =F9 -> 99
D133: =D109 -> Health care assistants and other personal care workers in health services | E133: =F10 -> 1622
D134: =D110 -> Health service managers | E134: =F11 -> 0
D135: =D111 -> Medical and dental prosthetic technicians | E135: =F12 -> 0
D136: =D112 -> Other science professionals and technicians | E136: =F13 -> 0
D137: =D113 -> Medical assistants – clinical officers | E137: =F14 -> 0
... D148: =D124 -> Traditional and complementary medicine practitioners | E148: =F25 -> 0
B149: =#REF! -> #REF! | C149: =G1 -> CAF | D149: =D125 -> Medical doctors | E149: =G2 -> 335
D150: =D126 -> Nursing Personnel | E150: =G3 -> 751
D151: =D127 -> Midwifery personnel | E151: =G4 -> 444
D152: =D128 -> Pharmacists | E152: =G5 -> 36
D153: =D129 -> Dentists | E153: =G6 -> 10
D154: =D130 -> Community health workers | E154: =G7 -> 115
D155: =D131 -> Dieticians and nutritionists | E155: =G8 -> 0
D156: =D132 -> Environmental and occupational health & hygiene workers | E156: =G9 -> 105
D157: =D133 -> Health care assistants and other personal care workers in health services | E157: =G10 -> 79
D158: =D134 -> Health service managers | E158: =G11 -> 22
D159: =D135 -> Medical and dental prosthetic technicians | E159: =G12 -> 0
D160: =D136 -> Other science professionals and technicians | E160: =G13 -> 3
D161: =D137 -> Medical assistants – clinical officers | E161: =G14 -> 104
...

Sheet 2018 report
A1: Country Name | B1: Country code | C1: Community health workers | D1: Dental assistants and therapists | E1: Dentists1 | F1: Dieticians and nutritionists | G1: Environmental and occupational health & hygiene workers | H1: Generalist medical practitioners | I1: Health care assistants and other personal care workers in health services | J1: Health service managers | K1: Medical and dental prosthetic technicians | L1: Medical and pathology laboratory technicians | M1: Medical assistants – clinical officers | N1: Medical imaging and therapeutic equipment operators | O1: Medical records and health information technicians | P1: Medical technicians and equipment operators | Q1: Midwifery associate professionals | R1: Midwifery professionals | S1: Nursing associate professionals | T1: Nursing professionals | U1: Optometrists and opticians | V1: Other health management and support workers | W1: Other health service providers | X1: Other science professionals and technicians | Y1: Paramedical practitioners (specify) | Z1: Pharmaceutical technicians and assistants | AA1: Pharmacists1 | AB1: Pharmacists | AC1: Physiotherapists and physiotherapy assistants | AD1: Social workers | AE1: Specialist medical practitioners | AF1: Speech Therapist | AG1: Traditional and complementary medicine practitioners | AH1: Dentists | AI1: Nursing Personnel | AJ1: Midwifery personnel | AK1: Medical doctors
A2: Algeria | B2: DZA | C2: 0 | D2: 7 | E2: 12774 | F2: 381 | G2: 1249 | H2: 34077 | I2: 41461 | J2: 10838 | K2: 663 | L2: 14548 | M2: 2227 | N2: 6176 | O2: 610 | P2: 0 | Q2: 38 | R2: 8582 | S2: 10029 | T2: 47676 | U2: 1218 | V2: 76532 | W2: 5104 | X2: 0 | Y2: 279 | Z2: 1536 | AA2: 12570 | AB2: =Z2+AA2 -> 14106 | AC2: 1827 | AD2: 0 | AE2: 39091 | AF2: 0 | AG2: 1 | AH2: =E2+D2 -> 12781 | AI2: =S2+T2 -> 57705 | AJ2: =Q2+R2 -> 8620 | AK2: =AE2+H2 -> 73168
A3: Angola | B3: AGO | C3: 1680 | D3: 796 | E3: 856 | F3: 0 | G3: 657 | H3: 3043 | I3: 0 | J3: 328 | K3: 75 | L3: 98 | M3: 134 | N3: 789 | O3: 190 | P3: 0 | Q3: 669 | R3: 769 | S3: 38861 | T3: 7221 | U3: 56 | V3: 28324 | W3: 0 | X3: 468 | Y3: 56 | Z3: 1605 | AA3: 697 | AB3: =Z3+AA3 -> 2302 | AC3: 1156 | AD3: 0 | AE3: 3550 | AF3: 0 | AG3: 16380 | AH3: =E3+D3 -> 1652 | AI3: =S3+T3 -> 46082 | AJ3: =Q3+R3 -> 1438 | AK3: =AE3+H3 -> 6593
A4: Benin | B4: BEN | C4: 0 | D4: 0 | E4: 0 | F4: 0 | G4: 619 | H4: 391 | I4: 2623 | J4: 0 | K4: 0 | L4: 241 | M4: 0 | N4: 54 | O4: 0 | P4: 0 | Q4: 6 | R4: 807 | S4: 1322 | T4: 1938 | U4: 0 | V4: 156 | W4: 1994 | X4: 0 | Y4: 146 | Z4: 0 | AA4: 14 | AB4: =Z4+AA4 -> 14 | AC4: 0 | AD4: 0 | AE4: 319 | AF4: 0 | AG4: 0 | AH4: =E4+D4 -> 0 | AI4: =S4+T4 -> 3260 | AJ4: =Q4+R4 -> 813 | AK4: =AE4+H4 -> 710
A5: Botswana | B5: BWA | C5: 0 | D5: 0 | E5: 94 | F5: 0 | G5: 99 | H5: 815 | I5: 1622 | J5: 0 | K5: 0 | L5: 460 | M5: 0 | N5: 78 | O5: 62 | P5: 0 | Q5: 0 | R5: 0 | S5: 0 | T5: 6935 | U5: 1 | V5: 0 | W5: 20 | X5: 0 | Y5: 58 | Z5: 338 | AA5: 149 | AB5: =Z5+AA5 -> 487 | AC5: 38 | AD5: 0 | AE5: 38 | AF5: 0 | AG5: 0 | AH5: =E5+D5 -> 94 | AI5: =S5+T5 -> 6935 | AJ5: =Q5+R5 -> 0 | AK5: =AE5+H5 -> 853
A6: Burkina Faso | B6: BFA | C6: 2749 | D6: 0 | E6: 80 | F6: 19 | G6: 160 | H6: 888 | I6: 1224 | J6: 653 | K6: 3 | L6: 699 | M6: 0 | N6: 128 | O6: 4 | P6: 0 | Q6: 2986 | R6: 3583 | S6: 2117 | T6: 8208 | U6: 3 | V6: 871 | W6: 44 | X6: 2 | Y6: 0 | Z6: 156 | AA6: 636 | AB6: =Z6+AA6 -> 792 | AC6: 18 | AD6: 0 | AE6: 738 | AF6: 0 | AG6: 336 | AH6: =E6+D6 -> 80 | AI6: =S6+T6 -> 10325 | AJ6: =Q6+R6 -> 6569 | AK6: =AE6+H6 -> 1626
A7: Burundi | B7: BDI | C7: 11845 | D7: 0 | E7: 14 | F7: 10 | G7: 372 | H7: 889 | I7: 8664 | J7: 1383 | K7: 0 | L7: 1071 | M7: 0 | N7: 86 | O7: 108 | P7: 0 | Q7: 119 | R7: 41 | S7: 8342 | T7: 654 | U7: 0 | V7: 2906 | W7: 0 | X7: 155 | Y7: 0 | Z7: 0 | AA7: 119 | AB7: =Z7+AA7 -> 119 | AC7: 9 | AD7: 0 | AE7: 195 | AF7: 0 | AG7: 1000 | AH7: =E7+D7 -> 14 | AI7: =S7+T7 -> 8996 | AJ7: =Q7+R7 -> 160 | AK7: =AE7+H7 -> 1084
A8: Cameroon | B8: CMR | C8: 0 | D8: 0 | E8: 308 | F8: 38 | G8: 238 | H8: 2400 | I8: 10717 | J8: 250 | K8: 0 | L8: 5235 | M8: 0 | N8: 124 | O8: 0 | P8: 0 | Q8: 0 | R8: 690 | S8: 0 | T8: 9925 | U8: 0 | V8: 0 | W8: 0 | X8: 0 | Y8: 0 | Z8: 0 | AA8: 350 | AB8: =Z8+AA8 -> 350 | AC8: 0 | AD8: 0 | AE8: 859 | AF8: 0 | AG8: 0 | AH8: =E8+D8 -> 308 | AI8: =S8+T8 -> 9925 | AJ8: =Q8+R8 -> 690 | AK8: =AE8+H8 -> 3259
A9: Cape-Verde | B9: CPV | C9: 117 | D9: 0 | E9: 81 | F9: 18 | G9: 1 | H9: 165 | I9: 149 | J9: 61 | K9: 20 | L9: 65 | M9: 3 | N9: 27 | O9: 14 | P9: 0 | Q9: 20 | R9: 7 | S9: 525 | T9: 243 | U9: 40 | V9: 1357 | W9: 95 | X9: 11 | Y9: 0 | Z9: 92 | AA9: 80 | AB9: =Z9+AA9 -> 172 | AC9: 58 | AD9: 0 | AE9: 287 | AF9: 0 | AG9: 1 | AH9: =E9+D9 -> 81 | AI9: =S9+T9 -> 768 | AJ9: =Q9+R9 -> 27 | AK9: =AE9+H9 -> 452
A10: Central African Republic | B10: CAF | C10: 115 | D10: 7 | E10: 3 | F10: 0 | G10: 105 | H10: 263 | I10: 79 | J10: 22 | K10: 0 | L10: 112 | M10: 104 | N10: 3 | O10: 20 | P10: 0 | Q10: 168 | R10: 276 | S10: 325 | T10: 426 | U10: 0 | V10: 65 | W10: 14 | X10: 3 | Y10: 200 | Z10: 0 | AA10: 36 | AB10: =Z10+AA10 -> 36 | AC10: 0 | AD10: 0 | AE10: 72 | AF10: 0 | AG10: 0 | AH10: =E10+D10 -> 10 | AI10: =S10+T10 -> 751 | AJ10: =Q10+R10 -> 444 | AK10: =AE10+H10 -> 335
A11: Chad | B11: TCD | C11: 7 | D11: 0 | E11: 3 | F11: 58 | G11: 76 | H11: 646 | I11: 738 | J11: 732 | K11: 0 | L11: 749 | M11: 42 | N11: 25 | O11: 6 | P11: 0 | Q11: 192 | R11: 744 | S11: 2076 | T11: 1787 | U11: 6 | V11: 436 | W11: 90 | X11: 814 | Y11: 0 | Z11: 171 | AA11: 98 | AB11: =Z11+AA11 -> 269 | AC11: 2 | AD11: 0 | AE11: 157 | AF11: 0 | AG11: 0 | AH11: =E11+D11 -> 3 | AI11: =S11+T11 -> 3863 | AJ11: =Q11+R11 -> 936 | AK11: =AE11+H11 -> 803
A12: Comoros | B12: COM | C12: 0 | D12: 0 | E12: 32 | F12: 0 | G12: 389 | H12: 130 | I12: 0 | J12: 0 | K12: 0 | L12: 8 | M12: 0 | N12: 498 | O12: 0 | P12: 0 | Q12: 0 | R12: 487 | S12: 71 | T12: 676 | U12: 0 | V12: 44 | W12: 115 | X12: 161 | Y12: 0 | Z12: 19 | AA12: 36 | AB12: =Z12+AA12 -> 55 | AC12: 0 | AD12: 0 | AE12: 90 | AF12: 0 | AG12: 0 | AH12: =E12+D12 -> 32 | AI12: =S12+T12 -> 747 | AJ12: =Q12+R12 -> 487 | AK12: =AE12+H12 -> 220
A13: Congo | B13: COG | C13: 0 | D13: 0 | E13: 27 | F13: 0 | G13: 374 | H13: 269 | I13: 850 | J13: 790 | K13: 0 | L13: 320 | M13: 0 | N13: 97 | O13: 0 | P13: 0 | Q13: 148 | R13: 921 | S13: 1305 | T13: 2707 | U13: 0 | V13: 111 | W13: 445 | X13: 216 | Y13: 0 | Z13: 84 | AA13: 73 | AB13: =Z13+AA13 -> 157 | AC13: 0 | AD13: 0 | AE13: 275 | AF13: 0 | AG13: 0 | AH13: =E13+D13 -> 27 | AI13: =S13+T13 -> 4012 | AJ13: =Q13+R13 -> 1069 | AK13: =AE13+H13 -> 544
... A48: Zimbabwe | B48: ZWE | C48: 2143 | D48: 205 | E48: 142 | F48: 0 | G48: 1644 | H48: 1715 | I48: 2115 | J48: 327 | K48: 10 | L48: 648 | M48: 76 | N48: 412 | O48: 718 | P48: 0 | Q48: 9 | R48: 845 | S48: 6664 | T48: 19171 | U48: 0 | V48: 9502 | W48: 1122 | X48: 368 | Y48: 1094 | Z48: 553 | AA48: 223 | AB48: =Z48+AA48 -> 776 | AC48: 459 | AD48: 0 | AE48: 244 | AF48: 0 | AG48: 5 | AH48: =E48+D48 -> 347 | AI48: =S48+T48 -> 25835 | AJ48: =Q48+R48 -> 854 | AK48: =AE48+H48 -> 1959

Sheet Sheet3
A1: 1 | B1: Audiologists and Speech Therapists | C1: 2 | D1: Community health workers
A2: 2 | B2: Community Health Workers | C2: 3 | D2: Dental assistants and therapists
A3: 3 | B3: Dental Assistants and Therapists | C3: 5 | D3: Dentists
A4: 4 | B4: Dental Prosthetic Technicians | C4: 12 | D4: Dieticians and nutritionists
A5: 5 | B5: Dentists | C5: 6 | D5: Environmental and occupational health & hygiene workers
A6: 6 | B6: Environmental and Occupational Health and Hygiene Professionals | C6: 8 | D6: Generalist medical practitioners
A7: 6 | B7: Environmental and Occupational Health Inspectors and Associates | D7: Health care assistants and other personal care workers in health services
B8: Medical and Pathology Laboratory scientists | D8: Health service managers
A9: 7 | B9: Medical and Pathology Laboratory Technicians | C9: 4 | D9: Medical and dental prosthetic technicians
A10: 8 | B10: Medical Doctors | C10: 7 | D10: Medical and pathology laboratory technicians
A11: 9 | B11: Medical Imaging and Therapeutic Equipment Technicians | D11: Medical assistants – clinical officers
A12: 4 | B12: Medical Prosthetic Technicians | C12: 9 | D12: Medical imaging and therapeutic equipment operators
A13: 10 | B13: Midwifery personnel | D13: Medical records and health information technicians
A14: 11 | B14: Nursing Personnel | D14: Medical technicians and equipment operators
A15: 12 | B15: Nutritionists | C15: 10 | D15: Midwifery associate professionals
A16: 13 | B16: Optometrists and Ophthalmic Opticians | C16: 10 | D16: Midwifery professionals
B17: Paramedical Practitioners | C17: 11 | D17: Nursing associate professionals
B18: Pharmaceutical Technicians and Assistants | C18: 11 | D18: Nursing professionals
B19: Pharmacists | C19: 13 | D19: Optometrists and opticians
B20: Physiotherapists | D20: Other health management and support workers
B21: Psychologists | D21: Other health service providers
B22: Social work and counselling professionals | D22: Other science professionals and technicians
D23: Paramedical practitioners (specify)
D24: Pharmaceutical technicians and assistants
D25: Pharmacists
D26: Physiotherapists and physiotherapy assistants
D27: Social workers
D28: Specialist medical practitioners
C29: 1 | D29: Speech Therapist
D30: Traditional and complementary medicine practitioners

Sheet country codes
A1: Year | B1: Country | C1: Country Code | G1: Country Code | H1: Country | I1: Country Code
A2: 2018 | B2: Burkina Faso | C2: BFA | G2: BFA | H2: Burkina Faso | I2: BFA
A3: 2018 | B3: Central African Republic | C3: CAF | G3: CAF | H3: Central African Republic | I3: CAF
A4: 2018 | B4: Sao Tome and Principe | C4: STP | G4: STP | H4: Sao Tome and Principe | I4: STP
A5: 2018 | B5: DRC | C5: COD | G5: COD | H5: DRC | I5: COD
A6: 2018 | B6: Ethiopia | C6: ETH | G6: ETH | H6: Ethiopia | I6: ETH
A7: 2018 | B7: Nigeria | C7: NGA | G7: NGA | H7: Nigeria | I7: NGA
A8: 2018 | B8: Gabon | C8: GAB | G8: GAB | H8: Gabon | I8: GAB
A9: 2018 | B9: Mauritania | C9: MRT | G9: MRT | H9: Mauritania | I9: MRT
A10: 2018 | B10: Eswatini | C10: SWZ | G10: SWZ | H10: Eswatini | I10: SWZ
A11: 2018 | B11: Lesotho | C11: LSO | G11: LSO | H11: Lesotho | I11: LSO
A12: 2018 | B12: Algeria | C12: DZA | G12: DZA | H12: Algeria | I12: DZA
A13: 2018 | B13: Angola | C13: AGO | G13: AGO | H13: Angola | I13: AGO
... A48: 2018 | B48: Tanzania | C48: TZA | G48: TZA | H48: Tanzania | I48: TZA

Sheet Aggregate
A1: Country | B1: Pop 2012 | C1: Cadre | D1: 2012 | E1: Country | F1: Pop 2013 | G1: Cadre | H1: 2013 | I1: Country | J1: Pop 2014 | K1: Cadre | L1: 2014 | M1: Country | N1: Pop 2015 | O1: Cadre | P1: 2015 | Q1: Country | R1: Pop 2016 | S1: Cadre | T1: 2016 | U1: Country | V1: Pop 2017 | W1: Cadre | X1: 2017 | Y1: Country | Z1: Pop 2018 | AA1: Cadre | AB1: 2018 | AC1: Country | AD1: Pop 2019 | AE1: Cadre | AF1: 2019 | AG1: Country | AH1: Pop 2020 | AI1: Cadre | AJ1: 2020 | AK1: Country | AL1: Pop 2021 | AM1: Cadre | AN1: 2021 | AO1: Country | AP1: Pop 2022 | AQ1: Cadre | AR1: 2022 | AS1: Pop 2018 | AT1: Cadre | AU1: 2018 report
A2: AGO | B2: 25188292 | C2: Medical Doctors | D2: 0 | E2: AGO | F2: 26147002 | G2: Medical Doctors | H2: 0 | I2: AGO | J2: 27128336 | K2: Medical Doctors | L2: 0 | M2: AGO | N2: 28127721 | O2: Medical Doctors | P2: 0 | Q2: AGO | R2: 29154746 | S2: Medical Doctors | T2: 0 | U2: AGO | V2: 30208628 | W2: Medical Doctors | X2: 12800 | Y2: AGO | Z2: 31273533 | AA2: Medical Doctors | AB2: 13186 | AC2: AGO | AD2: 32353588 | AE2: Medical Doctors | AF2: 0 | AG2: AGO | AH2: 33428486 | AI2: Medical Doctors | AJ2: 0 | AK2: AGO | AL2: 34503773 | AM2: Medical Doctors | AN2: 0 | AO2: AGO | AP2: 35588987 | AQ2: Medical Doctors | AR2: 21301 | AS2: AGO | AT2: Medical doctors | AU2: 6593
C3: Nursing Personnel | D3: 0 | G3: Nursing Personnel | H3: 0 | K3: Nursing Personnel | L3: 0 | O3: Nursing Personnel | P3: 0 | S3: Nursing Personnel | T3: 0 | W3: Nursing Personnel | X3: 0 | AA3: Nursing Personnel | AB3: 25108 | AE3: Nursing Personnel | AF3: 0 | AI3: Nursing Personnel | AJ3: 0 | AM3: Nursing Personnel | AN3: 0 | AQ3: Nursing Personnel | AR3: 89978 | AT3: Nursing Personnel | AU3: 46082
C4: Midwifery personnel | D4: 0 | G4: Midwifery personnel | H4: 60 | K4: Midwifery personnel | L4: 0 | O4: Midwifery personnel | P4: 0 | S4: Midwifery personnel | T4: 0 | W4: Midwifery personnel | X4: 0 | AA4: Midwifery personnel | AB4: 0 | AE4: Midwifery personnel | AF4: 0 | AI4: Midwifery personnel | AJ4: 0 | AM4: Midwifery personnel | AN4: 0 | AQ4: Midwifery personnel | AR4: 44 | AT4: Midwifery personnel | AU4: 1438
C5: Pharmacists | D5: 751 | G5: Pharmacists | H5: 0 | K5: Pharmacists | L5: 0 | O5: Pharmacists | P5: 2781 | S5: Pharmacists | T5: 884 | W5: Pharmacists | X5: 0 | AA5: Pharmacists | AB5: 260 | AE5: Pharmacists | AF5: 0 | AI5: Pharmacists | AJ5: 525 | AM5: Pharmacists | AN5: 0 | AQ5: Pharmacists | AR5: 430 | AT5: Pharmacists | AU5: 2302
C6: Dentists | D6: 353 | G6: Dentists | H6: 0 | K6: Dentists | L6: 0 | O6: Dentists | P6: 595 | S6: Dentists | T6: 181 | W6: Dentists | X6: 0 | AA6: Dentists | AB6: 134 | AE6: Dentists | AF6: 0 | AI6: Dentists | AJ6: 81 | AM6: Dentists | AN6: 0 | AQ6: Dentists | AR6: 156 | AT6: Dentists | AU6: 1652
C7: Community Health Workers | D7: 0 | G7: Community Health Workers | H7: 0 | K7: Community Health Workers | L7: 0 | O7: Community Health Workers | P7: 0 | S7: Community Health Workers | T7: 0 | W7: Community Health Workers | X7: 0 | AA7: Community Health Workers | AB7: 1680 | AE7: Community Health Workers | AF7: 0 | AI7: Community Health Workers | AJ7: 2652 | AM7: Community Health Workers | AN7: 0 | AQ7: Community Health Workers | AR7: 5 | AT7: Community health workers | AU7: 1680
C8: Dieticians and nutritionists | D8: 85 | G8: Dieticians and nutritionists | H8: 0 | K8: Dieticians and nutritionists | L8: 0 | O8: Dieticians and nutritionists | P8: 870 | S8: Dieticians and nutritionists | T8: 32 | W8: Dieticians and nutritionists | X8: 0 | AA8: Dieticians and nutritionists | AB8: 4 | AE8: Dieticians and nutritionists | AF8: 0 | AI8: Dieticians and nutritionists | AJ8: 57 | AM8: Dieticians and nutritionists | AN8: 0 | AQ8: Dieticians and nutritionists | AR8: 197 | AT8: Dieticians and nutritionists | AU8: 0
C9: Environmental and occupational health & hygiene workers | D9: 517 | G9: Environmental and occupational health & hygiene workers | H9: 0 | K9: Environmental and occupational health & hygiene workers | L9: 0 | O9: Environmental and occupational health & hygiene workers | P9: 0 | S9: Environmental and occupational health & hygiene workers | T9: 177 | W9: Environmental and occupational health & hygiene workers | X9: 0 | AA9: Environmental and occupational health & hygiene workers | AB9: 411 | AE9: Environmental and occupational health & hygiene workers | AF9: 0 | AI9: Environmental and occupational health & hygiene workers | AJ9: 236 | AM9: Environmental and occupational health & hygiene workers | AN9: 0 | AQ9: Environmental and occupational health & hygiene workers | AR9: 10 | AT9: Environmental and occupational health & hygiene workers | AU9: 657
C10: Personal care workers in health service | D10: 0 | G10: Personal care workers in health service | H10: 0 | K10: Personal care workers in health service | L10: 0 | O10: Personal care workers in health service | P10: 0 | S10: Personal care workers in health service | T10: 0 | W10: Personal care workers in health service | X10: 0 | AA10: Personal care workers in health service | AB10: 0 | AE10: Personal care workers in health service | AF10: 0 | AI10: Personal care workers in health service | AJ10: 0 | AM10: Personal care workers in health service | AN10: 0 | AQ10: Personal care workers in health service | AR10: 0 | AT10: Health care assistants and other personal care workers in health services | AU10: 0
C11: Managerial staff | D11: 0 | G11: Managerial staff | H11: 0 | K11: Managerial staff | L11: 0 | O11: Managerial staff | P11: 0 | S11: Managerial staff | T11: 0 | W11: Managerial staff | X11: 0 | AA11: Managerial staff | AB11: 0 | AE11: Managerial staff | AF11: 0 | AI11: Managerial staff | AJ11: 0 | AM11: Managerial staff | AN11: 0 | AQ11: Managerial staff | AR11: 2072 | AT11: Health service managers | AU11: 328
C12: Medical and dental Prosthetic Technicians | D12: 0 | G12: Medical and dental Prosthetic Technicians | H12: 0 | K12: Medical and dental Prosthetic Technicians | L12: 0 | O12: Medical and dental Prosthetic Technicians | P12: 0 | S12: Medical and dental Prosthetic Technicians | T12: 0 | W12: Medical and dental Prosthetic Technicians | X12: 0 | AA12: Medical and dental Prosthetic Technicians | AB12: 0 | AE12: Medical and dental Prosthetic Technicians | AF12: 0 | AI12: Medical and dental Prosthetic Technicians | AJ12: 0 | AM12: Medical and dental Prosthetic Technicians | AN12: 0 | AQ12: Medical and dental Prosthetic Technicians | AR12: 0 | AT12: Medical and dental prosthetic technicians | AU12: 75
C13: Medical and Pathology Laboratory scientists | D13: 0 | G13: Medical and Pathology Laboratory scientists | H13: 0 | K13: Medical and Pathology Laboratory scientists | L13: 0 | O13: Medical and Pathology Laboratory scientists | P13: 0 | S13: Medical and Pathology Laboratory scientists | T13: 0 | W13: Medical and Pathology Laboratory scientists | X13: 0 | AA13: Medical and Pathology Laboratory scientists | AB13: 98 | AE13: Medical and Pathology Laboratory scientists | AF13: 0 | AI13: Medical and Pathology Laboratory scientists | AJ13: 0 | AM13: Medical and Pathology Laboratory scientists | AN13: 0 | AQ13: Medical and Pathology Laboratory scientists | AR13: 9 | AT13: Other science professionals and technicians | AU13: 468
C14: Medical Assistants | D14: 0 | G14: Medical Assistants | H14: 0 | K14: Medical Assistants | L14: 0 | O14: Medical Assistants | P14: 0 | S14: Medical Assistants | T14: 0 | W14: Medical Assistants | X14: 0 | AA14: Medical Assistants | AB14: 0 | AE14: Medical Assistants | AF14: 0 | AI14: Medical Assistants | AJ14: 0 | AM14: Medical Assistants | AN14: 0 | AQ14: Medical Assistants | AR14: 0 | AT14: Medical assistants – clinical officers | AU14: 134
... C25: Traditional and complementary medicine practitioners | D25: 0 | G25: Traditional and complementary medicine practitioners | H25: 0 | K25: Traditional and complementary medicine practitioners | L25: 0 | O25: Traditional and complementary medicine practitioners | P25: 0 | S25: Traditional and complementary medicine practitioners | T25: 0 | W25: Traditional and complementary medicine practitioners | X25: 0 | AA25: Traditional and complementary medicine practitioners | AB25: 0 | AE25: Traditional and complementary medicine practitioners | AF25: 0 | AI25: Traditional and complementary medicine practitioners | AJ25: 0 | AM25: Traditional and complementary medicine practitioners | AN25: 0 | AQ25: Traditional and complementary medicine practitioners | AR25: 0 | AT25: Traditional and complementary medicine practitioners | AU25: 16380
A26: BDI | B26: 9795479 | C26: Medical Doctors | D26: 996 | E26: BDI | F26: 10149578 | G26: Medical Doctors | H26: 1108 | I26: BDI | J26: 10494912 | K26: Medical Doctors | L26: 1218 | M26: BDI | N26: 10727148 | O26: Medical Doctors | P26: 1016 | Q26: BDI | R26: 10903328 | S26: Medical Doctors | T26: 0 | U26: BDI | V26: 11155593 | W26: Medical Doctors | X26: 0 | Y26: BDI | Z26: 11493472 | AA26: Medical Doctors | AB26: 45 | AC26: BDI | AD26: 11874838 | AE26: Medical Doctors | AF26: 0 | AG26: BDI | AH26: 12220227 | AI26: Medical Doctors | AJ26: 1704 | AK26: BDI | AL26: 12551213 | AM26: Medical Doctors | AN26: 1816 | AO26: BDI | AP26: 12889576 | AQ26: Medical Doctors | AR26: 0 | AS26: BDI | AT26: Medical doctors | AU26: 1084
C27: Nursing Personnel | D27: 12972 | G27: Nursing Personnel | H27: 13146 | K27: Nursing Personnel | L27: 13638 | O27: Nursing Personnel | P27: 13376 | S27: Nursing Personnel | T27: 0 | W27: Nursing Personnel | X27: 18142 | AA27: Nursing Personnel | AB27: 18312 | AE27: Nursing Personnel | AF27: 15036 | AI27: Nursing Personnel | AJ27: 15426 | AM27: Nursing Personnel | AN27: 18744 | AQ27: Nursing Personnel | AR27: 0 | AT27: Nursing Personnel | AU27: 8996
C28: Midwifery personnel | D28: 32 | G28: Midwifery personnel | H28: 70 | K28: Midwifery personnel | L28: 48 | O28: Midwifery personnel | P28: 158 | S28: Midwifery personnel | T28: 0 | W28: Midwifery personnel | X28: 320 | AA28: Midwifery personnel | AB28: 0 | AE28: Midwifery personnel | AF28: 248 | AI28: Midwifery personnel | AJ28: 0 | AM28: Midwifery personnel | AN28: 286 | AQ28: Midwifery personnel | AR28: 0 | AT28: Midwifery personnel | AU28: 160
C29: Pharmacists | D29: 546 | G29: Pharmacists | H29: 0 | K29: Pharmacists | L29: 0 | O29: Pharmacists | P29: 0 | S29: Pharmacists | T29: 188 | W29: Pharmacists | X29: 944 | AA29: Pharmacists | AB29: 0 | AE29: Pharmacists | AF29: 83 | AI29: Pharmacists | AJ29: 1138 | AM29: Pharmacists | AN29: 0 | AQ29: Pharmacists | AR29: 0 | AT29: Pharmacists | AU29: 119
C30: Dentists | D30: 115 | G30: Dentists | H30: 0 | K30: Dentists | L30: 194 | O30: Dentists | P30: 300 | S30: Dentists | T30: 11 | W30: Dentists | X30: 373 | AA30: Dentists | AB30: 0 | AE30: Dentists | AF30: 18 | AI30: Dentists | AJ30: 0 | AM30: Dentists | AN30: 0 | AQ30: Dentists | AR30: 0 | AT30: Dentists | AU30: 14
C31: Community Health Workers | D31: 0 | G31: Community Health Workers | H31: 0 | K31: Community Health Workers | L31: 0 | O31: Community Health Workers | P31: 0 | S31: Community Health Workers | T31: 0 | W31: Community Health Workers | X31: 0 | AA31: Community Health Workers | AB31: 11845 | AE31: Community Health Workers | AF31: 0 | AI31: Community Health Workers | AJ31: 11845 | AM31: Community Health Workers | AN31: 0 | AQ31: Community Health Workers | AR31: 0 | AT31: Community health workers | AU31: 11845
C32: Dieticians and nutritionists | D32: 44 | G32: Dieticians and nutritionists | H32: 0 | K32: Dieticians and nutritionists | L32: 0 | O32: Dieticians and nutritionists | P32: 0 | S32: Dieticians and nutritionists | T32: 42 | W32: Dieticians and nutritionists | X32: 0 | AA32: Dieticians and nutritionists | AB32: 0 | AE32: Dieticians and nutritionists | AF32: 0 | AI32: Dieticians and nutritionists | AJ32: 0 | AM32: Dieticians and nutritionists | AN32: 0 | AQ32: Dieticians and nutritionists | AR32: 0 | AT32: Dieticians and nutritionists | AU32: 10
C33: Environmental and occupational health & hygiene workers | D33: 0 | G33: Environmental and occupational health & hygiene workers | H33: 0 | K33: Environmental and occupational health & hygiene workers | L33: 0 | O33: Environmental and occupational health & hygiene workers | P33: 0 | S33: Environmental and occupational health & hygiene workers | T33: 96 | W33: Environmental and occupational health & hygiene workers | X33: 0 | AA33: Environmental and occupational health & hygiene workers | AB33: 0 | AE33: Environmental and occupational health & hygiene workers | AF33: 149 | AI33: Environmental and occupational health & hygiene workers | AJ33: 0 | AM33: Environmental and occupational health & hygiene workers | AN33: 0 | AQ33: Environmental and occupational health & hygiene workers | AR33: 0 | AT33: Environmental and occupational health & hygiene workers | AU33: 372
C34: Personal care workers in health service | D34: 0 | G34: Personal care workers in health service | H34: 0 | K34: Personal care workers in health service | L34: 0 | O34: Personal care workers in health service | P34: 0 | S34: Personal care workers in health service | T34: 0 | W34: Personal care workers in health service | X34: 0 | AA34: Personal care workers in health service | AB34: 0 | AE34: Personal care workers in health service | AF34: 0 | AI34: Personal care workers in health service | AJ34: 0 | AM34: Personal care workers in health service | AN34: 0 | AQ34: Personal care workers in health service | AR34: 0 | AT34: Health care assistants and other personal care workers in health services | AU34: 8664
C35: Managerial staff | D35: 0 | G35: Managerial staff | H35: 0 | K35: Managerial staff | L35: 0 | O35: Managerial staff | P35: 0 | S35: Managerial staff | T35: 0 | W35: Managerial staff | X35: 0 | AA35: Managerial staff | AB35: 0 | AE35: Managerial staff | AF35: 0 | AI35: Managerial staff | AJ35: 0 | AM35: Managerial staff | AN35: 0 | AQ35: Managerial staff | AR35: 0 | AT35: Health service managers | AU35: 1383
C36: Medical and dental Prosthetic Technicians | D36: 0 | G36: Medical and dental Prosthetic Technicians | H36: 0 | K36: Medical and dental Prosthetic Technicians | L36: 0 | O36: Medical and dental Prosthetic Technicians | P36: 0 | S36: Medical and dental Prosthetic Technicians | T36: 0 | W36: Medical and dental Prosthetic Technicians | X36: 0 | AA36: Medical and dental Prosthetic Technicians | AB36: 0 | AE36: Medical and dental Prosthetic Technicians | AF36: 0 | AI36: Medical and dental Prosthetic Technicians | AJ36: 0 | AM36: Medical and dental Prosthetic Technicians | AN36: 0 | AQ36: Medical and dental Prosthetic Technicians | AR36: 0 | AT36: Medical and dental prosthetic technicians | AU36: 0
C37: Medical and Pathology Laboratory scientists | D37: 0 | G37: Medical and Pathology Laboratory scientists | H37: 0 | K37: Medical and Pathology Laboratory scientists | L37: 0 | O37: Medical and Pathology Laboratory scientists | P37: 0 | S37: Medical and Pathology Laboratory scientists | T37: 0 | W37: Medical and Pathology Laboratory scientists | X37: 1073 | AA37: Medical and Pathology Laboratory scientists | AB37: 1071 | AE37: Medical and Pathology Laboratory scientists | AF37: 0 | AI37: Medical and Pathology Laboratory scientists | AJ37: 0 | AM37: Medical and Pathology Laboratory scientists | AN37: 0 | AQ37: Medical and Pathology Laboratory scientists | AR37: 0 | AT37: Other science professionals and technicians | AU37: 155
C38: Medical Assistants | D38: 0 | G38: Medical Assistants | H38: 0 | K38: Medical Assistants | L38: 0 | O38: Medical Assistants | P38: 0 | S38: Medical Assistants | T38: 0 | W38: Medical Assistants | X38: 0 | AA38: Medical Assistants | AB38: 0 | AE38: Medical Assistants | AF38: 0 | AI38: Medical Assistants | AJ38: 0 | AM38: Medical Assistants | AN38: 0 | AQ38: Medical Assistants | AR38: 0 | AT38: Medical assistants – clinical officers | AU38: 0
... C49: Traditional and complementary medicine practitioners | D49: 0 | G49: Traditional and complementary medicine practitioners | H49: 0 | K49: Traditional and complementary medicine practitioners | L49: 0 | O49: Traditional and complementary medicine practitioners | P49: 0 | S49: Traditional and complementary medicine practitioners | T49: 0 | W49: Traditional and complementary medicine practitioners | X49: 0 | AA49: Traditional and complementary medicine practitioners | AB49: 0 | AE49: Traditional and complementary medicine practitioners | AF49: 0 | AI49: Traditional and complementary medicine practitioners | AJ49: 0 | AM49: Traditional and complementary medicine practitioners | AN49: 0 | AQ49: Traditional and complementary medicine practitioners | AR49: 0 | AT49: Traditional and complementary medicine practitioners | AU49: 1000
A50: BEN | B50: 10014078 | C50: Medical Doctors | D50: 26 | E50: BEN | F50: 10308730 | G50: Medical Doctors | H50: 0 | I50: BEN | J50: 10614844 | K50: Medical Doctors | L50: 191 | M50: BEN | N50: 10932783 | O50: Medical Doctors | P50: 0 | Q50: BEN | R50: 11260084 | S50: Medical Doctors | T50: 1046 | U50: BEN | V50: 11596778 | W50: Medical Doctors | X50: 0 | Y50: BEN | Z50: 11940683 | AA50: Medical Doctors | AB50: 2300 | AC50: BEN | AD50: 12290444 | AE50: Medical Doctors | AF50: 1842 | AG50: BEN | AH50: 12643123 | AI50: Medical Doctors | AJ50: 0 | AK50: BEN | AL50: 12996895 | AM50: Medical Doctors | AN50: 5861 | AO50: BEN | AP50: 13352864 | AQ50: Medical Doctors | AR50: 5567 | AS50: BEN | AT50: Medical doctors | AU50: 710
C51: Nursing Personnel | D51: 10276 | G51: Nursing Personnel | H51: 9760 | K51: Nursing Personnel | L51: 0 | O51: Nursing Personnel | P51: 0 | S51: Nursing Personnel | T51: 14448 | W51: Nursing Personnel | X51: 0 | AA51: Nursing Personnel | AB51: 6820 | AE51: Nursing Personnel | AF51: 5340 | AI51: Nursing Personnel | AJ51: 0 | AM51: Nursing Personnel | AN51: 10968 | AQ51: Nursing Personnel | AR51: 11786 | AT51: Nursing Personnel | AU51: 3260
C52: Midwifery personnel | D52: 2960 | G52: Midwifery personnel | H52: 1886 | K52: Midwifery personnel | L52: 0 | O52: Midwifery personnel | P52: 0 | S52: Midwifery personnel | T52: 2068 | W52: Midwifery personnel | X52: 0 | AA52: Midwifery personnel | AB52: 2110 | AE52: Midwifery personnel | AF52: 1810 | AI52: Midwifery personnel | AJ52: 0 | AM52: Midwifery personnel | AN52: 4172 | AQ52: Midwifery personnel | AR52: 4110 | AT52: Midwifery personnel | AU52: 813
C53: Pharmacists | D53: 0 | G53: Pharmacists | H53: 0 | K53: Pharmacists | L53: 1717 | O53: Pharmacists | P53: 2626 | S53: Pharmacists | T53: 1600 | W53: Pharmacists | X53: 0 | AA53: Pharmacists | AB53: 281 | AE53: Pharmacists | AF53: 106 | AI53: Pharmacists | AJ53: 0 | AM53: Pharmacists | AN53: 505 | AQ53: Pharmacists | AR53: 0 | AT53: Pharmacists | AU53: 14
C54: Dentists | D54: 0 | G54: Dentists | H54: 0 | K54: Dentists | L54: 255 | O54: Dentists | P54: 658 | S54: Dentists | T54: 234 | W54: Dentists | X54: 0 | AA54: Dentists | AB54: 0 | AE54: Dentists | AF54: 32 | AI54: Dentists | AJ54: 0 | AM54: Dentists | AN54: 195 | AQ54: Dentists | AR54: 0 | AT54: Dentists | AU54: 0
C55: Community Health Workers | D55: 0 | G55: Community Health Workers | H55: 0 | K55: Community Health Workers | L55: 0 | O55: Community Health Workers | P55: 0 | S55: Community Health Workers | T55: 0 | W55: Community Health Workers | X55: 0 | AA55: Community Health Workers | AB55: 0 | AE55: Community Health Workers | AF55: 0 | AI55: Community Health Workers | AJ55: 0 | AM55: Community Health Workers | AN55: 21 | AQ55: Community Health Workers | AR55: 21 | AT55: Community health workers | AU55: 0
C56: Dieticians and nutritionists | D56: 0 | G56: Dieticians and nutritionists | H56: 0 | K56: Dieticians and nutritionists | L56: 0 | O56: Dieticians and nutritionists | P56: 0 | S56: Dieticians and nutritionists | T56: 0 | W56: Dieticians and nutritionists | X56: 0 | AA56: Dieticians and nutritionists | AB56: 8 | AE56: Dieticians and nutritionists | AF56: 0 | AI56: Dieticians and nutritionists | AJ56: 0 | AM56: Dieticians and nutritionists | AN56: 21 | AQ56: Dieticians and nutritionists | AR56: 0 | AT56: Dieticians and nutritionists | AU56: 0
C57: Environmental and occupational health & hygiene workers | D57: 0 | G57: Environmental and occupational health & hygiene workers | H57: 0 | K57: Environmental and occupational health & hygiene workers | L57: 0 | O57: Environmental and occupational health & hygiene workers | P57: 3830 | S57: Environmental and occupational health & hygiene workers | T57: 0 | W57: Environmental and occupational health & hygiene workers | X57: 0 | AA57: Environmental and occupational health & hygiene workers | AB57: 429 | AE57: Environmental and occupational health & hygiene workers | AF57: 0 | AI57: Environmental and occupational health & hygiene workers | AJ57: 0 | AM57: Environmental and occupational health & hygiene workers | AN57: 1570 | AQ57: Environmental and occupational health & hygiene workers | AR57: 0 | AT57: Environmental and occupational health & hygiene workers | AU57: 619
C58: Personal care workers in health service | D58: 0 | G58: Personal care workers in health service | H58: 0 | K58: Personal care workers in health service | L58: 0 | O58: Personal care workers in health service | P58: 0 | S58: Personal care workers in health service | T58: 0 | W58: Personal care workers in health service | X58: 0 | AA58: Personal care workers in health service | AB58: 0 | AE58: Personal care workers in health service | AF58: 0 | AI58: Personal care workers in health service | AJ58: 0 | AM58: Personal care workers in health service | AN58: 6809 | AQ58: Personal care workers in health service | AR58: 0 | AT58: Health care assistants and other personal care workers in health services | AU58: 2623
C59: Managerial staff | D59: 0 | G59: Managerial staff | H59: 0 | K59: Managerial staff | L59: 0 | O59: Managerial staff | P59: 0 | S59: Managerial staff | T59: 0 | W59: Managerial staff | X59: 0 | AA59: Managerial staff | AB59: 0 | AE59: Managerial staff | AF59: 0 | AI59: Managerial staff | AJ59: 0 | AM59: Managerial staff | AN59: 0 | AQ59: Managerial staff | AR59: 0 | AT59: Health service managers | AU59: 0
C60: Medical and dental Prosthetic Technicians | D60: 0 | G60: Medical and dental Prosthetic Technicians | H60: 0 | K60: Medical and dental Prosthetic Technicians | L60: 0 | O60: Medical and dental Prosthetic Technicians | P60: 0 | S60: Medical and dental Prosthetic Technicians | T60: 0 | W60: Medical and dental Prosthetic Technicians | X60: 15 | AA60: Medical and dental Prosthetic Technicians | AB60: 0 | AE60: Medical and dental Prosthetic Technicians | AF60: 0 | AI60: Medical and dental Prosthetic Technicians | AJ60: 0 | AM60: Medical and dental Prosthetic Technicians | AN60: 0 | AQ60: Medical and dental Prosthetic Technicians | AR60: 0 | AT60: Medical and dental prosthetic technicians | AU60: 0
C61: Medical and Pathology Laboratory scientists | D61: 0 | G61: Medical and Pathology Laboratory scientists | H61: 0 | K61: Medical and Pathology Laboratory scientists | L61: 0 | O61: Medical and Pathology Laboratory scientists | P61: 0 | S61: Medical and Pathology Laboratory scientists | T61: 0 | W61: Medical and Pathology Laboratory scientists | X61: 0 | AA61: Medical and Pathology Laboratory scientists | AB61: 668 | AE61: Medical and Pathology Laboratory scientists | AF61: 0 | AI61: Medical and Pathology Laboratory scientists | AJ61: 0 | AM61: Medical and Pathology Laboratory scientists | AN61: 0 | AQ61: Medical and Pathology Laboratory scientists | AR61: 0 | AT61: Other science professionals and technicians | AU61: 0
C62: Medical Assistants | D62: 0 | G62: Medical Assistants | H62: 0 | K62: Medical Assistants | L62: 0 | O62: Medical Assistants | P62: 0 | S62: Medical Assistants | T62: 0 | W62: Medical Assistants | X62: 0 | AA62: Medical Assistants | AB62: 0 | AE62: Medical Assistants | AF62: 0 | AI62: Medical Assistants | AJ62: 0 | AM62: Medical Assistants | AN62: 0 | AQ62: Medical Assistants | AR62: 0 | AT62: Medical assistants – clinical officers | AU62: 0
... C73: Traditional and complementary medicine practitioners | D73: 0 | G73: Traditional and complementary medicine practitioners | H73: 10200 | K73: Traditional and complementary medicine practitioners | L73: 0 | O73: Traditional and complementary medicine practitioners | P73: 0 | S73: Traditional and complementary medicine practitioners | T73: 0 | W73: Traditional and complementary medicine practitioners | X73: 0 | AA73: Traditional and complementary medicine practitioners | AB73: 0 | AE73: Traditional and complementary medicine practitioners | AF73: 0 | AI73: Traditional and complementary medicine practitioners | AJ73: 0 | AM73: Traditional and complementary medicine practitioners | AN73: 0 | AQ73: Traditional and complementary medicine practitioners | AR73: 0 | AT73: Traditional and complementary medicine practitioners | AU73: 0
A74: BFA | B74: 17113732 | C74: Medical Doctors | D74: 1574 | E74: BFA | F74: 17636408 | G74: Medical Doctors | H74: 1606 | I74: BFA | J74: 18169842 | K74: Medical Doctors | L74: 1818 | M74: BFA | N74: 18718019 | O74: Medical Doctors | P74: 2378 | Q74: BFA | R74: 19275498 | S74: Medical Doctors | T74: 2404 | U74: BFA | V74: 19835859 | W74: Medical Doctors | X74: 3990 | Y74: BFA | Z74: 20392723 | AA74: Medical Doctors | AB74: 3368 | AC74: BFA | AD74: 20951639 | AE74: Medical Doctors | AF74: 5397 | AG74: BFA | AH74: 21522626 | AI74: Medical Doctors | AJ74: 4360 | AK74: BFA | AL74: 22100683 | AM74: Medical Doctors | AN74: 4684 | AO74: BFA | AP74: 22673762 | AQ74: Medical Doctors | AR74: 7587 | AS74: BFA | AT74: Medical doctors | AU74: 1626
C75: Nursing Personnel | D75: 12016 | G75: Nursing Personnel | H75: 12392 | K75: Nursing Personnel | L75: 12716 | O75: Nursing Personnel | P75: 19496 | S75: Nursing Personnel | T75: 19402 | W75: Nursing Personnel | X75: 20752 | AA75: Nursing Personnel | AB75: 0 | AE75: Nursing Personnel | AF75: 22728 | AI75: Nursing Personnel | AJ75: 23748 | AM75: Nursing Personnel | AN75: 24378 | AQ75: Nursing Personnel | AR75: 27922 | AT75: Nursing Personnel | AU75: 10325
C76: Midwifery personnel | D76: 8902 | G76: Midwifery personnel | H76: 3182 | K76: Midwifery personnel | L76: 3488 | O76: Midwifery personnel | P76: 4766 | S76: Midwifery personnel | T76: 5160 | W76: Midwifery personnel | X76: 13138 | AA76: Midwifery personnel | AB76: 0 | AE76: Midwifery personnel | AF76: 14954 | AI76: Midwifery personnel | AJ76: 15608 | AM76: Midwifery personnel | AN76: 16104 | AQ76: Midwifery personnel | AR76: 18588 | AT76: Midwifery personnel | AU76: 6569
C77: Pharmacists | D77: 785 | G77: Pharmacists | H77: 0 | K77: Pharmacists | L77: 0 | O77: Pharmacists | P77: 1184 | S77: Pharmacists | T77: 17091 | W77: Pharmacists | X77: 20603 | AA77: Pharmacists | AB77: 401 | AE77: Pharmacists | AF77: 85 | AI77: Pharmacists | AJ77: 0 | AM77: Pharmacists | AN77: 232 | AQ77: Pharmacists | AR77: 0 | AT77: Pharmacists | AU77: 792
C78: Dentists | D78: 39 | G78: Dentists | H78: 0 | K78: Dentists | L78: 0 | O78: Dentists | P78: 392 | S78: Dentists | T78: 466 | W78: Dentists | X78: 5048 | AA78: Dentists | AB78: 111 | AE78: Dentists | AF78: 131 | AI78: Dentists | AJ78: 0 | AM78: Dentists | AN78: 80 | AQ78: Dentists | AR78: 0 | AT78: Dentists | AU78: 80
C79: Community Health Workers | D79: 2099 | G79: Community Health Workers | H79: 0 | K79: Community Health Workers | L79: 0 | O79: Community Health Workers | P79: 0 | S79: Community Health Workers | T79: 0 | W79: Community Health Workers | X79: 2749 | AA79: Community Health Workers | AB79: 0 | AE79: Community Health Workers | AF79: 2979 | AI79: Community Health Workers | AJ79: 2923 | AM79: Community Health Workers | AN79: 2947 | AQ79: Community Health Workers | AR79: 3145 | AT79: Community health workers | AU79: 2749
C80: Dieticians and nutritionists | D80: 128 | G80: Dieticians and nutritionists | H80: 0 | K80: Dieticians and nutritionists | L80: 0 | O80: Dieticians and nutritionists | P80: 1688 | S80: Dieticians and nutritionists | T80: 940 | W80: Dieticians and nutritionists | X80: 0 | AA80: Dieticians and nutritionists | AB80: 0 | AE80: Dieticians and nutritionists | AF80: 0 | AI80: Dieticians and nutritionists | AJ80: 0 | AM80: Dieticians and nutritionists | AN80: 15 | AQ80: Dieticians and nutritionists | AR80: 0 | AT80: Dieticians and nutritionists | AU80: 19
C81: Environmental and occupational health & hygiene workers | D81: 1791 | G81: Environmental and occupational health & hygiene workers | H81: 0 | K81: Environmental and occupational health & hygiene workers | L81: 0 | O81: Environmental and occupational health & hygiene workers | P81: 718 | S81: Environmental and occupational health & hygiene workers | T81: 2367 | W81: Environmental and occupational health & hygiene workers | X81: 20392 | AA81: Environmental and occupational health & hygiene workers | AB81: 157 | AE81: Environmental and occupational health & hygiene workers | AF81: 0 | AI81: Environmental and occupational health & hygiene workers | AJ81: 0 | AM81: Environmental and occupational health & hygiene workers | AN81: 31 | AQ81: Environmental and occupational health & hygiene workers | AR81: 0 | AT81: Environmental and occupational health & hygiene workers | AU81: 160
C82: Personal care workers in health service | D82: 0 | G82: Personal care workers in health service | H82: 0 | K82: Personal care workers in health service | L82: 0 | O82: Personal care workers in health service | P82: 0 | S82: Personal care workers in health service | T82: 0 | W82: Personal care workers in health service | X82: 0 | AA82: Personal care workers in health service | AB82: 0 | AE82: Personal care workers in health service | AF82: 0 | AI82: Personal care workers in health service | AJ82: 68 | AM82: Personal care workers in health service | AN82: 0 | AQ82: Personal care workers in health service | AR82: 886 | AT82: Health care assistants and other personal care workers in health services | AU82: 1224
C83: Managerial staff | D83: 0 | G83: Managerial staff | H83: 0 | K83: Managerial staff | L83: 0 | O83: Managerial staff | P83: 0 | S83: Managerial staff | T83: 0 | W83: Managerial staff | X83: 0 | AA83: Managerial staff | AB83: 0 | AE83: Managerial staff | AF83: 0 | AI83: Managerial staff | AJ83: 0 | AM83: Managerial staff | AN83: 0 | AQ83: Managerial staff | AR83: 0 | AT83: Health service managers | AU83: 653
C84: Medical and dental Prosthetic Technicians | D84: 0 | G84: Medical and dental Prosthetic Technicians | H84: 0 | K84: Medical and dental Prosthetic Technicians | L84: 0 | O84: Medical and dental Prosthetic Technicians | P84: 0 | S84: Medical and dental Prosthetic Technicians | T84: 0 | W84: Medical and dental Prosthetic Technicians | X84: 3 | AA84: Medical and dental Prosthetic Technicians | AB84: 2 | AE84: Medical and dental Prosthetic Technicians | AF84: 143 | AI84: Medical and dental Prosthetic Technicians | AJ84: 0 | AM84: Medical and dental Prosthetic Technicians | AN84: 0 | AQ84: Medical and dental Prosthetic Technicians | AR84: 14 | AT84: Medical and dental prosthetic technicians | AU84: 3
C85: Medical and Pathology Laboratory scientists | D85: 0 | G85: Medical and Pathology Laboratory scientists | H85: 0 | K85: Medical and Pathology Laboratory scientists | L85: 0 | O85: Medical and Pathology Laboratory scientists | P85: 0 | S85: Medical and Pathology Laboratory scientists | T85: 0 | W85: Medical and Pathology Laboratory scientists | X85: 699 | AA85: Medical and Pathology Laboratory scientists | AB85: 648 | AE85: Medical and Pathology Laboratory scientists | AF85: 800 | AI85: Medical and Pathology Laboratory scientists | AJ85: 906 | AM85: Medical and Pathology Laboratory scientists | AN85: 899 | AQ85: Medical and Pathology Laboratory scientists | AR85: 0 | AT85: Other science professionals and technicians | AU85: 2
C86: Medical Assistants | D86: 0 | G86: Medical Assistants | H86: 0 | K86: Medical Assistants | L86: 0 | O86: Medical Assistants | P86: 0 | S86: Medical Assistants | T86: 0 | W86: Medical Assistants | X86: 0 | AA86: Medical Assistants | AB86: 0 | AE86: Medical Assistants | AF86: 0 | AI86: Medical Assistants | AJ86: 0 | AM86: Medical Assistants | AN86: 8 | AQ86: Medical Assistants | AR86: 0 | AT86: Medical assistants – clinical officers | AU86: 0
... C97: Traditional and complementary medicine practitioners | D97: 0 | G97: Traditional and complementary medicine practitioners | H97: 0 | K97: Traditional and complementary medicine practitioners | L97: 0 | O97: Traditional and complementary medicine practitioners | P97: 0 | S97: Traditional and complementary medicine practitioners | T97: 0 | W97: Traditional and complementary medicine practitioners | X97: 336 | AA97: Traditional and complementary medicine practitioners | AB97: 0 | AE97: Traditional and complementary medicine practitioners | AF97: 336 | AI97: Traditional and complementary medicine practitioners | AJ97: 0 | AM97: Traditional and complementary medicine practitioners | AN97: 50 | AQ97: Traditional and complementary medicine practitioners | AR97: 0 | AT97: Traditional and complementary medicine practitioners | AU97: 336
A98: BWA | B98: 2175425.5 | C98: Medical Doctors | D98: 1638 | E98: BWA | F98: 2217278 | G98: Medical Doctors | H98: 0 | I98: BWA | J98: 2260375.5 | K98: Medical Doctors | L98: 76 | M98: BWA | N98: 2305171.5 | O98: Medical Doctors | P98: 0 | Q98: BWA | R98: 2352415.5 | S98: Medical Doctors | T98: 1671 | U98: BWA | V98: 2401840 | W98: Medical Doctors | X98: 0 | Y98: BWA | Z98: 2451408.5 | AA98: Medical Doctors | AB98: 1850 | AC98: BWA | AD98: 2499701.5 | AE98: Medical Doctors | AF98: 1840 | AG98: BWA | AH98: 2546402 | AI98: Medical Doctors | AJ98: 2048 | AK98: BWA | AL98: 2588423 | AM98: Medical Doctors | AN98: 2028 | AO98: BWA | AP98: 2630296 | AQ98: Medical Doctors | AR98: 1984 | AS98: BWA | AT98: Medical doctors | AU98: 853
C99: Nursing Personnel | D99: 11632 | G99: Nursing Personnel | H99: 0 | K99: Nursing Personnel | L99: 0 | O99: Nursing Personnel | P99: 0 | S99: Nursing Personnel | T99: 14854 | W99: Nursing Personnel | X99: 0 | AA99: Nursing Personnel | AB99: 15290 | AE99: Nursing Personnel | AF99: 15526 | AI99: Nursing Personnel | AJ99: 15542 | AM99: Nursing Personnel | AN99: 15772 | AQ99: Nursing Personnel | AR99: 16056 | AT99: Nursing Personnel | AU99: 6935
C100: Midwifery personnel | D100: 0 | G100: Midwifery personnel | H100: 3002 | K100: Midwifery personnel | L100: 0 | O100: Midwifery personnel | P100: 0 | S100: Midwifery personnel | T100: 2922 | W100: Midwifery personnel | X100: 0 | AA100: Midwifery personnel | AB100: 0 | AE100: Midwifery personnel | AF100: 0 | AI100: Midwifery personnel | AJ100: 0 | AM100: Midwifery personnel | AN100: 0 | AQ100: Midwifery personnel | AR100: 0 | AT100: Midwifery personnel | AU100: 0
C101: Pharmacists | D101: 37 | G101: Pharmacists | H101: 772 | K101: Pharmacists | L101: 0 | O101: Pharmacists | P101: 30461 | S101: Pharmacists | T101: 319 | W101: Pharmacists | X101: 74 | AA101: Pharmacists | AB101: 0 | AE101: Pharmacists | AF101: 0 | AI101: Pharmacists | AJ101: 2156 | AM101: Pharmacists | AN101: 0 | AQ101: Pharmacists | AR101: 0 | AT101: Pharmacists | AU101: 487
C102: Dentists | D102: 6 | G102: Dentists | H102: 422 | K102: Dentists | L102: 52 | O102: Dentists | P102: 10523 | S102: Dentists | T102: 66 | W102: Dentists | X102: 118 | AA102: Dentists | AB102: 33 | AE102: Dentists | AF102: 84 | AI102: Dentists | AJ102: 7018 | AM102: Dentists | AN102: 0 | AQ102: Dentists | AR102: 0 | AT102: Dentists | AU102: 94
C103: Community Health Workers | D103: 166 | G103: Community Health Workers | H103: 0 | K103: Community Health Workers | L103: 0 | O103: Community Health Workers | P103: 0 | S103: Community Health Workers | T103: 0 | W103: Community Health Workers | X103: 0 | AA103: Community Health Workers | AB103: 0 | AE103: Community Health Workers | AF103: 0 | AI103: Community Health Workers | AJ103: 0 | AM103: Community Health Workers | AN103: 0 | AQ103: Community Health Workers | AR103: 0 | AT103: Community health workers | AU103: 0
C104: Dieticians and nutritionists | D104: 0 | G104: Dieticians and nutritionists | H104: 668 | K104: Dieticians and nutritionists | L104: 0 | O104: Dieticians and nutritionists | P104: 0 | S104: Dieticians and nutritionists | T104: 13 | W104: Dieticians and nutritionists | X104: 0 | AA104: Dieticians and nutritionists | AB104: 0 | AE104: Dieticians and nutritionists | AF104: 0 | AI104: Dieticians and nutritionists | AJ104: 0 | AM104: Dieticians and nutritionists | AN104: 0 | AQ104: Dieticians and nutritionists | AR104: 0 | AT104: Dieticians and nutritionists | AU104: 0
C105: Environmental and occupational health & hygiene workers | D105: 0 | G105: Environmental and occupational health & hygiene workers | H105: 166 | K105: Environmental and occupational health & hygiene workers | L105: 0 | O105: Environmental and occupational health & hygiene workers | P105: 14743 | S105: Environmental and occupational health & hygiene workers | T105: 208 | W105: Environmental and occupational health & hygiene workers | X105: 0 | AA105: Environmental and occupational health & hygiene workers | AB105: 0 | AE105: Environmental and occupational health & hygiene workers | AF105: 0 | AI105: Environmental and occupational health & hygiene workers | AJ105: 0 | AM105: Environmental and occupational health & hygiene workers | AN105: 0 | AQ105: Environmental and occupational health & hygiene workers | AR105: 0 | AT105: Environmental and occupational health & hygiene workers | AU105: 99
C106: Personal care workers in health service | D106: 0 | G106: Personal care workers in health service | H106: 0 | K106: Personal care workers in health service | L106: 0 | O106: Personal care workers in health service | P106: 0 | S106: Personal care workers in health service | T106: 0 | W106: Personal care workers in health service | X106: 0 | AA106: Personal care workers in health service | AB106: 1563 | AE106: Personal care workers in health service | AF106: 1421 | AI106: Personal care workers in health service | AJ106: 1423 | AM106: Personal care workers in health service | AN106: 1519 | AQ106: Personal care workers in health service | AR106: 1563 | AT106: Health care assistants and other personal care workers in health services | AU106: 1622
C107: Managerial staff | D107: 0 | G107: Managerial staff | H107: 0 | K107: Managerial staff | L107: 0 | O107: Managerial staff | P107: 0 | S107: Managerial staff | T107: 0 | W107: Managerial staff | X107: 0 | AA107: Managerial staff | AB107: 156 | AE107: Managerial staff | AF107: 131 | AI107: Managerial staff | AJ107: 125 | AM107: Managerial staff | AN107: 147 | AQ107: Managerial staff | AR107: 159 | AT107: Health service managers | AU107: 0
C108: Medical and dental Prosthetic Technicians | D108: 0 | G108: Medical and dental Prosthetic Technicians | H108: 0 | K108: Medical and dental Prosthetic Technicians | L108: 0 | O108: Medical and dental Prosthetic Technicians | P108: 0 | S108: Medical and dental Prosthetic Technicians | T108: 0 | W108: Medical and dental Prosthetic Technicians | X108: 0 | AA108: Medical and dental Prosthetic Technicians | AB108: 27 | AE108: Medical and dental Prosthetic Technicians | AF108: 33 | AI108: Medical and dental Prosthetic Technicians | AJ108: 33 | AM108: Medical and dental Prosthetic Technicians | AN108: 35 | AQ108: Medical and dental Prosthetic Technicians | AR108: 33 | AT108: Medical and dental prosthetic technicians | AU108: 0
C109: Medical and Pathology Laboratory scientists | D109: 0 | G109: Medical and Pathology Laboratory scientists | H109: 0 | K109: Medical and Pathology Laboratory scientists | L109: 0 | O109: Medical and Pathology Laboratory scientists | P109: 0 | S109: Medical and Pathology Laboratory scientists | T109: 0 | W109: Medical and Pathology Laboratory scientists | X109: 0 | AA109: Medical and Pathology Laboratory scientists | AB109: 160 | AE109: Medical and Pathology Laboratory scientists | AF109: 156 | AI109: Medical and Pathology Laboratory scientists | AJ109: 167 | AM109: Medical and Pathology Laboratory scientists | AN109: 161 | AQ109: Medical and Pathology Laboratory scientists | AR109: 191 | AT109: Other science professionals and technicians | AU109: 0
C110: Medical Assistants | D110: 0 | G110: Medical Assistants | H110: 0 | K110: Medical Assistants | L110: 0 | O110: Medical Assistants | P110: 0 | S110: Medical Assistants | T110: 0 | W110: Medical Assistants | X110: 0 | AA110: Medical Assistants | AB110: 63 | AE110: Medical Assistants | AF110: 64 | AI110: Medical Assistants | AJ110: 67 | AM110: Medical Assistants | AN110: 66 | AQ110: Medical Assistants | AR110: 63 | AT110: Medical assistants – clinical officers | AU110: 0
... C121: Traditional and complementary medicine practitioners | D121: 0 | G121: Traditional and complementary medicine practitioners | H121: 0 | K121: Traditional and complementary medicine practitioners | L121: 0 | O121: Traditional and complementary medicine practitioners | P121: 0 | S121: Traditional and complementary medicine practitioners | T121: 0 | W121: Traditional and complementary medicine practitioners | X121: 0 | AA121: Traditional and complementary medicine practitioners | AB121: 0 | AE121: Traditional and complementary medicine practitioners | AF121: 0 | AI121: Traditional and complementary medicine practitioners | AJ121: 0 | AM121: Traditional and complementary medicine practitioners | AN121: 0 | AQ121: Traditional and complementary medicine practitioners | AR121: 0 | AT121: Traditional and complementary medicine practitioners | AU121: 0
A122: CAF | B122: 4773305.5 | C122: Medical Doctors | D122: 0 | E122: CAF | F122: 4802428.5 | G122: Medical Doctors | H122: 0 | I122: CAF | J122: 4798734.5 | K122: Medical Doctors | L122: 17 | M122: CAF | N122: 4819333 | O122: Medical Doctors | P122: 648 | Q122: CAF | R122: 4904177.5 | S122: Medical Doctors | T122: 0 | U122: CAF | V122: 4996741 | W122: Medical Doctors | X122: 0 | Y122: CAF | Z122: 5094780 | AA122: Medical Doctors | AB122: 670 | AC122: CAF | AD122: 5209324.5 | AE122: Medical Doctors | AF122: 0 | AG122: CAF | AH122: 5343020 | AI122: Medical Doctors | AJ122: 0 | AK122: CAF | AL122: 5457154.5 | AM122: Medical Doctors | AN122: 561 | AO122: CAF | AP122: 5579143.5 | AQ122: Medical Doctors | AR122: 0 | AS122: CAF | AT122: Medical doctors | AU122: 335
C123: Nursing Personnel | D123: 0 | G123: Nursing Personnel | H123: 0 | K123: Nursing Personnel | L123: 0 | O123: Nursing Personnel | P123: 644 | S123: Nursing Personnel | T123: 0 | W123: Nursing Personnel | X123: 0 | AA123: Nursing Personnel | AB123: 2390 | AE123: Nursing Personnel | AF123: 0 | AI123: Nursing Personnel | AJ123: 0 | AM123: Nursing Personnel | AN123: 1010 | AQ123: Nursing Personnel | AR123: 0 | AT123: Nursing Personnel | AU123: 751
C124: Midwifery personnel | D124: 0 | G124: Midwifery personnel | H124: 1028 | K124: Midwifery personnel | L124: 0 | O124: Midwifery personnel | P124: 1210 | S124: Midwifery personnel | T124: 0 | W124: Midwifery personnel | X124: 0 | AA124: Midwifery personnel | AB124: 0 | AE124: Midwifery personnel | AF124: 0 | AI124: Midwifery personnel | AJ124: 0 | AM124: Midwifery personnel | AN124: 1074 | AQ124: Midwifery personnel | AR124: 0 | AT124: Midwifery personnel | AU124: 444
C125: Pharmacists | D125: 1603 | G125: Pharmacists | H125: 382 | K125: Pharmacists | L125: 574 | O125: Pharmacists | P125: 0 | S125: Pharmacists | T125: 29 | W125: Pharmacists | X125: 971 | AA125: Pharmacists | AB125: 483 | AE125: Pharmacists | AF125: 1362 | AI125: Pharmacists | AJ125: 105 | AM125: Pharmacists | AN125: 0 | AQ125: Pharmacists | AR125: 2695 | AT125: Pharmacists | AU125: 36
C126: Dentists | D126: 171 | G126: Dentists | H126: 50 | K126: Dentists | L126: 110 | O126: Dentists | P126: 0 | S126: Dentists | T126: 10 | W126: Dentists | X126: 405 | AA126: Dentists | AB126: 21 | AE126: Dentists | AF126: 446 | AI126: Dentists | AJ126: 0 | AM126: Dentists | AN126: 0 | AQ126: Dentists | AR126: 488 | AT126: Dentists | AU126: 10
C127: Community Health Workers | D127: 0 | G127: Community Health Workers | H127: 0 | K127: Community Health Workers | L127: 0 | O127: Community Health Workers | P127: 0 | S127: Community Health Workers | T127: 0 | W127: Community Health Workers | X127: 0 | AA127: Community Health Workers | AB127: 115 | AE127: Community Health Workers | AF127: 0 | AI127: Community Health Workers | AJ127: 0 | AM127: Community Health Workers | AN127: 1595 | AQ127: Community Health Workers | AR127: 0 | AT127: Community health workers | AU127: 115
C128: Dieticians and nutritionists | D128: 15 | G128: Dieticians and nutritionists | H128: 44 | K128: Dieticians and nutritionists | L128: 44 | O128: Dieticians and nutritionists | P128: 0 | S128: Dieticians and nutritionists | T128: 11 | W128: Dieticians and nutritionists | X128: 55 | AA128: Dieticians and nutritionists | AB128: 77 | AE128: Dieticians and nutritionists | AF128: 0 | AI128: Dieticians and nutritionists | AJ128: 0 | AM128: Dieticians and nutritionists | AN128: 0 | AQ128: Dieticians and nutritionists | AR128: 1634 | AT128: Dieticians and nutritionists | AU128: 0
C129: Environmental and occupational health & hygiene workers | D129: 11 | G129: Environmental and occupational health & hygiene workers | H129: 257 | K129: Environmental and occupational health & hygiene workers | L129: 0 | O129: Environmental and occupational health & hygiene workers | P129: 0 | S129: Environmental and occupational health & hygiene workers | T129: 0 | W129: Environmental and occupational health & hygiene workers | X129: 669 | AA129: Environmental and occupational health & hygiene workers | AB129: 0 | AE129: Environmental and occupational health & hygiene workers | AF129: 0 | AI129: Environmental and occupational health & hygiene workers | AJ129: 0 | AM129: Environmental and occupational health & hygiene workers | AN129: 0 | AQ129: Environmental and occupational health & hygiene workers | AR129: 47 | AT129: Environmental and occupational health & hygiene workers | AU129: 105
C130: Personal care workers in health service | D130: 0 | G130: Personal care workers in health service | H130: 0 | K130: Personal care workers in health service | L130: 0 | O130: Personal care workers in health service | P130: 0 | S130: Personal care workers in health service | T130: 0 | W130: Personal care workers in health service | X130: 0 | AA130: Personal care workers in health service | AB130: 0 | AE130: Personal care workers in health service | AF130: 0 | AI130: Personal care workers in health service | AJ130: 0 | AM130: Personal care workers in health service | AN130: 308 | AQ130: Personal care workers in health service | AR130: 0 | AT130: Health care assistants and other personal care workers in health services | AU130: 79
C131: Managerial staff | D131: 0 | G131: Managerial staff | H131: 0 | K131: Managerial staff | L131: 0 | O131: Managerial staff | P131: 0 | S131: Managerial staff | T131: 0 | W131: Managerial staff | X131: 0 | AA131: Managerial staff | AB131: 0 | AE131: Managerial staff | AF131: 0 | AI131: Managerial staff | AJ131: 0 | AM131: Managerial staff | AN131: 0 | AQ131: Managerial staff | AR131: 0 | AT131: Health service managers | AU131: 22
C132: Medical and dental Prosthetic Technicians | D132: 0 | G132: Medical and dental Prosthetic Technicians | H132: 0 | K132: Medical and dental Prosthetic Technicians | L132: 0 | O132: Medical and dental Prosthetic Technicians | P132: 0 | S132: Medical and dental Prosthetic Technicians | T132: 0 | W132: Medical and dental Prosthetic Technicians | X132: 0 | AA132: Medical and dental Prosthetic Technicians | AB132: 1 | AE132: Medical and dental Prosthetic Technicians | AF132: 0 | AI132: Medical and dental Prosthetic Technicians | AJ132: 0 | AM132: Medical and dental Prosthetic Technicians | AN132: 0 | AQ132: Medical and dental Prosthetic Technicians | AR132: 0 | AT132: Medical and dental prosthetic technicians | AU132: 0
C133: Medical and Pathology Laboratory scientists | D133: 0 | G133: Medical and Pathology Laboratory scientists | H133: 0 | K133: Medical and Pathology Laboratory scientists | L133: 0 | O133: Medical and Pathology Laboratory scientists | P133: 0 | S133: Medical and Pathology Laboratory scientists | T133: 0 | W133: Medical and Pathology Laboratory scientists | X133: 0 | AA133: Medical and Pathology Laboratory scientists | AB133: 112 | AE133: Medical and Pathology Laboratory scientists | AF133: 0 | AI133: Medical and Pathology Laboratory scientists | AJ133: 0 | AM133: Medical and Pathology Laboratory scientists | AN133: 0 | AQ133: Medical and Pathology Laboratory scientists | AR133: 0 | AT133: Other science professionals and technicians | AU133: 3
C134: Medical Assistants | D134: 0 | G134: Medical Assistants | H134: 0 | K134: Medical Assistants | L134: 0 | O134: Medical Assistants | P134: 0 | S134: Medical Assistants | T134: 0 | W134: Medical Assistants | X134: 0 | AA134: Medical Assistants | AB134: 0 | AE134: Medical Assistants | AF134: 0 | AI134: Medical Assistants | AJ134: 0 | AM134: Medical Assistants | AN134: 0 | AQ134: Medical Assistants | AR134: 0 | AT134: Medical assistants – clinical officers | AU134: 104
... C145: Traditional and complementary medicine practitioners | D145: 0 | G145: Traditional and complementary medicine practitioners | H145: 0 | K145: Traditional and complementary medicine practitioners | L145: 0 | O145: Traditional and complementary medicine practitioners | P145: 0 | S145: Traditional and complementary medicine practitioners | T145: 0 | W145: Traditional and complementary medicine practitioners | X145: 0 | AA145: Traditional and complementary medicine practitioners | AB145: 0 | AE145: Traditional and complementary medicine practitioners | AF145: 0 | AI145: Traditional and complementary medicine practitioners | AJ145: 0 | AM145: Traditional and complementary medicine practitioners | AN145: 0 | AQ145: Traditional and complementary medicine practitioners | AR145: 0 | AT145: Traditional and complementary medicine practitioners | AU145: 0
A146: CIV | B146: 22010711 | C146: Medical Doctors | D146: 0 | E146: CIV | F146: 22469268 | G146: Medical Doctors | H146: 0 | I146: CIV | J146: 22995556 | K146: Medical Doctors | L146: 11036 | M146: CIV | N146: 23596741 | O146: Medical Doctors | P146: 0 | Q146: CIV | R146: 24213622 | S146: Medical Doctors | T146: 0 | U146: CIV | V146: 24848016 | W146: Medical Doctors | X146: 0 | Y146: CIV | Z146: 25493988 | AA146: Medical Doctors | AB146: 11204 | AC146: CIV | AD146: 26147551 | AE146: Medical Doctors | AF146: 8346 | AG146: CIV | AH146: 26811791 | AI146: Medical Doctors | AJ146: 8870 | AK146: CIV | AL146: 27478249 | AM146: Medical Doctors | AN146: 9902 | AO146: CIV | AP146: 28160543 | AQ146: Medical Doctors | AR146: 9860 | AS146: CIV | AT146: Medical doctors | AU146: 5602
C147: Nursing Personnel | D147: 0 | G147: Nursing Personnel | H147: 17560 | K147: Nursing Personnel | L147: 17736 | O147: Nursing Personnel | P147: 21782 | S147: Nursing Personnel | T147: 24264 | W147: Nursing Personnel | X147: 27166 | AA147: Nursing Personnel | AB147: 30326 | AE147: Nursing Personnel | AF147: 22518 | AI147: Nursing Personnel | AJ147: 26792 | AM147: Nursing Personnel | AN147: 25774 | AQ147: Nursing Personnel | AR147: 29958 | AT147: Nursing Personnel | AU147: 11730
C148: Midwifery personnel | D148: 0 | G148: Midwifery personnel | H148: 7702 | K148: Midwifery personnel | L148: 10600 | O148: Midwifery personnel | P148: 0 | S148: Midwifery personnel | T148: 0 | W148: Midwifery personnel | X148: 0 | AA148: Midwifery personnel | AB148: 0 | AE148: Midwifery personnel | AF148: 11202 | AI148: Midwifery personnel | AJ148: 12690 | AM148: Midwifery personnel | AN148: 14148 | AQ148: Midwifery personnel | AR148: 14850 | AT148: Midwifery personnel | AU148: 5460
C149: Pharmacists | D149: 0 | G149: Pharmacists | H149: 255 | K149: Pharmacists | L149: 0 | O149: Pharmacists | P149: 0 | S149: Pharmacists | T149: 0 | W149: Pharmacists | X149: 0 | AA149: Pharmacists | AB149: 2646 | AE149: Pharmacists | AF149: 814 | AI149: Pharmacists | AJ149: 0 | AM149: Pharmacists | AN149: 233 | AQ149: Pharmacists | AR149: 0 | AT149: Pharmacists | AU149: 2495
C150: Dentists | D150: 1764 | G150: Dentists | H150: 4 | K150: Dentists | L150: 21 | O150: Dentists | P150: 0 | S150: Dentists | T150: 0 | W150: Dentists | X150: 351 | AA150: Dentists | AB150: 593 | AE150: Dentists | AF150: 160 | AI150: Dentists | AJ150: 0 | AM150: Dentists | AN150: 219 | AQ150: Dentists | AR150: 79 | AT150: Dentists | AU150: 506
C151: Community Health Workers | D151: 0 | G151: Community Health Workers | H151: 0 | K151: Community Health Workers | L151: 0 | O151: Community Health Workers | P151: 0 | S151: Community Health Workers | T151: 0 | W151: Community Health Workers | X151: 0 | AA151: Community Health Workers | AB151: 14556 | AE151: Community Health Workers | AF151: 0 | AI151: Community Health Workers | AJ151: 0 | AM151: Community Health Workers | AN151: 0 | AQ151: Community Health Workers | AR151: 0 | AT151: Community health workers | AU151: 14556
C152: Dieticians and nutritionists | D152: 0 | G152: Dieticians and nutritionists | H152: 0 | K152: Dieticians and nutritionists | L152: 0 | O152: Dieticians and nutritionists | P152: 0 | S152: Dieticians and nutritionists | T152: 0 | W152: Dieticians and nutritionists | X152: 0 | AA152: Dieticians and nutritionists | AB152: 745 | AE152: Dieticians and nutritionists | AF152: 29 | AI152: Dieticians and nutritionists | AJ152: 0 | AM152: Dieticians and nutritionists | AN152: 7 | AQ152: Dieticians and nutritionists | AR152: 0 | AT152: Dieticians and nutritionists | AU152: 25
C153: Environmental and occupational health & hygiene workers | D153: 0 | G153: Environmental and occupational health & hygiene workers | H153: 0 | K153: Environmental and occupational health & hygiene workers | L153: 0 | O153: Environmental and occupational health & hygiene workers | P153: 0 | S153: Environmental and occupational health & hygiene workers | T153: 0 | W153: Environmental and occupational health & hygiene workers | X153: 0 | AA153: Environmental and occupational health & hygiene workers | AB153: 0 | AE153: Environmental and occupational health & hygiene workers | AF153: 148 | AI153: Environmental and occupational health & hygiene workers | AJ153: 0 | AM153: Environmental and occupational health & hygiene workers | AN153: 835 | AQ153: Environmental and occupational health & hygiene workers | AR153: 0 | AT153: Environmental and occupational health & hygiene workers | AU153: 1425
C154: Personal care workers in health service | D154: 0 | G154: Personal care workers in health service | H154: 0 | K154: Personal care workers in health service | L154: 0 | O154: Personal care workers in health service | P154: 0 | S154: Personal care workers in health service | T154: 0 | W154: Personal care workers in health service | X154: 0 | AA154: Personal care workers in health service | AB154: 0 | AE154: Personal care workers in health service | AF154: 4168 | AI154: Personal care workers in health service | AJ154: 0 | AM154: Personal care workers in health service | AN154: 4221 | AQ154: Personal care workers in health service | AR154: 4140 | AT154: Health care assistants and other personal care workers in health services | AU154: 3640
C155: Managerial staff | D155: 0 | G155: Managerial staff | H155: 0 | K155: Managerial staff | L155: 0 | O155: Managerial staff | P155: 0 | S155: Managerial staff | T155: 0 | W155: Managerial staff | X155: 0 | AA155: Managerial staff | AB155: 0 | AE155: Managerial staff | AF155: 0 | AI155: Managerial staff | AJ155: 0 | AM155: Managerial staff | AN155: 0 | AQ155: Managerial staff | AR155: 0 | AT155: Health service managers | AU155: 91
C156: Medical and dental Prosthetic Technicians | D156: 0 | G156: Medical and dental Prosthetic Technicians | H156: 0 | K156: Medical and dental Prosthetic Technicians | L156: 190 | O156: Medical and dental Prosthetic Technicians | P156: 0 | S156: Medical and dental Prosthetic Technicians | T156: 0 | W156: Medical and dental Prosthetic Technicians | X156: 0 | AA156: Medical and dental Prosthetic Technicians | AB156: 0 | AE156: Medical and dental Prosthetic Technicians | AF156: 40 | AI156: Medical and dental Prosthetic Technicians | AJ156: 0 | AM156: Medical and dental Prosthetic Technicians | AN156: 0 | AQ156: Medical and dental Prosthetic Technicians | AR156: 0 | AT156: Medical and dental prosthetic technicians | AU156: 0
C157: Medical and Pathology Laboratory scientists | D157: 0 | G157: Medical and Pathology Laboratory scientists | H157: 0 | K157: Medical and Pathology Laboratory scientists | L157: 2380 | O157: Medical and Pathology Laboratory scientists | P157: 0 | S157: Medical and Pathology Laboratory scientists | T157: 0 | W157: Medical and Pathology Laboratory scientists | X157: 0 | AA157: Medical and Pathology Laboratory scientists | AB157: 0 | AE157: Medical and Pathology Laboratory scientists | AF157: 0 | AI157: Medical and Pathology Laboratory scientists | AJ157: 0 | AM157: Medical and Pathology Laboratory scientists | AN157: 0 | AQ157: Medical and Pathology Laboratory scientists | AR157: 0 | AT157: Other science professionals and technicians | AU157: 497
C158: Medical Assistants | D158: 0 | G158: Medical Assistants | H158: 0 | K158: Medical Assistants | L158: 0 | O158: Medical Assistants | P158: 0 | S158: Medical Assistants | T158: 0 | W158: Medical Assistants | X158: 0 | AA158: Medical Assistants | AB158: 0 | AE158: Medical Assistants | AF158: 0 | AI158: Medical Assistants | AJ158: 0 | AM158: Medical Assistants | AN158: 0 | AQ158: Medical Assistants | AR158: 0 | AT158: Medical assistants – clinical officers | AU158: 242
... C169: Traditional and complementary medicine practitioners | D169: 0 | G169: Traditional and complementary medicine practitioners | H169: 0 | K169: Traditional and complementary medicine practitioners | L169: 0 | O169: Traditional and complementary medicine practitioners | P169: 0 | S169: Traditional and complementary medicine practitioners | T169: 0 | W169: Traditional and complementary medicine practitioners | X169: 0 | AA169: Traditional and complementary medicine practitioners | AB169: 0 | AE169: Traditional and complementary medicine practitioners | AF169: 0 | AI169: Traditional and complementary medicine practitioners | AJ169: 0 | AM169: Traditional and complementary medicine practitioners | AN169: 0 | AQ169: Traditional and complementary medicine practitioners | AR169: 0 | AT169: Traditional and complementary medicine practitioners | AU169: 4437
A170: CMR | B170: 21032684 | C170: Medical Doctors | D170: 0 | E170: CMR | F170: 21632850 | G170: Medical Doctors | H170: 0 | I170: CMR | J170: 22299585 | K170: Medical Doctors | L170: 0 | M170: CMR | N170: 23012646 | O170: Medical Doctors | P170: 0 | Q170: CMR | R170: 23711630 | S170: Medical Doctors | T170: 0 | U170: CMR | V170: 24393182 | W170: Medical Doctors | X170: 0 | Y170: CMR | Z170: 25076747 | AA170: Medical Doctors | AB170: 6518 | AC170: CMR | AD170: 25782341 | AE170: Medical Doctors | AF170: 0 | AG170: CMR | AH170: 26491087 | AI170: Medical Doctors | AJ170: 5930 | AK170: CMR | AL170: 27198628 | AM170: Medical Doctors | AN170: 7653 | AO170: CMR | AP170: 27914536 | AQ170: Medical Doctors | AR170: 8865 | AS170: CMR | AT170: Medical doctors | AU170: 3259
...

Sheet 2012
A1: Row Labels | B1: AGO | C1: BDI | D1: BEN | E1: BFA | F1: BWA | G1: CAF | H1: CIV | I1: CMR | J1: COD | K1: COG | L1: COM | M1: CPV | N1: DZA | O1: ERI | P1: ETH | Q1: GAB | R1: GHA | S1: GIN | T1: GMB | U1: GNB | V1: GNQ | W1: KEN | X1: LBR | Y1: LSO | Z1: MDG | AA1: MLI | AB1: MOZ | AC1: MRT | AD1: MUS | AE1: MWI | AF1: NAM | AG1: NER | AH1: NGA | AI1: RWA | AJ1: SEN | AK1: SLE | AL1: SSD | AM1: STP | AN1: SWZ | AO1: SYC | AP1: TCD | AQ1: TGO | AR1: TZA | AS1: UGA | AT1: ZAF | AU1: ZMB | AV1: ZWE | AW1: Grand Total
A2: Population UN 1 | B2: 25188292 | C2: 9795479 | D2: 10014078 | E2: 17113732 | F2: 2175425.5 | G2: 4773305.5 | H2: 22010711 | I2: 21032684 | J2: 70997870 | K2: 4713256.5 | L2: 684552.5 | M2: 533864 | N2: 37260563 | O2: 3252596 | P2: 94451280 | Q2: 1836705 | R2: 26858762 | S2: 10788692 | T2: 2061014 | U2: 1652717.5 | V2: 1193635.5 | W2: 43725807 | X2: 4331740.5 | Y2: 2054718 | Z2: 22966240 | AA2: 16514687 | AB2: 24487611 | AC2: 3636113.5 | AD2: 1288744.5 | AE2: 15581250 | AF2: 2167470 | AG2: 17954407 | AH2: 1.7007593e+08 | AI2: 10840334 | AJ2: 13231833 | AK2: 6788587.5 | AL2: 10701605 | AM2: 189924.5 | AN2: 1111444 | AO2: 95309 | AP2: 12754906 | AQ2: 6926634.5 | AR2: 47786137 | AS2: 34273295 | AT2: 53145033 | AU2: 14744658 | AV2: 13265331 | AW2: 9.1902897e+08
A3: Medical Doctors | B3: 0 | C3: 996 | D3: 26 | E3: 1574 | F3: 1638 | G3: 0 | H3: 0 | I3: 0 | J3: 0 | K3: 0 | L3: 246 | M3: 520 | N3: 0 | O3: 389 | P3: 0 | Q3: 0 | R3: 4972 | S3: 0 | T3: 0 | U3: 0 | V3: 0 | W3: 16184 | X3: 0 | Y3: 0 | Z3: 6376 | AA3: 3525 | AB3: 2716 | AC3: 0 | AD3: 3444 | AE3: 0 | AF3: 0 | AG3: 1904 | AH3: 144 | AI3: 0 | AJ3: 0 | AK3: 8 | AL3: 0 | AM3: 0 | AN3: 0 | AO3: 186 | AP3: 1056 | AQ3: 49 | AR3: 2962 | AS3: 6740 | AT3: 0 | AU3: 156 | AV3: 2118 | AW3: 57929
A4: Nursing Personnel | B4: 0 | C4: 12972 | D4: 10276 | E4: 12016 | F4: 11632 | G4: 0 | H4: 0 | I4: 0 | J4: 0 | K4: 0 | L4: 0 | M4: 1102 | N4: 0 | O4: 0 | P4: 0 | Q4: 0 | R4: 0 | S4: 0 | T4: 4772 | U4: 0 | V4: 0 | W4: 123538 | X4: 0 | Y4: 0 | Z4: 6766 | AA4: 8514 | AB4: 11652 | AC4: 0 | AD4: 7474 | AE4: 0 | AF4: 0 | AG4: 0 | AH4: 0 | AI4: 0 | AJ4: 0 | AK4: 0 | AL4: 0 | AM4: 0 | AN4: 0 | AO4: 838 | AP4: 6282 | AQ4: 0 | AR4: 41600 | AS4: 81632 | AT4: 117444 | AU4: 0 | AV4: 31072 | AW4: 489582
A5: Midwifery personnel | B5: 0 | C5: 32 | D5: 2960 | E5: 8902 | F5: 0 | G5: 0 | H5: 0 | I5: 0 | J5: 0 | K5: 0 | L5: 1334 | M5: 0 | N5: 0 | O5: 0 | P5: 0 | Q5: 0 | R5: 0 | S5: 0 | T5: 0 | U5: 0 | V5: 0 | W5: 0 | X5: 0 | Y5: 0 | Z5: 2950 | AA5: 3540 | AB5: 8522 | AC5: 0 | AD5: 0 | AE5: 0 | AF5: 0 | AG5: 1788 | AH5: 0 | AI5: 0 | AJ5: 0 | AK5: 0 | AL5: 0 | AM5: 0 | AN5: 0 | AO5: 0 | AP5: 832 | AQ5: 0 | AR5: 0 | AS5: 0 | AT5: 0 | AU5: 0 | AV5: 0 | AW5: 30860
A6: Pharmacists | B6: 751 | C6: 546 | D6: 0 | E6: 785 | F6: 37 | G6: 1603 | H6: 0 | I6: 0 | J6: 409 | K6: 704 | L6: 0 | M6: 377 | N6: 391 | O6: 0 | P6: 328 | Q6: 0 | R6: 451 | S6: 0 | T6: 886 | U6: 0 | V6: 918 | W6: 531 | X6: 0 | Y6: 0 | Z6: 0 | AA6: 4 | AB6: 20 | AC6: 3445 | AD6: 0 | AE6: 4 | AF6: 0 | AG6: 0 | AH6: 0 | AI6: 0 | AJ6: 0 | AK6: 0 | AL6: 0 | AM6: 0 | AN6: 3320 | AO6: 0 | AP6: 19687 | AQ6: 4 | AR6: 20962 | AS6: 72 | AT6: 0 | AU6: 0 | AV6: 51 | AW6: 56286
A7: Dentists | B7: 353 | C7: 115 | D7: 0 | E7: 39 | F7: 6 | G7: 171 | H7: 1764 | I7: 0 | J7: 287 | K7: 278 | L7: 0 | M7: 147 | N7: 224 | O7: 0 | P7: 19 | Q7: 0 | R7: 186 | S7: 0 | T7: 228 | U7: 0 | V7: 713 | W7: 401 | X7: 0 | Y7: 0 | Z7: 0 | AA7: 0 | AB7: 0 | AC7: 695 | AD7: 0 | AE7: 4 | AF7: 0 | AG7: 0 | AH7: 0 | AI7: 0 | AJ7: 0 | AK7: 0 | AL7: 68 | AM7: 84 | AN7: 768 | AO7: 0 | AP7: 15483 | AQ7: 0 | AR7: 9658 | AS7: 0 | AT7: 0 | AU7: 0 | AV7: 30 | AW7: 31721
A8: Community Health Workers | E8: 2099 | F8: 166 | AB8: 1213 | AW8: 3478
A9: Dieticians and nutritionists | B9: 85 | C9: 44 | D9: 0 | E9: 128 | F9: 0 | G9: 15 | H9: 0 | I9: 0 | J9: 19 | K9: 819 | L9: 0 | M9: 130 | N9: 20 | O9: 0 | P9: 50 | Q9: 0 | R9: 0 | S9: 0 | T9: 0 | U9: 0 | V9: 0 | W9: 0 | X9: 0 | Y9: 0 | Z9: 0 | AA9: 0 | AB9: 0 | AC9: 1172 | AD9: 0 | AE9: 0 | AF9: 0 | AG9: 0 | AH9: 0 | AI9: 0 | AJ9: 0 | AK9: 0 | AL9: 0 | AM9: 0 | AN9: 0 | AO9: 0 | AP9: 406 | AQ9: 0 | AR9: 0 | AS9: 0 | AT9: 0 | AU9: 0 | AV9: 0 | AW9: 2888
A10: Environmental and occupational health & hygiene workers | B10: 517 | C10: 0 | D10: 0 | E10: 1791 | F10: 0 | G10: 11 | H10: 0 | I10: 0 | J10: 634 | K10: 4104 | L10: 0 | M10: 121 | N10: 199 | O10: 0 | P10: 461 | Q10: 0 | R10: 0 | S10: 0 | T10: 0 | U10: 0 | V10: 0 | W10: 0 | X10: 0 | Y10: 0 | Z10: 0 | AA10: 0 | AB10: 85 | AC10: 0 | AD10: 0 | AE10: 0 | AF10: 0 | AG10: 0 | AH10: 0 | AI10: 0 | AJ10: 0 | AK10: 0 | AL10: 0 | AM10: 0 | AN10: 4646 | AO10: 0 | AP10: 1258 | AQ10: 0 | AR10: 3255 | AS10: 0 | AT10: 0 | AU10: 0 | AV10: 0 | AW10: 17082
A11: Personal care workers in health service | B11: 0 | C11: 0 | D11: 0 | E11: 0 | F11: 0 | G11: 0 | H11: 0 | I11: 0 | J11: 0 | K11: 0 | L11: 0 | M11: 0 | N11: 0 | O11: 0 | P11: 0 | Q11: 0 | R11: 0 | S11: 0 | T11: 0 | U11: 0 | V11: 0 | W11: 0 | X11: 0 | Y11: 0 | Z11: 0 | AA11: 0 | AB11: 0 | AC11: 0 | AD11: 0 | AE11: 0 | AF11: 0 | AG11: 0 | AH11: 0 | AI11: 0 | AJ11: 0 | AK11: 0 | AL11: 0 | AM11: 0 | AN11: 0 | AO11: 0 | AP11: 0 | AQ11: 0 | AR11: 0 | AS11: 0 | AT11: 0 | AU11: 0 | AV11: 0 | AW11: 0
A12: Managerial staff
A13: Medical and dental Prosthetic Technicians | B13: 0 | C13: 0 | D13: 0 | E13: 0 | F13: 0 | G13: 0 | H13: 0 | I13: 0 | J13: 0 | K13: 0 | L13: 0 | M13: 0 | N13: 0 | O13: 0 | P13: 0 | Q13: 0 | R13: 0 | S13: 0 | T13: 0 | U13: 0 | V13: 0 | W13: 0 | X13: 0 | Y13: 0 | Z13: 0 | AA13: 0 | AB13: 33 | AC13: 0 | AD13: 0 | AE13: 0 | AF13: 0 | AG13: 0 | AH13: 0 | AI13: 0 | AJ13: 0 | AK13: 0 | AL13: 0 | AM13: 0 | AN13: 0 | AO13: 0 | AP13: 0 | AQ13: 0 | AR13: 60 | AS13: 0 | AT13: 0 | AU13: 53 | AV13: 27 | AW13: 173
A14: Medical and Pathology Laboratory scientists | AR14: 89 | AT14: 133 | AU14: 184 | AV14: 352 | AW14: 758
A15: Medical Assistants
A16: Medical Imaging and Therapeutic Equipment Technicians | D16: 241 | E16: 109 | AB16: 267 | AR16: 223 | AT16: 8095 | AU16: 500 | AV16: 233 | AW16: 9668
A17: Medical Records and Health Information Technicians | AR17: 470 | AW17: 470
A18: Optometrists and Ophthalmic Opticians | AB18: 76 | AR18: 82 | AT18: 3453 | AU18: 18 | AW18: 3629
A19: Other non-medical professional staff
A20: Other non-medical support staff
A21: Medical and Pathology Laboratory Technicians | D21: 845 | E21: 458 | L21: 86 | AB21: 1425 | AR21: 1997 | AT21: 171 | AU21: 1126 | AW21: 6108
A22: Paramedical Practitioners | AR22: 8787 | AT22: 90 | AU22: 3141 | AW22: 12018
A23: Physiotherapists and physiotherapy assistants | B23: 0 | C23: 0 | D23: 0 | E23: 0 | F23: 0 | G23: 0 | H23: 0 | I23: 0 | J23: 0 | K23: 0 | L23: 0 | M23: 0 | N23: 0 | O23: 0 | P23: 0 | Q23: 0 | R23: 0 | S23: 0 | T23: 0 | U23: 0 | V23: 0 | W23: 0 | X23: 0 | Y23: 0 | Z23: 0 | AA23: 0 | AB23: 281 | AC23: 0 | AD23: 0 | AE23: 0 | AF23: 0 | AG23: 0 | AH23: 0 | AI23: 0 | AJ23: 0 | AK23: 0 | AL23: 0 | AM23: 0 | AN23: 0 | AO23: 0 | AP23: 0 | AQ23: 0 | AR23: 130 | AS23: 0 | AT23: 7791 | AU23: 485 | AV23: 377 | AW23: 9064
A24: Social workers | B24: 0 | C24: 0 | D24: 0 | E24: 0 | F24: 0 | G24: 0 | H24: 0 | I24: 0 | J24: 0 | K24: 0 | L24: 0 | M24: 0 | N24: 0 | O24: 0 | P24: 0 | Q24: 0 | R24: 0 | S24: 0 | T24: 127 | U24: 0 | V24: 0 | W24: 0 | X24: 0 | Y24: 0 | Z24: 0 | AA24: 0 | AB24: 0 | AC24: 0 | AD24: 0 | AE24: 0 | AF24: 0 | AG24: 0 | AH24: 0 | AI24: 0 | AJ24: 0 | AK24: 0 | AL24: 0 | AM24: 0 | AN24: 0 | AO24: 0 | AP24: 0 | AQ24: 0 | AR24: 0 | AS24: 6046 | AT24: 0 | AU24: 0 | AV24: 0 | AW24: 6173
A25: Audiologists and Speech Therapists | AT25: 2285 | AW25: 2285
A26: Traditional and complementary medicine practitioners | B26: 0 | C26: 0 | D26: 0 | E26: 0 | F26: 0 | G26: 0 | H26: 0 | I26: 0 | J26: 0 | K26: 0 | L26: 0 | M26: 0 | N26: 0 | O26: 0 | P26: 0 | Q26: 0 | R26: 0 | S26: 0 | T26: 656 | U26: 0 | V26: 0 | W26: 0 | X26: 0 | Y26: 0 | Z26: 0 | AA26: 0 | AB26: 0 | AC26: 0 | AD26: 0 | AE26: 0 | AF26: 0 | AG26: 0 | AH26: 0 | AI26: 0 | AJ26: 0 | AK26: 0 | AL26: 0 | AM26: 0 | AN26: 0 | AO26: 0 | AP26: 0 | AQ26: 0 | AR26: 0 | AS26: 19791 | AT26: 0 | AU26: 0 | AV26: 0 | AW26: 20447
B29: Country | C29: Pop 2012 | D29: Cadre | E29: 2012
B30: =B1 -> AGO | C30: =B2 -> 25188292 | D30: =A3 -> Medical Doctors | E30: =B3 -> 0
D31: =A4 -> Nursing Personnel | E31: =B4 -> 0
D32: =A5 -> Midwifery personnel | E32: =B5 -> 0
D33: =A6 -> Pharmacists | E33: =B6 -> 751
D34: =A7 -> Dentists | E34: =B7 -> 353
D35: =A8 -> Community Health Workers | E35: =B8 -> 0
D36: =A9 -> Dieticians and nutritionists | E36: =B9 -> 85
D37: =A10 -> Environmental and occupational health & hygiene workers | E37: =B10 -> 517
D38: =A11 -> Personal care workers in health service | E38: =B11 -> 0
D39: =A12 -> Managerial staff | E39: =B12 -> 0
D40: =A13 -> Medical and dental Prosthetic Technicians | E40: =B13 -> 0
D41: =A14 -> Medical and Pathology Laboratory scientists | E41: =B14 -> 0
D42: =A15 -> Medical Assistants | E42: =B15 -> 0
... D53: =A26 -> Traditional and complementary medicine practitioners | E53: =B26 -> 0
B54: =C1 -> BDI | C54: =C2 -> 9795479 | D54: =D30 -> Medical Doctors | E54: =C3 -> 996
D55: =D31 -> Nursing Personnel | E55: =C4 -> 12972
D56: =D32 -> Midwifery personnel | E56: =C5 -> 32
D57: =D33 -> Pharmacists | E57: =C6 -> 546
D58: =D34 -> Dentists | E58: =C7 -> 115
D59: =D35 -> Community Health Workers | E59: =C8 -> 0
D60: =D36 -> Dieticians and nutritionists | E60: =C9 -> 44
D61: =D37 -> Environmental and occupational health & hygiene workers | E61: =C10 -> 0
D62: =D38 -> Personal care workers in health service | E62: =C11 -> 0
D63: =D39 -> Managerial staff | E63: =C12 -> 0
D64: =D40 -> Medical and dental Prosthetic Technicians | E64: =C13 -> 0
D65: =D41 -> Medical and Pathology Laboratory scientists | E65: =C14 -> 0
D66: =D42 -> Medical Assistants | E66: =C15 -> 0
... D77: =D53 -> Traditional and complementary medicine practitioners | E77: =C26 -> 0
B78: =D1 -> BEN | C78: =D2 -> 10014078 | D78: =D54 -> Medical Doctors | E78: =D3 -> 26
D79: =D55 -> Nursing Personnel | E79: =D4 -> 10276
D80: =D56 -> Midwifery personnel | E80: =D5 -> 2960
D81: =D57 -> Pharmacists | E81: =D6 -> 0
D82: =D58 -> Dentists | E82: =D7 -> 0
D83: =D59 -> Community Health Workers | E83: =D8 -> 0
D84: =D60 -> Dieticians and nutritionists | E84: =D9 -> 0
D85: =D61 -> Environmental and occupational health & hygiene workers | E85: =D10 -> 0
D86: =D62 -> Personal care workers in health service | E86: =D11 -> 0
D87: =D63 -> Managerial staff | E87: =D12 -> 0
D88: =D64 -> Medical and dental Prosthetic Technicians | E88: =D13 -> 0
D89: =D65 -> Medical and Pathology Laboratory scientists | E89: =D14 -> 0
D90: =D66 -> Medical Assistants | E90: =D15 -> 0
... D101: =D77 -> Traditional and complementary medicine practitioners | E101: =D26 -> 0
B102: =E1 -> BFA | C102: =E2 -> 17113732 | D102: =D78 -> Medical Doctors | E102: =E3 -> 1574
D103: =D79 -> Nursing Personnel | E103: =E4 -> 12016
D104: =D80 -> Midwifery personnel | E104: =E5 -> 8902
D105: =D81 -> Pharmacists | E105: =E6 -> 785
D106: =D82 -> Dentists | E106: =E7 -> 39
D107: =D83 -> Community Health Workers | E107: =E8 -> 2099
D108: =D84 -> Dieticians and nutritionists | E108: =E9 -> 128
D109: =D85 -> Environmental and occupational health & hygiene workers | E109: =E10 -> 1791
D110: =D86 -> Personal care workers in health service | E110: =E11 -> 0
D111: =D87 -> Managerial staff | E111: =E12 -> 0
D112: =D88 -> Medical and dental Prosthetic Technicians | E112: =E13 -> 0
D113: =D89 -> Medical and Pathology Laboratory scientists | E113: =E14 -> 0
D114: =D90 -> Medical Assistants | E114: =E15 -> 0
... D125: =D101 -> Traditional and complementary medicine practitioners | E125: =E26 -> 0
B126: =F1 -> BWA | C126: =F2 -> 2175425.5 | D126: =D102 -> Medical Doctors | E126: =F3 -> 1638
D127: =D103 -> Nursing Personnel | E127: =F4 -> 11632
D128: =D104 -> Midwifery personnel | E128: =F5 -> 0
D129: =D105 -> Pharmacists | E129: =F6 -> 37
D130: =D106 -> Dentists | E130: =F7 -> 6
D131: =D107 -> Community Health Workers | E131: =F8 -> 166
D132: =D108 -> Dieticians and nutritionists | E132: =F9 -> 0
D133: =D109 -> Environmental and occupational health & hygiene workers | E133: =F10 -> 0
D134: =D110 -> Personal care workers in health service | E134: =F11 -> 0
D135: =D111 -> Managerial staff | E135: =F12 -> 0
D136: =D112 -> Medical and dental Prosthetic Technicians | E136: =F13 -> 0
D137: =D113 -> Medical and Pathology Laboratory scientists | E137: =F14 -> 0
D138: =D114 -> Medical Assistants | E138: =F15 -> 0
... D149: =D125 -> Traditional and complementary medicine practitioners | E149: =F26 -> 0
B150: =G1 -> CAF | C150: =G2 -> 4773305.5 | D150: =D126 -> Medical Doctors | E150: =G3 -> 0
D151: =D127 -> Nursing Personnel | E151: =G4 -> 0
D152: =D128 -> Midwifery personnel | E152: =G5 -> 0
...

Sheet 2013
A1: Row Labels | B1: AGO | C1: BDI | D1: BEN | E1: BFA | F1: BWA | G1: CAF | H1: CIV | I1: CMR | J1: COD | K1: COG | L1: COM | M1: CPV | N1: DZA | O1: ERI | P1: ETH | Q1: GAB | R1: GHA | S1: GIN | T1: GMB | U1: GNB | V1: GNQ | W1: KEN | X1: LBR | Y1: LSO | Z1: MDG | AA1: MLI | AB1: MOZ | AC1: MRT | AD1: MUS | AE1: MWI | AF1: NAM | AG1: NER | AH1: NGA | AI1: RWA | AJ1: SEN | AK1: SLE | AL1: SSD | AM1: STP | AN1: SWZ | AO1: SYC | AP1: TCD | AQ1: TGO | AR1: TZA | AS1: UGA | AT1: ZAF | AU1: ZMB | AV1: ZWE | AW1: Grand Total
A2: Population UN 1 | B2: 26147002 | C2: 10149578 | D2: 10308730 | E2: 17636408 | F2: 2217278 | G2: 4802428.5 | H2: 22469268 | I2: 21632850 | J2: 73460021 | K2: 4828066.5 | L2: 699392.5 | M2: 539940 | N2: 38000627 | O2: 3296367 | P2: 97084366 | Q2: 1902226.5 | R2: 27525597 | S2: 11055430 | T2: 2124869.5 | U2: 1697752.5 | V2: 1243941 | W2: 44792368 | X2: 4427312.5 | Y2: 2073938.5 | Z2: 23588074 | AA2: 17004032 | AB2: 25251731 | AC2: 3742959 | AD2: 1290691.5 | AE2: 16024775 | AF2: 2204510 | AG2: 18653199 | AH2: 1.7472612e+08 | AI2: 11101349 | AJ2: 13595565 | AK2: 6964858.5 | AL2: 11106031 | AM2: 193757 | AN2: 1118319 | AO2: 96714 | AP2: 13216766 | AQ2: 7106229 | AR2: 49253644 | AS2: 35273570 | AT2: 53873616 | AU2: 15234976 | AV2: 13555422 | AW2: 944292669
A3: Medical Doctors | B3: 0 | C3: 1108 | D3: 0 | E3: 1606 | F3: 0 | G3: 0 | H3: 0 | I3: 0 | J3: 12836 | K3: 0 | L3: 0 | M3: 616 | N3: 4628 | O3: 427 | P3: 0 | Q3: 0 | R3: 5460 | S3: 0 | T3: 0 | U3: 0 | V3: 0 | W3: 17493 | X3: 0 | Y3: 0 | Z3: 7046 | AA3: 4063 | AB3: 2904 | AC3: 0 | AD3: 4092 | AE3: 400 | AF3: 113 | AG3: 1892 | AH3: 131518 | AI3: 2208 | AJ3: 42 | AK3: 0 | AL3: 32 | AM3: 0 | AN3: 0 | AO3: 0 | AP3: 1146 | AQ3: 53 | AR3: 0 | AS3: 0 | AT3: 0 | AU3: 0 | AV3: 2228 | AW3: 201911
A4: Nursing Personnel | B4: 0 | C4: 13146 | D4: 9760 | E4: 12392 | F4: 0 | G4: 0 | H4: 17560 | I4: 0 | J4: 119626 | K4: 6578 | L4: 0 | M4: 806 | N4: 0 | O4: 8524 | P4: 0 | Q4: 0 | R4: 0 | S4: 0 | T4: 0 | U4: 1468 | V4: 0 | W4: 80584 | X4: 0 | Y4: 0 | Z4: 6876 | AA4: 0 | AB4: 12864 | AC4: 0 | AD4: 7926 | AE4: 7090 | AF4: 8220 | AG4: 6578 | AH4: 149840 | AI4: 0 | AJ4: 0 | AK4: 12212 | AL4: 0 | AM4: 0 | AN4: 7470 | AO4: 0 | AP4: 7212 | AQ4: 0 | AR4: 0 | AS4: 80298 | AT4: 0 | AU4: 0 | AV4: 37444 | AW4: 614474
A5: Midwifery personnel | B5: 60 | C5: 70 | D5: 1886 | E5: 3182 | F5: 3002 | G5: 1028 | H5: 7702 | I5: 254 | J5: 3110 | K5: 2564 | L5: 590 | M5: 0 | N5: 0 | O5: 0 | P5: 13850 | Q5: 874 | R5: 22574 | S5: 1000 | T5: 518 | U5: 306 | V5: 0 | W5: 0 | X5: 1612 | Y5: 0 | Z5: 6800 | AA5: 3922 | AB5: 8530 | AC5: 736 | AD5: 0 | AE5: 96 | AF5: 0 | AG5: 1672 | AH5: 202550 | AI5: 1244 | AJ5: 7892 | AK5: 4374 | AL5: 0 | AM5: 62 | AN5: 0 | AO5: 0 | AP5: 902 | AQ5: 1590 | AR5: 0 | AS5: 14000 | AT5: 0 | AU5: 5546 | AV5: 0 | AW5: 324098
A6: Pharmacists | B6: 0 | C6: 0 | D6: 0 | E6: 0 | F6: 772 | G6: 382 | H6: 255 | I6: 239 | J6: 35 | K6: 0 | L6: 6 | M6: 0 | N6: 54 | O6: 0 | P6: 0 | Q6: 98 | R6: 216 | S6: 0 | T6: 0 | U6: 0 | V6: 255 | W6: 2310 | X6: 0 | Y6: 318 | Z6: 0 | AA6: 218 | AB6: 0 | AC6: 975 | AD6: 73 | AE6: 199 | AF6: 0 | AG6: 0 | AH6: 0 | AI6: 0 | AJ6: 0 | AK6: 0 | AL6: 0 | AM6: 82 | AN6: 0 | AO6: 0 | AP6: 2302 | AQ6: 0 | AR6: 0 | AS6: 0 | AT6: 0 | AU6: 460 | AV6: 0 | AW6: 9249
A7: Dentists | B7: 0 | C7: 0 | D7: 0 | E7: 0 | F7: 422 | G7: 50 | H7: 4 | I7: 276 | J7: 44 | K7: 0 | L7: 181 | M7: 6365 | N7: 0 | O7: 0 | P7: 0 | Q7: 25 | R7: 21 | S7: 0 | T7: 0 | U7: 0 | V7: 73 | W7: 536 | X7: 0 | Y7: 66 | Z7: 4081 | AA7: 0 | AB7: 0 | AC7: 209 | AD7: 27 | AE7: 88 | AF7: 0 | AG7: 0 | AH7: 0 | AI7: 0 | AJ7: 0 | AK7: 0 | AL7: 0 | AM7: 22 | AN7: 0 | AO7: 0 | AP7: 1652 | AQ7: 0 | AR7: 0 | AS7: 0 | AT7: 0 | AU7: 351 | AV7: 0 | AW7: 14493
A8: Community Health Workers | R8: 5293 | AB8: 1204 | AG8: 6560 | AW8: 13057
A9: Dieticians and nutritionists | B9: 0 | C9: 0 | D9: 0 | E9: 0 | F9: 668 | G9: 44 | H9: 0 | I9: 0 | J9: 0 | K9: 0 | L9: 0 | M9: 3781 | N9: 1 | O9: 0 | P9: 0 | Q9: 0 | R9: 4 | S9: 0 | T9: 0 | U9: 0 | V9: 0 | W9: 211 | X9: 0 | Y9: 11 | Z9: 0 | AA9: 0 | AB9: 0 | AC9: 35 | AD9: 0 | AE9: 0 | AF9: 0 | AG9: 0 | AH9: 0 | AI9: 0 | AJ9: 0 | AK9: 0 | AL9: 0 | AM9: 4 | AN9: 0 | AO9: 0 | AP9: 0 | AQ9: 0 | AR9: 0 | AS9: 0 | AT9: 0 | AU9: 0 | AV9: 0 | AW9: 4759
A10: Environmental and occupational health & hygiene workers | B10: 0 | C10: 0 | D10: 0 | E10: 0 | F10: 166 | G10: 257 | H10: 0 | I10: 0 | J10: 0 | K10: 0 | L10: 755 | M10: 3881 | N10: 0 | O10: 0 | P10: 0 | Q10: 296 | R10: 351 | S10: 0 | T10: 0 | U10: 0 | V10: 0 | W10: 0 | X10: 0 | Y10: 205 | Z10: 0 | AA10: 0 | AB10: 0 | AC10: 209 | AD10: 0 | AE10: 0 | AF10: 0 | AG10: 0 | AH10: 0 | AI10: 0 | AJ10: 0 | AK10: 0 | AL10: 0 | AM10: 24 | AN10: 0 | AO10: 0 | AP10: 0 | AQ10: 0 | AR10: 0 | AS10: 0 | AT10: 0 | AU10: 0 | AV10: 0 | AW10: 6144
A11: Personal care workers in health service | B11: 0 | C11: 0 | D11: 0 | E11: 0 | F11: 0 | G11: 0 | H11: 0 | I11: 0 | J11: 0 | K11: 0 | L11: 0 | M11: 0 | N11: 0 | O11: 0 | P11: 0 | Q11: 0 | R11: 0 | S11: 0 | T11: 0 | U11: 0 | V11: 0 | W11: 0 | X11: 0 | Y11: 0 | Z11: 0 | AA11: 0 | AB11: 0 | AC11: 0 | AD11: 0 | AE11: 0 | AF11: 0 | AG11: 0 | AH11: 0 | AI11: 0 | AJ11: 0 | AK11: 0 | AL11: 0 | AM11: 0 | AN11: 0 | AO11: 0 | AP11: 0 | AQ11: 0 | AR11: 0 | AS11: 0 | AT11: 0 | AU11: 0 | AV11: 0 | AW11: 0
A12: Managerial staff
A13: Medical and dental Prosthetic Technicians | B13: 0 | C13: 0 | D13: 0 | E13: 0 | F13: 0 | G13: 0 | H13: 0 | I13: 0 | J13: 0 | K13: 0 | L13: 0 | M13: 0 | N13: 0 | O13: 0 | P13: 0 | Q13: 0 | R13: 0 | S13: 0 | T13: 0 | U13: 0 | V13: 0 | W13: 0 | X13: 0 | Y13: 0 | Z13: 0 | AA13: 0 | AB13: 44 | AC13: 0 | AD13: 0 | AE13: 0 | AF13: 0 | AG13: 0 | AH13: 0 | AI13: 0 | AJ13: 0 | AK13: 0 | AL13: 0 | AM13: 0 | AN13: 0 | AO13: 0 | AP13: 0 | AQ13: 0 | AR13: 0 | AS13: 0 | AT13: 0 | AU13: 0 | AV13: 26 | AW13: 70
A14: Medical and Pathology Laboratory scientists | J14: 2126 | AT14: 144 | AV14: 343 | AW14: 2613
A15: Medical Assistants
A16: Medical Imaging and Therapeutic Equipment Technicians | D16: 206 | J16: 287 | AB16: 238 | AJ16: 22 | AT16: 8476 | AV16: 239 | AW16: 9468
A17: Medical Records and Health Information Technicians
A18: Optometrists and Ophthalmic Opticians | AB18: 115 | AT18: 3588 | AW18: 3703
A19: Other non-medical professional staff
A20: Other non-medical support staff
A21: Medical and Pathology Laboratory Technicians | D21: 830 | R21: 3987 | AB21: 1465 | AJ21: 546 | AT21: 273 | AW21: 7101
A22: Paramedical Practitioners | AJ22: 11 | AT22: 217 | AW22: 228
A23: Physiotherapists and physiotherapy assistants | B23: 0 | C23: 0 | D23: 0 | E23: 0 | F23: 0 | G23: 0 | H23: 0 | I23: 0 | J23: 0 | K23: 0 | L23: 0 | M23: 0 | N23: 0 | O23: 0 | P23: 0 | Q23: 0 | R23: 0 | S23: 0 | T23: 0 | U23: 0 | V23: 0 | W23: 0 | X23: 0 | Y23: 0 | Z23: 0 | AA23: 0 | AB23: 287 | AC23: 0 | AD23: 0 | AE23: 0 | AF23: 0 | AG23: 0 | AH23: 0 | AI23: 0 | AJ23: 11 | AK23: 0 | AL23: 0 | AM23: 0 | AN23: 0 | AO23: 0 | AP23: 0 | AQ23: 0 | AR23: 0 | AS23: 0 | AT23: 8185 | AU23: 0 | AV23: 419 | AW23: 8902
A24: Social workers | B24: 0 | C24: 0 | D24: 0 | E24: 0 | F24: 0 | G24: 0 | H24: 0 | I24: 0 | J24: 0 | K24: 0 | L24: 0 | M24: 0 | N24: 0 | O24: 0 | P24: 0 | Q24: 0 | R24: 6118 | S24: 0 | T24: 0 | U24: 0 | V24: 0 | W24: 0 | X24: 0 | Y24: 0 | Z24: 0 | AA24: 0 | AB24: 0 | AC24: 0 | AD24: 0 | AE24: 0 | AF24: 0 | AG24: 0 | AH24: 68565 | AI24: 0 | AJ24: 0 | AK24: 0 | AL24: 0 | AM24: 0 | AN24: 0 | AO24: 0 | AP24: 0 | AQ24: 0 | AR24: 0 | AS24: 0 | AT24: 0 | AU24: 0 | AV24: 0 | AW24: 74683
A25: Audiologists and Speech Therapists | AT25: 2586 | AW25: 2586
A26: Traditional and complementary medicine practitioners | B26: 0 | C26: 0 | D26: 10200 | E26: 0 | F26: 0 | G26: 0 | H26: 0 | I26: 0 | J26: 0 | K26: 0 | L26: 0 | M26: 0 | N26: 0 | O26: 0 | P26: 0 | Q26: 0 | R26: 8638 | S26: 0 | T26: 0 | U26: 0 | V26: 0 | W26: 0 | X26: 0 | Y26: 0 | Z26: 0 | AA26: 0 | AB26: 0 | AC26: 0 | AD26: 0 | AE26: 0 | AF26: 0 | AG26: 0 | AH26: 262512 | AI26: 0 | AJ26: 54 | AK26: 0 | AL26: 0 | AM26: 0 | AN26: 0 | AO26: 0 | AP26: 0 | AQ26: 0 | AR26: 0 | AS26: 0 | AT26: 0 | AU26: 0 | AV26: 0 | AW26: 281404
B29: Country | C29: Pop 2012 | D29: Cadre | E29: 2012
B30: =B1 -> AGO | C30: =B2 -> 26147002 | D30: =A3 -> Medical Doctors | E30: =B3 -> 0
D31: =A4 -> Nursing Personnel | E31: =B4 -> 0
D32: =A5 -> Midwifery personnel | E32: =B5 -> 60
D33: =A6 -> Pharmacists | E33: =B6 -> 0
D34: =A7 -> Dentists | E34: =B7 -> 0
D35: =A8 -> Community Health Workers | E35: =B8 -> 0
D36: =A9 -> Dieticians and nutritionists | E36: =B9 -> 0
D37: =A10 -> Environmental and occupational health & hygiene workers | E37: =B10 -> 0
D38: =A11 -> Personal care workers in health service | E38: =B11 -> 0
D39: =A12 -> Managerial staff | E39: =B12 -> 0
D40: =A13 -> Medical and dental Prosthetic Technicians | E40: =B13 -> 0
D41: =A14 -> Medical and Pathology Laboratory scientists | E41: =B14 -> 0
D42: =A15 -> Medical Assistants | E42: =B15 -> 0
... D53: =A26 -> Traditional and complementary medicine practitioners | E53: =B26 -> 0
B54: =C1 -> BDI | C54: =C2 -> 10149578 | D54: =D30 -> Medical Doctors | E54: =C3 -> 1108
D55: =D31 -> Nursing Personnel | E55: =C4 -> 13146
D56: =D32 -> Midwifery personnel | E56: =C5 -> 70
D57: =D33 -> Pharmacists | E57: =C6 -> 0
D58: =D34 -> Dentists | E58: =C7 -> 0
D59: =D35 -> Community Health Workers | E59: =C8 -> 0
D60: =D36 -> Dieticians and nutritionists | E60: =C9 -> 0
D61: =D37 -> Environmental and occupational health & hygiene workers | E61: =C10 -> 0
D62: =D38 -> Personal care workers in health service | E62: =C11 -> 0
D63: =D39 -> Managerial staff | E63: =C12 -> 0
D64: =D40 -> Medical and dental Prosthetic Technicians | E64: =C13 -> 0
D65: =D41 -> Medical and Pathology Laboratory scientists | E65: =C14 -> 0
D66: =D42 -> Medical Assistants | E66: =C15 -> 0
... D77: =D53 -> Traditional and complementary medicine practitioners | E77: =C26 -> 0
B78: =D1 -> BEN | C78: =D2 -> 10308730 | D78: =D54 -> Medical Doctors | E78: =D3 -> 0
D79: =D55 -> Nursing Personnel | E79: =D4 -> 9760
D80: =D56 -> Midwifery personnel | E80: =D5 -> 1886
D81: =D57 -> Pharmacists | E81: =D6 -> 0
D82: =D58 -> Dentists | E82: =D7 -> 0
D83: =D59 -> Community Health Workers | E83: =D8 -> 0
D84: =D60 -> Dieticians and nutritionists | E84: =D9 -> 0
D85: =D61 -> Environmental and occupational health & hygiene workers | E85: =D10 -> 0
D86: =D62 -> Personal care workers in health service | E86: =D11 -> 0
D87: =D63 -> Managerial staff | E87: =D12 -> 0
D88: =D64 -> Medical and dental Prosthetic Technicians | E88: =D13 -> 0
D89: =D65 -> Medical and Pathology Laboratory scientists | E89: =D14 -> 0
D90: =D66 -> Medical Assistants | E90: =D15 -> 0
... D101: =D77 -> Traditional and complementary medicine practitioners | E101: =D26 -> 10200
B102: =E1 -> BFA | C102: =E2 -> 17636408 | D102: =D78 -> Medical Doctors | E102: =E3 -> 1606
D103: =D79 -> Nursing Personnel | E103: =E4 -> 12392
D104: =D80 -> Midwifery personnel | E104: =E5 -> 3182
D105: =D81 -> Pharmacists | E105: =E6 -> 0
D106: =D82 -> Dentists | E106: =E7 -> 0
D107: =D83 -> Community Health Workers | E107: =E8 -> 0
D108: =D84 -> Dieticians and nutritionists | E108: =E9 -> 0
D109: =D85 -> Environmental and occupational health & hygiene workers | E109: =E10 -> 0
D110: =D86 -> Personal care workers in health service | E110: =E11 -> 0
D111: =D87 -> Managerial staff | E111: =E12 -> 0
D112: =D88 -> Medical and dental Prosthetic Technicians | E112: =E13 -> 0
D113: =D89 -> Medical and Pathology Laboratory scientists | E113: =E14 -> 0
D114: =D90 -> Medical Assistants | E114: =E15 -> 0
... D125: =D101 -> Traditional and complementary medicine practitioners | E125: =E26 -> 0
B126: =F1 -> BWA | C126: =F2 -> 2217278 | D126: =D102 -> Medical Doctors | E126: =F3 -> 0
D127: =D103 -> Nursing Personnel | E127: =F4 -> 0
D128: =D104 -> Midwifery personnel | E128: =F5 -> 3002
D129: =D105 -> Pharmacists | E129: =F6 -> 772
D130: =D106 -> Dentists | E130: =F7 -> 422
D131: =D107 -> Community Health Workers | E131: =F8 -> 0
D132: =D108 -> Dieticians and nutritionists | E132: =F9 -> 668
D133: =D109 -> Environmental and occupational health & hygiene workers | E133: =F10 -> 166
D134: =D110 -> Personal care workers in health service | E134: =F11 -> 0
D135: =D111 -> Managerial staff | E135: =F12 -> 0
D136: =D112 -> Medical and dental Prosthetic Technicians | E136: =F13 -> 0
D137: =D113 -> Medical and Pathology Laboratory scientists | E137: =F14 -> 0
D138: =D114 -> Medical Assistants | E138: =F15 -> 0
... D149: =D125 -> Traditional and complementary medicine practitioners | E149: =F26 -> 0
B150: =G1 -> CAF | C150: =G2 -> 4802428.5 | D150: =D126 -> Medical Doctors | E150: =G3 -> 0
D151: =D127 -> Nursing Personnel | E151: =G4 -> 0
D152: =D128 -> Midwifery personnel | E152: =G5 -> 1028
...

Sheet 2014
A1: Row Labels | B1: AGO | C1: BDI | D1: BEN | E1: BFA | F1: BWA | G1: CAF | H1: CIV | I1: CMR | J1: COD | K1: COG | L1: COM | M1: CPV | N1: DZA | O1: ERI | P1: ETH | Q1: GAB | R1: GHA | S1: GIN | T1: GMB | U1: GNB | V1: GNQ | W1: KEN | X1: LBR | Y1: LSO | Z1: MDG | AA1: MLI | AB1: MOZ | AC1: MRT | AD1: MUS | AE1: MWI | AF1: NAM | AG1: NER | AH1: NGA | AI1: RWA | AJ1: SEN | AK1: SLE | AL1: SSD | AM1: STP | AN1: SWZ | AO1: SYC | AP1: TCD | AQ1: TGO | AR1: TZA | AS1: UGA | AT1: ZAF | AU1: ZMB | AV1: ZWE | AW1: Grand Total
A2: Population UN 1 | B2: 27128336 | C2: 10494912 | D2: 10614844 | E2: 18169842 | F2: 2260375.5 | G2: 4798734.5 | H2: 22995556 | I2: 22299585 | J2: 76035588 | K2: 4944861.5 | L2: 714612 | M2: 546076 | N2: 38760168 | O2: 3323425 | P2: 99746766 | Q2: 1966855.5 | R2: 28196358 | S2: 11333366 | T2: 2189019 | U2: 1743309 | V2: 1295183 | W2: 45831864 | X2: 4519398 | Y2: 2095242.5 | Z2: 24215976 | AA2: 17551814 | AB2: 26038704 | AC2: 3843174 | AD2: 1292113.5 | AE2: 16477967 | AF2: 2243001 | AG2: 19372014 | AH2: 1.7937902e+08 | AI2: 11368452 | AJ2: 13970307 | AK2: 7140688 | AL2: 11213284 | AM2: 197497 | AN2: 1125865 | AO2: 98001 | AP2: 13697126 | AQ2: 7288383 | AR2: 50814552 | AS2: 36336540 | AT2: 54729551 | AU2: 15737793 | AV2: 13855753 | AW2: 9.6999185e+08
A3: Medical Doctors | B3: 0 | C3: 1218 | D3: 191 | E3: 1818 | F3: 76 | G3: 17 | H3: 11036 | I3: 0 | J3: 0 | K3: 0 | L3: 0 | M3: 0 | N3: 612 | O3: 484 | P3: 0 | Q3: 0 | R3: 6032 | S3: 3688 | T3: 0 | U3: 0 | V3: 0 | W3: 18971 | X3: 0 | Y3: 0 | Z3: 8550 | AA3: 3576 | AB3: 0 | AC3: 1244 | AD3: 4858 | AE3: 68 | AF3: 24 | AG3: 1119 | AH3: 2281 | AI3: 2098 | AJ3: 0 | AK3: 1 | AL3: 0 | AM3: 0 | AN3: 0 | AO3: 0 | AP3: 1216 | AQ3: 0 | AR3: 6036 | AS3: 0 | AT3: 5084 | AU3: 0 | AV3: 3561 | AW3: 83859
A4: Nursing Personnel | B4: 0 | C4: 13638 | D4: 0 | E4: 12716 | F4: 0 | G4: 0 | H4: 17736 | I4: 0 | J4: 0 | K4: 6916 | L4: 0 | M4: 952 | N4: 0 | O4: 8264 | P4: 0 | Q4: 0 | R4: 74808 | S4: 11578 | T4: 0 | U4: 1899 | V4: 0 | W4: 86622 | X4: 0 | Y4: 0 | Z4: 0 | AA4: 0 | AB4: 12696 | AC4: 7692 | AD4: 8250 | AE4: 0 | AF4: 8424 | AG4: 9880 | AH4: 0 | AI4: 19250 | AJ4: 0 | AK4: 12216 | AL4: 0 | AM4: 0 | AN4: 7694 | AO4: 0 | AP4: 7212 | AQ4: 0 | AR4: 43104 | AS4: 90776 | AT4: 0 | AU4: 0 | AV4: 44810 | AW4: 507133
A5: Midwifery personnel | B5: 0 | C5: 48 | D5: 0 | E5: 3488 | F5: 0 | G5: 0 | H5: 10600 | I5: 0 | J5: 0 | K5: 0 | L5: 0 | M5: 0 | N5: 22278 | O5: 0 | P5: 0 | Q5: 0 | R5: 0 | S5: 1000 | T5: 0 | U5: 0 | V5: 0 | W5: 0 | X5: 0 | Y5: 0 | Z5: 0 | AA5: 0 | AB5: 9298 | AC5: 0 | AD5: 0 | AE5: 0 | AF5: 0 | AG5: 1918 | AH5: 0 | AI5: 1384 | AJ5: 0 | AK5: 1170 | AL5: 0 | AM5: 0 | AN5: 0 | AO5: 0 | AP5: 0 | AQ5: 0 | AR5: 0 | AS5: 0 | AT5: 0 | AU5: 0 | AV5: 0 | AW5: 51184
A6: Pharmacists | B6: 0 | C6: 0 | D6: 1717 | E6: 0 | F6: 0 | G6: 574 | H6: 0 | I6: 36 | J6: 177 | K6: 0 | L6: 0 | M6: 351 | N6: 1029 | O6: 0 | P6: 7329 | Q6: 2131 | R6: 55 | S6: 0 | T6: 124 | U6: 74 | V6: 29 | W6: 0 | X6: 998 | Y6: 76 | Z6: 118 | AA6: 194 | AB6: 0 | AC6: 0 | AD6: 24 | AE6: 0 | AF6: 0 | AG6: 0 | AH6: 0 | AI6: 0 | AJ6: 34261 | AK6: 0 | AL6: 0 | AM6: 2683 | AN6: 488 | AO6: 217 | AP6: 351 | AQ6: 0 | AR6: 0 | AS6: 0 | AT6: 0 | AU6: 1491 | AV6: 0 | AW6: 54527
A7: Dentists | B7: 0 | C7: 194 | D7: 255 | E7: 0 | F7: 52 | G7: 110 | H7: 21 | I7: 10 | J7: 132 | K7: 0 | L7: 0 | M7: 116 | N7: 397 | O7: 0 | P7: 1032 | Q7: 396 | R7: 32 | S7: 0 | T7: 0 | U7: 0 | V7: 8 | W7: 0 | X7: 385 | Y7: 117 | Z7: 0 | AA7: 107 | AB7: 0 | AC7: 0 | AD7: 18 | AE7: 0 | AF7: 0 | AG7: 0 | AH7: 0 | AI7: 0 | AJ7: 10770 | AK7: 0 | AL7: 0 | AM7: 528 | AN7: 214 | AO7: 0 | AP7: 12 | AQ7: 0 | AR7: 0 | AS7: 0 | AT7: 0 | AU7: 374 | AV7: 0 | AW7: 15280
A8: Community Health Workers
A9: Dieticians and nutritionists | B9: 0 | C9: 0 | D9: 0 | E9: 0 | F9: 0 | G9: 44 | H9: 0 | I9: 0 | J9: 361 | K9: 0 | L9: 0 | M9: 168 | N9: 0 | O9: 0 | P9: 0 | Q9: 999 | R9: 0 | S9: 0 | T9: 0 | U9: 0 | V9: 5 | W9: 0 | X9: 0 | Y9: 0 | Z9: 0 | AA9: 0 | AB9: 0 | AC9: 0 | AD9: 0 | AE9: 0 | AF9: 0 | AG9: 0 | AH9: 0 | AI9: 0 | AJ9: 0 | AK9: 0 | AL9: 0 | AM9: 2217 | AN9: 0 | AO9: 0 | AP9: 0 | AQ9: 0 | AR9: 0 | AS9: 0 | AT9: 0 | AU9: 0 | AV9: 0 | AW9: 3794
A10: Environmental and occupational health & hygiene workers | B10: 0 | C10: 0 | D10: 0 | E10: 0 | F10: 0 | G10: 0 | H10: 0 | I10: 0 | J10: 163 | K10: 0 | L10: 0 | M10: 8 | N10: 0 | O10: 0 | P10: 2970 | Q10: 6 | R10: 0 | S10: 0 | T10: 0 | U10: 0 | V10: 1 | W10: 0 | X10: 2036 | Y10: 0 | Z10: 174 | AA10: 0 | AB10: 0 | AC10: 0 | AD10: 0 | AE10: 0 | AF10: 0 | AG10: 0 | AH10: 0 | AI10: 0 | AJ10: 3518 | AK10: 0 | AL10: 0 | AM10: 4286 | AN10: 234 | AO10: 0 | AP10: 255 | AQ10: 0 | AR10: 0 | AS10: 0 | AT10: 0 | AU10: 0 | AV10: 0 | AW10: 13651
A11: Personal care workers in health service | B11: 0 | C11: 0 | D11: 0 | E11: 0 | F11: 0 | G11: 0 | H11: 0 | I11: 0 | J11: 0 | K11: 0 | L11: 0 | M11: 0 | N11: 0 | O11: 0 | P11: 0 | Q11: 0 | R11: 0 | S11: 0 | T11: 0 | U11: 0 | V11: 0 | W11: 0 | X11: 0 | Y11: 0 | Z11: 0 | AA11: 0 | AB11: 0 | AC11: 0 | AD11: 0 | AE11: 0 | AF11: 0 | AG11: 0 | AH11: 0 | AI11: 0 | AJ11: 0 | AK11: 0 | AL11: 0 | AM11: 0 | AN11: 0 | AO11: 0 | AP11: 0 | AQ11: 0 | AR11: 0 | AS11: 0 | AT11: 0 | AU11: 0 | AV11: 0 | AW11: 0
A12: Managerial staff | AV12: 229 | AW12: 229
A13: Medical and dental Prosthetic Technicians | B13: 0 | C13: 0 | D13: 0 | E13: 0 | F13: 0 | G13: 0 | H13: 190 | I13: 0 | J13: 0 | K13: 0 | L13: 0 | M13: 0 | N13: 0 | O13: 0 | P13: 0 | Q13: 0 | R13: 0 | S13: 0 | T13: 0 | U13: 0 | V13: 0 | W13: 0 | X13: 0 | Y13: 0 | Z13: 0 | AA13: 0 | AB13: 0 | AC13: 0 | AD13: 0 | AE13: 0 | AF13: 0 | AG13: 0 | AH13: 0 | AI13: 0 | AJ13: 0 | AK13: 0 | AL13: 0 | AM13: 0 | AN13: 0 | AO13: 0 | AP13: 0 | AQ13: 0 | AR13: 0 | AS13: 0 | AT13: 0 | AU13: 0 | AV13: 26 | AW13: 216
A14: Medical and Pathology Laboratory scientists | H14: 2380 | AR14: 93 | AT14: 145 | AW14: 2618
A15: Medical Assistants
A16: Medical Imaging and Therapeutic Equipment Technicians | H16: 820 | AT16: 8924 | AV16: 312 | AW16: 10056
A17: Medical Records and Health Information Technicians
A18: Optometrists and Ophthalmic Opticians | H18: 70 | AT18: 3705 | AW18: 3775
A19: Other non-medical professional staff
A20: Other non-medical support staff
A21: Medical and Pathology Laboratory Technicians | H21: 1600 | AR21: 2508 | AT21: 326 | AV21: 519 | AW21: 4953
A22: Paramedical Practitioners | AR22: 10536 | AT22: 362 | AV22: 145 | AW22: 11043
A23: Physiotherapists and physiotherapy assistants | B23: 0 | C23: 0 | D23: 0 | E23: 0 | F23: 0 | G23: 0 | H23: 60 | I23: 0 | J23: 0 | K23: 0 | L23: 0 | M23: 0 | N23: 0 | O23: 0 | P23: 0 | Q23: 0 | R23: 0 | S23: 0 | T23: 0 | U23: 0 | V23: 0 | W23: 0 | X23: 0 | Y23: 0 | Z23: 0 | AA23: 0 | AB23: 0 | AC23: 0 | AD23: 0 | AE23: 0 | AF23: 0 | AG23: 0 | AH23: 0 | AI23: 0 | AJ23: 0 | AK23: 0 | AL23: 0 | AM23: 0 | AN23: 0 | AO23: 0 | AP23: 0 | AQ23: 0 | AR23: 0 | AS23: 0 | AT23: 8781 | AU23: 0 | AV23: 413 | AW23: 9254
A24: Social workers | B24: 0 | C24: 0 | D24: 0 | E24: 0 | F24: 0 | G24: 0 | H24: 0 | I24: 0 | J24: 0 | K24: 0 | L24: 0 | M24: 0 | N24: 0 | O24: 0 | P24: 0 | Q24: 0 | R24: 0 | S24: 0 | T24: 0 | U24: 0 | V24: 0 | W24: 0 | X24: 0 | Y24: 0 | Z24: 0 | AA24: 0 | AB24: 0 | AC24: 0 | AD24: 0 | AE24: 0 | AF24: 0 | AG24: 0 | AH24: 0 | AI24: 0 | AJ24: 0 | AK24: 1511 | AL24: 0 | AM24: 0 | AN24: 0 | AO24: 0 | AP24: 0 | AQ24: 0 | AR24: 0 | AS24: 0 | AT24: 0 | AU24: 0 | AV24: 0 | AW24: 1511
A25: Audiologists and Speech Therapists | AT25: 2746 | AW25: 2746
A26: Traditional and complementary medicine practitioners | B26: 0 | C26: 0 | D26: 0 | E26: 0 | F26: 0 | G26: 0 | H26: 0 | I26: 0 | J26: 0 | K26: 0 | L26: 0 | M26: 0 | N26: 0 | O26: 0 | P26: 0 | Q26: 0 | R26: 0 | S26: 0 | T26: 0 | U26: 0 | V26: 0 | W26: 0 | X26: 0 | Y26: 0 | Z26: 0 | AA26: 0 | AB26: 0 | AC26: 0 | AD26: 0 | AE26: 0 | AF26: 0 | AG26: 0 | AH26: 0 | AI26: 0 | AJ26: 0 | AK26: 3046 | AL26: 0 | AM26: 0 | AN26: 0 | AO26: 0 | AP26: 0 | AQ26: 0 | AR26: 0 | AS26: 0 | AT26: 0 | AU26: 0 | AV26: 0 | AW26: 3046
B29: Country | C29: Pop 2012 | D29: Cadre | E29: 2012
B30: =B1 -> AGO | C30: =B2 -> 27128336 | D30: =A3 -> Medical Doctors | E30: =B3 -> 0
D31: =A4 -> Nursing Personnel | E31: =B4 -> 0
D32: =A5 -> Midwifery personnel | E32: =B5 -> 0
D33: =A6 -> Pharmacists | E33: =B6 -> 0
D34: =A7 -> Dentists | E34: =B7 -> 0
D35: =A8 -> Community Health Workers | E35: =B8 -> 0
D36: =A9 -> Dieticians and nutritionists | E36: =B9 -> 0
D37: =A10 -> Environmental and occupational health & hygiene workers | E37: =B10 -> 0
D38: =A11 -> Personal care workers in health service | E38: =B11 -> 0
D39: =A12 -> Managerial staff | E39: =B12 -> 0
D40: =A13 -> Medical and dental Prosthetic Technicians | E40: =B13 -> 0
D41: =A14 -> Medical and Pathology Laboratory scientists | E41: =B14 -> 0
D42: =A15 -> Medical Assistants | E42: =B15 -> 0
... D53: =A26 -> Traditional and complementary medicine practitioners | E53: =B26 -> 0
B54: =C1 -> BDI | C54: =C2 -> 10494912 | D54: =D30 -> Medical Doctors | E54: =C3 -> 1218
D55: =D31 -> Nursing Personnel | E55: =C4 -> 13638
D56: =D32 -> Midwifery personnel | E56: =C5 -> 48
D57: =D33 -> Pharmacists | E57: =C6 -> 0
D58: =D34 -> Dentists | E58: =C7 -> 194
D59: =D35 -> Community Health Workers | E59: =C8 -> 0
D60: =D36 -> Dieticians and nutritionists | E60: =C9 -> 0
D61: =D37 -> Environmental and occupational health & hygiene workers | E61: =C10 -> 0
D62: =D38 -> Personal care workers in health service | E62: =C11 -> 0
D63: =D39 -> Managerial staff | E63: =C12 -> 0
D64: =D40 -> Medical and dental Prosthetic Technicians | E64: =C13 -> 0
D65: =D41 -> Medical and Pathology Laboratory scientists | E65: =C14 -> 0
D66: =D42 -> Medical Assistants | E66: =C15 -> 0
... D77: =D53 -> Traditional and complementary medicine practitioners | E77: =C26 -> 0
B78: =D1 -> BEN | C78: =D2 -> 10614844 | D78: =D54 -> Medical Doctors | E78: =D3 -> 191
D79: =D55 -> Nursing Personnel | E79: =D4 -> 0
D80: =D56 -> Midwifery personnel | E80: =D5 -> 0
D81: =D57 -> Pharmacists | E81: =D6 -> 1717
D82: =D58 -> Dentists | E82: =D7 -> 255
D83: =D59 -> Community Health Workers | E83: =D8 -> 0
D84: =D60 -> Dieticians and nutritionists | E84: =D9 -> 0
D85: =D61 -> Environmental and occupational health & hygiene workers | E85: =D10 -> 0
D86: =D62 -> Personal care workers in health service | E86: =D11 -> 0
D87: =D63 -> Managerial staff | E87: =D12 -> 0
D88: =D64 -> Medical and dental Prosthetic Technicians | E88: =D13 -> 0
D89: =D65 -> Medical and Pathology Laboratory scientists | E89: =D14 -> 0
D90: =D66 -> Medical Assistants | E90: =D15 -> 0
... D101: =D77 -> Traditional and complementary medicine practitioners | E101: =D26 -> 0
B102: =E1 -> BFA | C102: =E2 -> 18169842 | D102: =D78 -> Medical Doctors | E102: =E3 -> 1818
D103: =D79 -> Nursing Personnel | E103: =E4 -> 12716
D104: =D80 -> Midwifery personnel | E104: =E5 -> 3488
D105: =D81 -> Pharmacists | E105: =E6 -> 0
D106: =D82 -> Dentists | E106: =E7 -> 0
D107: =D83 -> Community Health Workers | E107: =E8 -> 0
D108: =D84 -> Dieticians and nutritionists | E108: =E9 -> 0
D109: =D85 -> Environmental and occupational health & hygiene workers | E109: =E10 -> 0
D110: =D86 -> Personal care workers in health service | E110: =E11 -> 0
D111: =D87 -> Managerial staff | E111: =E12 -> 0
D112: =D88 -> Medical and dental Prosthetic Technicians | E112: =E13 -> 0
D113: =D89 -> Medical and Pathology Laboratory scientists | E113: =E14 -> 0
D114: =D90 -> Medical Assistants | E114: =E15 -> 0
... D125: =D101 -> Traditional and complementary medicine practitioners | E125: =E26 -> 0
B126: =F1 -> BWA | C126: =F2 -> 2260375.5 | D126: =D102 -> Medical Doctors | E126: =F3 -> 76
D127: =D103 -> Nursing Personnel | E127: =F4 -> 0
D128: =D104 -> Midwifery personnel | E128: =F5 -> 0
D129: =D105 -> Pharmacists | E129: =F6 -> 0
D130: =D106 -> Dentists | E130: =F7 -> 52
D131: =D107 -> Community Health Workers | E131: =F8 -> 0
D132: =D108 -> Dieticians and nutritionists | E132: =F9 -> 0
D133: =D109 -> Environmental and occupational health & hygiene workers | E133: =F10 -> 0
D134: =D110 -> Personal care workers in health service | E134: =F11 -> 0
D135: =D111 -> Managerial staff | E135: =F12 -> 0
D136: =D112 -> Medical and dental Prosthetic Technicians | E136: =F13 -> 0
D137: =D113 -> Medical and Pathology Laboratory scientists | E137: =F14 -> 0
D138: =D114 -> Medical Assistants | E138: =F15 -> 0
... D149: =D125 -> Traditional and complementary medicine practitioners | E149: =F26 -> 0
B150: =G1 -> CAF | C150: =G2 -> 4798734.5 | D150: =D126 -> Medical Doctors | E150: =G3 -> 17
D151: =D127 -> Nursing Personnel | E151: =G4 -> 0
D152: =D128 -> Midwifery personnel | E152: =G5 -> 0
...

Sheet 2015
A1: Row Labels | B1: AGO | C1: BDI | D1: BEN | E1: BFA | F1: BWA | G1: CAF | H1: CIV | I1: CMR | J1: COD | K1: COG | L1: COM | M1: CPV | N1: DZA | O1: ERI | P1: ETH | Q1: GAB | R1: GHA | S1: GIN | T1: GMB | U1: GNB | V1: GNQ | W1: KEN | X1: LBR | Y1: LSO | Z1: MDG | AA1: MLI | AB1: MOZ | AC1: MRT | AD1: MUS | AE1: MWI | AF1: NAM | AG1: NER | AH1: NGA | AI1: RWA | AJ1: SEN | AK1: SLE | AL1: SSD | AM1: STP | AN1: SWZ | AO1: SYC | AP1: TCD | AQ1: TGO | AR1: TZA | AS1: UGA | AT1: ZAF | AU1: ZMB | AV1: ZWE | AW1: Grand Total
A2: Population UN 1 | B2: 28127721 | C2: 10727148 | D2: 10932783 | E2: 18718019 | F2: 2305171.5 | G2: 4819333 | H2: 23596741 | I2: 23012646 | J2: 78656904 | K2: 5064386 | L2: 730215.5 | M2: 552166 | N2: 39543154 | O2: 3340006 | P2: 1.024719e+08 | Q2: 2028517 | R2: 28870939 | S2: 11625999 | T2: 2253133.5 | U2: 1788919 | V2: 1346973 | W2: 46851488 | X2: 4612329 | Y2: 2118520.5 | Z2: 24850913 | AA2: 18112907 | AB2: 26843246 | AC2: 3946219.5 | AD2: 1293153 | AE2: 16938942 | AF2: 2282704 | AG2: 20128124 | AH2: 1.8399578e+08 | AI2: 11642959 | AJ2: 14356181 | AK2: 7314773 | AL2: 11194299 | AM2: 201123.5 | AN2: 1133936 | AO2: 99240 | AP2: 14140274 | AQ2: 7473228.5 | AR2: 52542824 | AS2: 37477356 | AT2: 55876504 | AU2: 16248230 | AV2: 14154937 | AW2: 9.9634296e+08
A3: Medical Doctors | B3: 0 | C3: 1016 | D3: 0 | E3: 2378 | F3: 0 | G3: 648 | H3: 0 | I3: 0 | J3: 0 | K3: 0 | L3: 0 | M3: 820 | N3: 0 | O3: 497 | P3: 0 | Q3: 0 | R3: 6526 | S3: 1954 | T3: 426 | U3: 708 | V3: 0 | W3: 0 | X3: 336 | Y3: 0 | Z3: 0 | AA3: 3583 | AB3: 38 | AC3: 1384 | AD3: 5100 | AE3: 0 | AF3: 0 | AG3: 1268 | AH3: 0 | AI3: 2568 | AJ3: 72 | AK3: 0 | AL3: 0 | AM3: 126 | AN3: 0 | AO3: 4 | AP3: 1392 | AQ3: 722 | AR3: 0 | AS3: 7290 | AT3: 1143 | AU3: 0 | AV3: 5462 | AW3: 45461
A4: Nursing Personnel | B4: 0 | C4: 13376 | D4: 0 | E4: 19496 | F4: 0 | G4: 644 | H4: 21782 | I4: 0 | J4: 144540 | K4: 7704 | L4: 0 | M4: 996 | N4: 0 | O4: 7924 | P4: 0 | Q4: 0 | R4: 97878 | S4: 8778 | T4: 4744 | U4: 2098 | V4: 0 | W4: 82826 | X4: 0 | Y4: 0 | Z4: 0 | AA4: 0 | AB4: 13854 | AC4: 8274 | AD4: 8522 | AE4: 0 | AF4: 8730 | AG4: 6506 | AH4: 0 | AI4: 20734 | AJ4: 3364 | AK4: 11746 | AL4: 0 | AM4: 884 | AN4: 7952 | AO4: 0 | AP4: 7126 | AQ4: 2682 | AR4: 0 | AS4: 101362 | AT4: 0 | AU4: 0 | AV4: 41532 | AW4: 656054
A5: Midwifery personnel | B5: 0 | C5: 158 | D5: 0 | E5: 4766 | F5: 0 | G5: 1210 | H5: 0 | I5: 0 | J5: 0 | K5: 0 | L5: 0 | M5: 0 | N5: 0 | O5: 0 | P5: 0 | Q5: 0 | R5: 13616 | S5: 752 | T5: 1700 | U5: 0 | V5: 0 | W5: 0 | X5: 0 | Y5: 0 | Z5: 0 | AA5: 0 | AB5: 10316 | AC5: 0 | AD5: 0 | AE5: 0 | AF5: 0 | AG5: 1648 | AH5: 0 | AI5: 1736 | AJ5: 2232 | AK5: 0 | AL5: 0 | AM5: 0 | AN5: 0 | AO5: 0 | AP5: 0 | AQ5: 1738 | AR5: 0 | AS5: 17630 | AT5: 0 | AU5: 0 | AV5: 0 | AW5: 57502
A6: Pharmacists | B6: 2781 | C6: 0 | D6: 2626 | E6: 1184 | F6: 30461 | G6: 0 | H6: 0 | I6: 0 | J6: 3609 | K6: 0 | L6: 0 | M6: 0 | N6: 0 | O6: 0 | P6: 894 | Q6: 0 | R6: 1845 | S6: 0 | T6: 156 | U6: 1539 | V6: 2295 | W6: 1080 | X6: 0 | Y6: 128 | Z6: 0 | AA6: 514 | AB6: 0 | AC6: 333 | AD6: 0 | AE6: 0 | AF6: 0 | AG6: 0 | AH6: 0 | AI6: 0 | AJ6: 0 | AK6: 0 | AL6: 0 | AM6: 617 | AN6: 65 | AO6: 0 | AP6: 591 | AQ6: 68 | AR6: 53 | AS6: 0 | AT6: 0 | AU6: 0 | AV6: 394 | AW6: 51233
A7: Dentists | B7: 595 | C7: 300 | D7: 658 | E7: 392 | F7: 10523 | G7: 0 | H7: 0 | I7: 0 | J7: 2898 | K7: 0 | L7: 0 | M7: 0 | N7: 0 | O7: 0 | P7: 275 | Q7: 0 | R7: 1450 | S7: 14263 | T7: 15 | U7: 46 | V7: 841 | W7: 236 | X7: 0 | Y7: 50 | Z7: 0 | AA7: 385 | AB7: 0 | AC7: 204 | AD7: 0 | AE7: 0 | AF7: 0 | AG7: 0 | AH7: 0 | AI7: 0 | AJ7: 0 | AK7: 0 | AL7: 0 | AM7: 6 | AN7: 13 | AO7: 0 | AP7: 123 | AQ7: 0 | AR7: 0 | AS7: 0 | AT7: 0 | AU7: 0 | AV7: 236 | AW7: 33509
A8: Community Health Workers | S8: 6700 | AJ8: 770 | AS8: 179175 | AV8: 11200 | AW8: 197845
A9: Dieticians and nutritionists | B9: 870 | C9: 0 | D9: 0 | E9: 1688 | F9: 0 | G9: 0 | H9: 0 | I9: 0 | J9: 2192 | K9: 0 | L9: 0 | M9: 0 | N9: 0 | O9: 0 | P9: 35 | Q9: 0 | R9: 0 | S9: 0 | T9: 0 | U9: 496 | V9: 1147 | W9: 0 | X9: 0 | Y9: 16 | Z9: 0 | AA9: 0 | AB9: 0 | AC9: 12 | AD9: 0 | AE9: 0 | AF9: 0 | AG9: 0 | AH9: 0 | AI9: 0 | AJ9: 0 | AK9: 0 | AL9: 0 | AM9: 0 | AN9: 15 | AO9: 0 | AP9: 43 | AQ9: 0 | AR9: 0 | AS9: 0 | AT9: 0 | AU9: 0 | AV9: 845 | AW9: 7359
A10: Environmental and occupational health & hygiene workers | B10: 0 | C10: 0 | D10: 3830 | E10: 718 | F10: 14743 | G10: 0 | H10: 0 | I10: 0 | J10: 1168 | K10: 0 | L10: 0 | M10: 0 | N10: 0 | O10: 0 | P10: 0 | Q10: 0 | R10: 0 | S10: 0 | T10: 0 | U10: 0 | V10: 5310 | W10: 201 | X10: 0 | Y10: 142 | Z10: 0 | AA10: 0 | AB10: 0 | AC10: 53 | AD10: 0 | AE10: 0 | AF10: 0 | AG10: 0 | AH10: 0 | AI10: 0 | AJ10: 0 | AK10: 0 | AL10: 0 | AM10: 0 | AN10: 428 | AO10: 0 | AP10: 0 | AQ10: 0 | AR10: 0 | AS10: 0 | AT10: 0 | AU10: 0 | AV10: 1885 | AW10: 28478
A11: Personal care workers in health service | B11: 0 | C11: 0 | D11: 0 | E11: 0 | F11: 0 | G11: 0 | H11: 0 | I11: 0 | J11: 0 | K11: 0 | L11: 0 | M11: 0 | N11: 0 | O11: 0 | P11: 0 | Q11: 0 | R11: 0 | S11: 0 | T11: 0 | U11: 0 | V11: 0 | W11: 0 | X11: 0 | Y11: 0 | Z11: 0 | AA11: 0 | AB11: 0 | AC11: 0 | AD11: 0 | AE11: 0 | AF11: 0 | AG11: 0 | AH11: 0 | AI11: 0 | AJ11: 0 | AK11: 0 | AL11: 0 | AM11: 0 | AN11: 0 | AO11: 0 | AP11: 0 | AQ11: 0 | AR11: 0 | AS11: 0 | AT11: 0 | AU11: 0 | AV11: 0 | AW11: 0
A12: Managerial staff | AV12: 270 | AW12: 270
A13: Medical and dental Prosthetic Technicians | B13: 0 | C13: 0 | D13: 0 | E13: 0 | F13: 0 | G13: 0 | H13: 0 | I13: 0 | J13: 0 | K13: 0 | L13: 0 | M13: 0 | N13: 0 | O13: 0 | P13: 0 | Q13: 0 | R13: 0 | S13: 0 | T13: 3 | U13: 0 | V13: 0 | W13: 0 | X13: 0 | Y13: 0 | Z13: 0 | AA13: 0 | AB13: 212 | AC13: 0 | AD13: 0 | AE13: 0 | AF13: 0 | AG13: 0 | AH13: 0 | AI13: 23 | AJ13: 0 | AK13: 0 | AL13: 0 | AM13: 0 | AN13: 0 | AO13: 0 | AP13: 0 | AQ13: 0 | AR13: 0 | AS13: 227 | AT13: 0 | AU13: 0 | AV13: 0 | AW13: 465
A14: Medical and Pathology Laboratory scientists | T14: 11 | AQ14: 407 | AT14: 149 | AW14: 567
A15: Medical Assistants
A16: Medical Imaging and Therapeutic Equipment Technicians | T16: 32 | AI16: 116 | AS16: 121 | AT16: 9175 | AV16: 511 | AW16: 9955
A17: Medical Records and Health Information Technicians
A18: Optometrists and Ophthalmic Opticians | T18: 17 | AT18: 3783 | AW18: 3800
A19: Other non-medical professional staff
A20: Other non-medical support staff
A21: Medical and Pathology Laboratory Technicians | T21: 141 | AI21: 1545 | AS21: 2447 | AT21: 453 | AV21: 644 | AW21: 5230
A22: Paramedical Practitioners | AT22: 474 | AW22: 474
A23: Physiotherapists and physiotherapy assistants | B23: 0 | C23: 0 | D23: 0 | E23: 0 | F23: 0 | G23: 0 | H23: 0 | I23: 0 | J23: 0 | K23: 0 | L23: 0 | M23: 0 | N23: 0 | O23: 0 | P23: 0 | Q23: 0 | R23: 0 | S23: 0 | T23: 20 | U23: 0 | V23: 0 | W23: 0 | X23: 0 | Y23: 0 | Z23: 0 | AA23: 0 | AB23: 0 | AC23: 0 | AD23: 0 | AE23: 0 | AF23: 0 | AG23: 0 | AH23: 0 | AI23: 125 | AJ23: 0 | AK23: 0 | AL23: 0 | AM23: 0 | AN23: 0 | AO23: 0 | AP23: 0 | AQ23: 231 | AR23: 0 | AS23: 114 | AT23: 9289 | AU23: 0 | AV23: 472 | AW23: 10251
A24: Social workers | B24: 0 | C24: 0 | D24: 0 | E24: 0 | F24: 0 | G24: 83 | H24: 0 | I24: 0 | J24: 0 | K24: 0 | L24: 0 | M24: 0 | N24: 0 | O24: 0 | P24: 0 | Q24: 0 | R24: 0 | S24: 0 | T24: 0 | U24: 0 | V24: 0 | W24: 0 | X24: 0 | Y24: 0 | Z24: 0 | AA24: 0 | AB24: 0 | AC24: 0 | AD24: 0 | AE24: 0 | AF24: 0 | AG24: 0 | AH24: 0 | AI24: 886 | AJ24: 0 | AK24: 0 | AL24: 0 | AM24: 0 | AN24: 0 | AO24: 0 | AP24: 0 | AQ24: 0 | AR24: 0 | AS24: 0 | AT24: 0 | AU24: 0 | AV24: 0 | AW24: 969
A25: Audiologists and Speech Therapists | AT25: 2913 | AW25: 2913
A26: Traditional and complementary medicine practitioners | B26: 0 | C26: 0 | D26: 0 | E26: 0 | F26: 0 | G26: 0 | H26: 0 | I26: 0 | J26: 0 | K26: 0 | L26: 0 | M26: 0 | N26: 0 | O26: 0 | P26: 0 | Q26: 0 | R26: 0 | S26: 0 | T26: 0 | U26: 0 | V26: 0 | W26: 0 | X26: 0 | Y26: 0 | Z26: 0 | AA26: 0 | AB26: 0 | AC26: 0 | AD26: 0 | AE26: 0 | AF26: 0 | AG26: 0 | AH26: 0 | AI26: 0 | AJ26: 0 | AK26: 0 | AL26: 0 | AM26: 0 | AN26: 0 | AO26: 0 | AP26: 0 | AQ26: 0 | AR26: 0 | AS26: 0 | AT26: 0 | AU26: 0 | AV26: 0 | AW26: 0
B29: Country | C29: Pop 2012 | D29: Cadre | E29: 2012
B30: =B1 -> AGO | C30: =B2 -> 28127721 | D30: =A3 -> Medical Doctors | E30: =B3 -> 0
D31: =A4 -> Nursing Personnel | E31: =B4 -> 0
D32: =A5 -> Midwifery personnel | E32: =B5 -> 0
D33: =A6 -> Pharmacists | E33: =B6 -> 2781
D34: =A7 -> Dentists | E34: =B7 -> 595
D35: =A8 -> Community Health Workers | E35: =B8 -> 0
D36: =A9 -> Dieticians and nutritionists | E36: =B9 -> 870
D37: =A10 -> Environmental and occupational health & hygiene workers | E37: =B10 -> 0
D38: =A11 -> Personal care workers in health service | E38: =B11 -> 0
D39: =A12 -> Managerial staff | E39: =B12 -> 0
D40: =A13 -> Medical and dental Prosthetic Technicians | E40: =B13 -> 0
D41: =A14 -> Medical and Pathology Laboratory scientists | E41: =B14 -> 0
D42: =A15 -> Medical Assistants | E42: =B15 -> 0
... D53: =A26 -> Traditional and complementary medicine practitioners | E53: =B26 -> 0
B54: =C1 -> BDI | C54: =C2 -> 10727148 | D54: =D30 -> Medical Doctors | E54: =C3 -> 1016
D55: =D31 -> Nursing Personnel | E55: =C4 -> 13376
D56: =D32 -> Midwifery personnel | E56: =C5 -> 158
D57: =D33 -> Pharmacists | E57: =C6 -> 0
D58: =D34 -> Dentists | E58: =C7 -> 300
D59: =D35 -> Community Health Workers | E59: =C8 -> 0
D60: =D36 -> Dieticians and nutritionists | E60: =C9 -> 0
D61: =D37 -> Environmental and occupational health & hygiene workers | E61: =C10 -> 0
D62: =D38 -> Personal care workers in health service | E62: =C11 -> 0
D63: =D39 -> Managerial staff | E63: =C12 -> 0
D64: =D40 -> Medical and dental Prosthetic Technicians | E64: =C13 -> 0
D65: =D41 -> Medical and Pathology Laboratory scientists | E65: =C14 -> 0
D66: =D42 -> Medical Assistants | E66: =C15 -> 0
... D77: =D53 -> Traditional and complementary medicine practitioners | E77: =C26 -> 0
B78: =D1 -> BEN | C78: =D2 -> 10932783 | D78: =D54 -> Medical Doctors | E78: =D3 -> 0
D79: =D55 -> Nursing Personnel | E79: =D4 -> 0
D80: =D56 -> Midwifery personnel | E80: =D5 -> 0
D81: =D57 -> Pharmacists | E81: =D6 -> 2626
D82: =D58 -> Dentists | E82: =D7 -> 658
D83: =D59 -> Community Health Workers | E83: =D8 -> 0
D84: =D60 -> Dieticians and nutritionists | E84: =D9 -> 0
D85: =D61 -> Environmental and occupational health & hygiene workers | E85: =D10 -> 3830
D86: =D62 -> Personal care workers in health service | E86: =D11 -> 0
D87: =D63 -> Managerial staff | E87: =D12 -> 0
D88: =D64 -> Medical and dental Prosthetic Technicians | E88: =D13 -> 0
D89: =D65 -> Medical and Pathology Laboratory scientists | E89: =D14 -> 0
D90: =D66 -> Medical Assistants | E90: =D15 -> 0
... D101: =D77 -> Traditional and complementary medicine practitioners | E101: =D26 -> 0
B102: =E1 -> BFA | C102: =E2 -> 18718019 | D102: =D78 -> Medical Doctors | E102: =E3 -> 2378
D103: =D79 -> Nursing Personnel | E103: =E4 -> 19496
D104: =D80 -> Midwifery personnel | E104: =E5 -> 4766
D105: =D81 -> Pharmacists | E105: =E6 -> 1184
D106: =D82 -> Dentists | E106: =E7 -> 392
D107: =D83 -> Community Health Workers | E107: =E8 -> 0
D108: =D84 -> Dieticians and nutritionists | E108: =E9 -> 1688
D109: =D85 -> Environmental and occupational health & hygiene workers | E109: =E10 -> 718
D110: =D86 -> Personal care workers in health service | E110: =E11 -> 0
D111: =D87 -> Managerial staff | E111: =E12 -> 0
D112: =D88 -> Medical and dental Prosthetic Technicians | E112: =E13 -> 0
D113: =D89 -> Medical and Pathology Laboratory scientists | E113: =E14 -> 0
D114: =D90 -> Medical Assistants | E114: =E15 -> 0
... D125: =D101 -> Traditional and complementary medicine practitioners | E125: =E26 -> 0
B126: =F1 -> BWA | C126: =F2 -> 2305171.5 | D126: =D102 -> Medical Doctors | E126: =F3 -> 0
D127: =D103 -> Nursing Personnel | E127: =F4 -> 0
D128: =D104 -> Midwifery personnel | E128: =F5 -> 0
D129: =D105 -> Pharmacists | E129: =F6 -> 30461
D130: =D106 -> Dentists | E130: =F7 -> 10523
D131: =D107 -> Community Health Workers | E131: =F8 -> 0
D132: =D108 -> Dieticians and nutritionists | E132: =F9 -> 0
D133: =D109 -> Environmental and occupational health & hygiene workers | E133: =F10 -> 14743
D134: =D110 -> Personal care workers in health service | E134: =F11 -> 0
D135: =D111 -> Managerial staff | E135: =F12 -> 0
D136: =D112 -> Medical and dental Prosthetic Technicians | E136: =F13 -> 0
D137: =D113 -> Medical and Pathology Laboratory scientists | E137: =F14 -> 0
D138: =D114 -> Medical Assistants | E138: =F15 -> 0
... D149: =D125 -> Traditional and complementary medicine practitioners | E149: =F26 -> 0
B150: =G1 -> CAF | C150: =G2 -> 4819333 | D150: =D126 -> Medical Doctors | E150: =G3 -> 648
D151: =D127 -> Nursing Personnel | E151: =G4 -> 644
D152: =D128 -> Midwifery personnel | E152: =G5 -> 1210
...

Sheet 2016
A1: Row Labels | B1: AGO | C1: BDI | D1: BEN | E1: BFA | F1: BWA | G1: CAF | H1: CIV | I1: CMR | J1: COD | K1: COG | L1: COM | M1: CPV | N1: DZA | O1: ERI | P1: ETH | Q1: GAB | R1: GHA | S1: GIN | T1: GMB | U1: GNB | V1: GNQ | W1: KEN | X1: LBR | Y1: LSO | Z1: MDG | AA1: MLI | AB1: MOZ | AC1: MRT | AD1: MUS | AE1: MWI | AF1: NAM | AG1: NER | AH1: NGA | AI1: RWA | AJ1: SEN | AK1: SLE | AL1: SSD | AM1: STP | AN1: SWZ | AO1: SYC | AP1: TCD | AQ1: TGO | AR1: TZA | AS1: UGA | AT1: ZAF | AU1: ZMB | AV1: ZWE | AW1: Grand Total
A2: Population UN 1 | B2: 29154746 | C2: 10903328 | D2: 11260084 | E2: 19275498 | F2: 2352415.5 | G2: 4904177.5 | H2: 24213622 | I2: 23711630 | J2: 81430976 | K2: 5186823.5 | L2: 746232 | M2: 558394.5 | N2: 40339328 | O2: 3365287.5 | P2: 1.0529323e+08 | Q2: 2086205.5 | R2: 29554302 | S2: 11930985 | T2: 2317205.5 | U2: 1834551.5 | V2: 1398926.5 | W2: 47894670 | X2: 4706097.5 | Y2: 2143872 | Z2: 25501940 | AA2: 18700106 | AB2: 27696492 | AC2: 4051890.5 | AD2: 1293911 | AE2: 17405624 | AF2: 2323352 | AG2: 20921743 | AH2: 1.8866693e+08 | AI2: 11930900 | AJ2: 14751356 | AK2: 7493913 | AL2: 11066105 | AM2: 204632.5 | AN2: 1142524 | AO2: 100508.5 | AP2: 14592585 | AQ2: 7661353.5 | AR2: 54401802 | AS2: 38748299 | AT2: 56422273 | AU2: 16767760 | AV2: 14452704 | AW2: 1.0228613e+09
A3: Medical Doctors | B3: 0 | C3: 0 | D3: 1046 | E3: 2404 | F3: 1671 | G3: 0 | H3: 0 | I3: 0 | J3: 200 | K3: 1060 | L3: 440 | M3: 816 | N3: 148618 | O3: 537 | P3: 296 | Q3: 1430 | R3: 7236 | S3: 1954 | T3: 1 | U3: 388 | V3: 0 | W3: 380 | X3: 468 | Y3: 0 | Z3: 35 | AA3: 4570 | AB3: 57 | AC3: 0 | AD3: 5538 | AE3: 1093 | AF3: 0 | AG3: 1362 | AH3: 167130 | AI3: 2918 | AJ3: 3195 | AK3: 0 | AL3: 0 | AM3: 0 | AN3: 220 | AO3: 410 | AP3: 1080 | AQ3: 964 | AR3: 67 | AS3: 42 | AT3: 87529 | AU3: 3074 | AV3: 5458 | AW3: 453687
A4: Nursing Personnel | B4: 0 | C4: 0 | D4: 14448 | E4: 19402 | F4: 14854 | G4: 0 | H4: 24264 | I4: 0 | J4: 89794 | K4: 7434 | L4: 0 | M4: 1224 | N4: 181916 | O4: 8968 | P4: 0 | Q4: 9192 | R4: 105210 | S4: 2020 | T4: 0 | U4: 2006 | V4: 0 | W4: 97474 | X4: 0 | Y4: 0 | Z4: 0 | AA4: 9530 | AB4: 15320 | AC4: 0 | AD4: 8268 | AE4: 9146 | AF4: 9632 | AG4: 9492 | AH4: 370202 | AI4: 22562 | AJ4: 4980 | AK4: 10320 | AL4: 0 | AM4: 0 | AN4: 8400 | AO4: 1368 | AP4: 6212 | AQ4: 2838 | AR4: 0 | AS4: 110456 | AT4: 0 | AU4: 0 | AV4: 42747 | AW4: 1219679
A5: Midwifery personnel | B5: 0 | C5: 0 | D5: 2068 | E5: 5160 | F5: 2922 | G5: 0 | H5: 0 | I5: 0 | J5: 3586 | K5: 1842 | L5: 1000 | M5: 0 | N5: 0 | O5: 752 | P5: 24138 | Q5: 1026 | R5: 15324 | S5: 886 | T5: 0 | U5: 250 | V5: 0 | W5: 4184 | X5: 0 | Y5: 0 | Z5: 3166 | AA5: 5314 | AB5: 11410 | AC5: 0 | AD5: 0 | AE5: 1136 | AF5: 0 | AG5: 1712 | AH5: 282550 | AI5: 2140 | AJ5: 4004 | AK5: 626 | AL5: 0 | AM5: 0 | AN5: 0 | AO5: 178 | AP5: 0 | AQ5: 1922 | AR5: 0 | AS5: 19604 | AT5: 2568 | AU5: 6666 | AV5: 0 | AW5: 406134
A6: Pharmacists | B6: 884 | C6: 188 | D6: 1600 | E6: 17091 | F6: 319 | G6: 29 | H6: 0 | I6: 1687 | J6: 0 | K6: 1839 | L6: 432 | M6: 0 | N6: 81 | O6: 0 | P6: 2 | Q6: 78 | R6: 440 | S6: 0 | T6: 0 | U6: 0 | V6: 93 | W6: 170 | X6: 221 | Y6: 0 | Z6: 0 | AA6: 0 | AB6: 20035 | AC6: 0 | AD6: 1159 | AE6: 0 | AF6: 0 | AG6: 0 | AH6: 459 | AI6: 0 | AJ6: 0 | AK6: 0 | AL6: 0 | AM6: 27 | AN6: 0 | AO6: 0 | AP6: 119 | AQ6: 0 | AR6: 1200 | AS6: 0 | AT6: 2355 | AU6: 0 | AV6: 0 | AW6: 50508
A7: Dentists | B7: 181 | C7: 11 | D7: 234 | E7: 466 | F7: 66 | G7: 10 | H7: 0 | I7: 404 | J7: 0 | K7: 1037 | L7: 301 | M7: 0 | N7: 25 | O7: 0 | P7: 2 | Q7: 23 | R7: 80 | S7: 0 | T7: 6433 | U7: 0 | V7: 3 | W7: 178 | X7: 57 | Y7: 0 | Z7: 0 | AA7: 0 | AB7: 0 | AC7: 0 | AD7: 312 | AE7: 0 | AF7: 0 | AG7: 0 | AH7: 56 | AI7: 0 | AJ7: 0 | AK7: 0 | AL7: 0 | AM7: 225 | AN7: 0 | AO7: 0 | AP7: 14 | AQ7: 0 | AR7: 0 | AS7: 0 | AT7: 1090 | AU7: 0 | AV7: 0 | AW7: 11208
A8: Community Health Workers | S8: 6700 | AJ8: 5 | AK8: 14622 | AW8: 21327
A9: Dieticians and nutritionists | B9: 32 | C9: 42 | D9: 0 | E9: 940 | F9: 13 | G9: 11 | H9: 0 | I9: 0 | J9: 0 | K9: 0 | L9: 0 | M9: 0 | N9: 0 | O9: 0 | P9: 0 | Q9: 4 | R9: 19 | S9: 0 | T9: 3652 | U9: 0 | V9: 0 | W9: 0 | X9: 8 | Y9: 0 | Z9: 0 | AA9: 0 | AB9: 0 | AC9: 4 | AD9: 202 | AE9: 0 | AF9: 0 | AG9: 0 | AH9: 44 | AI9: 0 | AJ9: 0 | AK9: 0 | AL9: 0 | AM9: 0 | AN9: 0 | AO9: 0 | AP9: 0 | AQ9: 0 | AR9: 0 | AS9: 0 | AT9: 0 | AU9: 0 | AV9: 0 | AW9: 4971
A10: Environmental and occupational health & hygiene workers | B10: 177 | C10: 96 | D10: 0 | E10: 2367 | F10: 208 | G10: 0 | H10: 0 | I10: 0 | J10: 0 | K10: 2324 | L10: 0 | M10: 0 | N10: 304 | O10: 0 | P10: 64 | Q10: 29 | R10: 160 | S10: 0 | T10: 3831 | U10: 0 | V10: 0 | W10: 146 | X10: 344 | Y10: 0 | Z10: 0 | AA10: 0 | AB10: 0 | AC10: 0 | AD10: 1796 | AE10: 0 | AF10: 0 | AG10: 0 | AH10: 311 | AI10: 0 | AJ10: 0 | AK10: 0 | AL10: 0 | AM10: 0 | AN10: 0 | AO10: 0 | AP10: 0 | AQ10: 0 | AR10: 0 | AS10: 5112 | AT10: 0 | AU10: 0 | AV10: 0 | AW10: 17269
A11: Personal care workers in health service | B11: 0 | C11: 0 | D11: 0 | E11: 0 | F11: 0 | G11: 0 | H11: 0 | I11: 0 | J11: 0 | K11: 565 | L11: 0 | M11: 0 | N11: 0 | O11: 0 | P11: 0 | Q11: 0 | R11: 0 | S11: 0 | T11: 0 | U11: 0 | V11: 0 | W11: 0 | X11: 0 | Y11: 0 | Z11: 0 | AA11: 0 | AB11: 0 | AC11: 0 | AD11: 0 | AE11: 0 | AF11: 0 | AG11: 0 | AH11: 0 | AI11: 0 | AJ11: 0 | AK11: 0 | AL11: 0 | AM11: 0 | AN11: 0 | AO11: 0 | AP11: 0 | AQ11: 2249 | AR11: 0 | AS11: 0 | AT11: 0 | AU11: 0 | AV11: 551 | AW11: 3365
A12: Managerial staff | AV12: 257 | AW12: 257
A13: Medical and dental Prosthetic Technicians | B13: 0 | C13: 0 | D13: 0 | E13: 0 | F13: 0 | G13: 0 | H13: 0 | I13: 0 | J13: 0 | K13: 0 | L13: 0 | M13: 0 | N13: 0 | O13: 0 | P13: 0 | Q13: 33 | R13: 30 | S13: 0 | T13: 0 | U13: 4 | V13: 0 | W13: 0 | X13: 0 | Y13: 0 | Z13: 0 | AA13: 0 | AB13: 0 | AC13: 0 | AD13: 0 | AE13: 0 | AF13: 0 | AG13: 0 | AH13: 0 | AI13: 0 | AJ13: 57 | AK13: 0 | AL13: 0 | AM13: 0 | AN13: 0 | AO13: 0 | AP13: 0 | AQ13: 50 | AR13: 0 | AS13: 0 | AT13: 0 | AU13: 0 | AV13: 17 | AW13: 191
A14: Medical and Pathology Laboratory scientists | U14: 158 | AQ14: 276 | AT14: 4802 | AU14: 921 | AW14: 6157
A15: Medical Assistants
A16: Medical Imaging and Therapeutic Equipment Technicians | D16: 234 | Q16: 66 | S16: 8 | AJ16: 78 | AQ16: 112 | AT16: 8484 | AU16: 419 | AV16: 320 | AW16: 9721
A17: Medical Records and Health Information Technicians | AV17: 678 | AW17: 678
A18: Optometrists and Ophthalmic Opticians | AQ18: 2 | AT18: 3725 | AV18: 13 | AW18: 3740
A19: Other non-medical professional staff | AQ19: 1340 | AW19: 1340
A20: Other non-medical support staff | AQ20: 1264 | AW20: 1264
A21: Medical and Pathology Laboratory Technicians | D21: 1166 | Q21: 287 | S21: 209 | U21: 16 | AE21: 397 | AJ21: 37 | AQ21: 129 | AT21: 5377 | AV21: 600 | AW21: 8218
A22: Paramedical Practitioners | U22: 11 | AE22: 1159 | AQ22: 638 | AU22: 1814 | AV22: 130 | AW22: 3752
A23: Physiotherapists and physiotherapy assistants | B23: 0 | C23: 0 | D23: 0 | E23: 0 | F23: 0 | G23: 0 | H23: 0 | I23: 0 | J23: 0 | K23: 0 | L23: 0 | M23: 0 | N23: 0 | O23: 0 | P23: 0 | Q23: 0 | R23: 0 | S23: 0 | T23: 0 | U23: 0 | V23: 0 | W23: 0 | X23: 0 | Y23: 0 | Z23: 0 | AA23: 0 | AB23: 0 | AC23: 0 | AD23: 0 | AE23: 0 | AF23: 0 | AG23: 0 | AH23: 0 | AI23: 0 | AJ23: 0 | AK23: 0 | AL23: 0 | AM23: 0 | AN23: 0 | AO23: 0 | AP23: 0 | AQ23: 152 | AR23: 0 | AS23: 0 | AT23: 7451 | AU23: 432 | AV23: 432 | AW23: 8467
A24: Social workers | B24: 0 | C24: 0 | D24: 0 | E24: 0 | F24: 0 | G24: 0 | H24: 0 | I24: 0 | J24: 0 | K24: 0 | L24: 0 | M24: 0 | N24: 0 | O24: 0 | P24: 0 | Q24: 0 | R24: 0 | S24: 0 | T24: 0 | U24: 0 | V24: 0 | W24: 0 | X24: 0 | Y24: 0 | Z24: 0 | AA24: 0 | AB24: 0 | AC24: 0 | AD24: 0 | AE24: 0 | AF24: 0 | AG24: 0 | AH24: 0 | AI24: 0 | AJ24: 0 | AK24: 0 | AL24: 0 | AM24: 0 | AN24: 0 | AO24: 0 | AP24: 0 | AQ24: 14 | AR24: 0 | AS24: 0 | AT24: 0 | AU24: 0 | AV24: 0 | AW24: 14
A25: Audiologists and Speech Therapists | AQ25: 9 | AT25: 3140 | AW25: 3149
A26: Traditional and complementary medicine practitioners | B26: 0 | C26: 0 | D26: 0 | E26: 0 | F26: 0 | G26: 0 | H26: 0 | I26: 0 | J26: 0 | K26: 0 | L26: 0 | M26: 0 | N26: 0 | O26: 0 | P26: 0 | Q26: 0 | R26: 0 | S26: 0 | T26: 0 | U26: 0 | V26: 0 | W26: 0 | X26: 0 | Y26: 0 | Z26: 0 | AA26: 0 | AB26: 0 | AC26: 0 | AD26: 0 | AE26: 0 | AF26: 0 | AG26: 0 | AH26: 0 | AI26: 0 | AJ26: 0 | AK26: 0 | AL26: 0 | AM26: 0 | AN26: 0 | AO26: 0 | AP26: 0 | AQ26: 0 | AR26: 0 | AS26: 0 | AT26: 0 | AU26: 0 | AV26: 0 | AW26: 0
B29: Country | C29: Pop 2012 | D29: Cadre | E29: 2012
B30: =B1 -> AGO | C30: =B2 -> 29154746 | D30: =A3 -> Medical Doctors | E30: =B3 -> 0
D31: =A4 -> Nursing Personnel | E31: =B4 -> 0
D32: =A5 -> Midwifery personnel | E32: =B5 -> 0
D33: =A6 -> Pharmacists | E33: =B6 -> 884
D34: =A7 -> Dentists | E34: =B7 -> 181
D35: =A8 -> Community Health Workers | E35: =B8 -> 0
D36: =A9 -> Dieticians and nutritionists | E36: =B9 -> 32
D37: =A10 -> Environmental and occupational health & hygiene workers | E37: =B10 -> 177
D38: =A11 -> Personal care workers in health service | E38: =B11 -> 0
D39: =A12 -> Managerial staff | E39: =B12 -> 0
D40: =A13 -> Medical and dental Prosthetic Technicians | E40: =B13 -> 0
D41: =A14 -> Medical and Pathology Laboratory scientists | E41: =B14 -> 0
D42: =A15 -> Medical Assistants | E42: =B15 -> 0
... D53: =A26 -> Traditional and complementary medicine practitioners | E53: =B26 -> 0
B54: =C1 -> BDI | C54: =C2 -> 10903328 | D54: =D30 -> Medical Doctors | E54: =C3 -> 0
D55: =D31 -> Nursing Personnel | E55: =C4 -> 0
D56: =D32 -> Midwifery personnel | E56: =C5 -> 0
D57: =D33 -> Pharmacists | E57: =C6 -> 188
D58: =D34 -> Dentists | E58: =C7 -> 11
D59: =D35 -> Community Health Workers | E59: =C8 -> 0
D60: =D36 -> Dieticians and nutritionists | E60: =C9 -> 42
D61: =D37 -> Environmental and occupational health & hygiene workers | E61: =C10 -> 96
D62: =D38 -> Personal care workers in health service | E62: =C11 -> 0
D63: =D39 -> Managerial staff | E63: =C12 -> 0
D64: =D40 -> Medical and dental Prosthetic Technicians | E64: =C13 -> 0
D65: =D41 -> Medical and Pathology Laboratory scientists | E65: =C14 -> 0
D66: =D42 -> Medical Assistants | E66: =C15 -> 0
... D77: =D53 -> Traditional and complementary medicine practitioners | E77: =C26 -> 0
B78: =D1 -> BEN | C78: =D2 -> 11260084 | D78: =D54 -> Medical Doctors | E78: =D3 -> 1046
D79: =D55 -> Nursing Personnel | E79: =D4 -> 14448
D80: =D56 -> Midwifery personnel | E80: =D5 -> 2068
D81: =D57 -> Pharmacists | E81: =D6 -> 1600
D82: =D58 -> Dentists | E82: =D7 -> 234
D83: =D59 -> Community Health Workers | E83: =D8 -> 0
D84: =D60 -> Dieticians and nutritionists | E84: =D9 -> 0
D85: =D61 -> Environmental and occupational health & hygiene workers | E85: =D10 -> 0
D86: =D62 -> Personal care workers in health service | E86: =D11 -> 0
D87: =D63 -> Managerial staff | E87: =D12 -> 0
D88: =D64 -> Medical and dental Prosthetic Technicians | E88: =D13 -> 0
D89: =D65 -> Medical and Pathology Laboratory scientists | E89: =D14 -> 0
D90: =D66 -> Medical Assistants | E90: =D15 -> 0
... D101: =D77 -> Traditional and complementary medicine practitioners | E101: =D26 -> 0
B102: =E1 -> BFA | C102: =E2 -> 19275498 | D102: =D78 -> Medical Doctors | E102: =E3 -> 2404
D103: =D79 -> Nursing Personnel | E103: =E4 -> 19402
D104: =D80 -> Midwifery personnel | E104: =E5 -> 5160
D105: =D81 -> Pharmacists | E105: =E6 -> 17091
D106: =D82 -> Dentists | E106: =E7 -> 466
D107: =D83 -> Community Health Workers | E107: =E8 -> 0
D108: =D84 -> Dieticians and nutritionists | E108: =E9 -> 940
D109: =D85 -> Environmental and occupational health & hygiene workers | E109: =E10 -> 2367
D110: =D86 -> Personal care workers in health service | E110: =E11 -> 0
D111: =D87 -> Managerial staff | E111: =E12 -> 0
D112: =D88 -> Medical and dental Prosthetic Technicians | E112: =E13 -> 0
D113: =D89 -> Medical and Pathology Laboratory scientists | E113: =E14 -> 0
D114: =D90 -> Medical Assistants | E114: =E15 -> 0
... D125: =D101 -> Traditional and complementary medicine practitioners | E125: =E26 -> 0
B126: =F1 -> BWA | C126: =F2 -> 2352415.5 | D126: =D102 -> Medical Doctors | E126: =F3 -> 1671
D127: =D103 -> Nursing Personnel | E127: =F4 -> 14854
D128: =D104 -> Midwifery personnel | E128: =F5 -> 2922
D129: =D105 -> Pharmacists | E129: =F6 -> 319
D130: =D106 -> Dentists | E130: =F7 -> 66
D131: =D107 -> Community Health Workers | E131: =F8 -> 0
D132: =D108 -> Dieticians and nutritionists | E132: =F9 -> 13
D133: =D109 -> Environmental and occupational health & hygiene workers | E133: =F10 -> 208
D134: =D110 -> Personal care workers in health service | E134: =F11 -> 0
D135: =D111 -> Managerial staff | E135: =F12 -> 0
D136: =D112 -> Medical and dental Prosthetic Technicians | E136: =F13 -> 0
D137: =D113 -> Medical and Pathology Laboratory scientists | E137: =F14 -> 0
D138: =D114 -> Medical Assistants | E138: =F15 -> 0
... D149: =D125 -> Traditional and complementary medicine practitioners | E149: =F26 -> 0
B150: =G1 -> CAF | C150: =G2 -> 4904177.5 | D150: =D126 -> Medical Doctors | E150: =G3 -> 0
D151: =D127 -> Nursing Personnel | E151: =G4 -> 0
D152: =D128 -> Midwifery personnel | E152: =G5 -> 0
...

Sheet 2017
A1: Row Labels | B1: AGO | C1: BDI | D1: BEN | E1: BFA | F1: BWA | G1: CAF | H1: CIV | I1: CMR | J1: COD | K1: COG | L1: COM | M1: CPV | N1: DZA | O1: ERI | P1: ETH | Q1: GAB | R1: GHA | S1: GIN | T1: GMB | U1: GNB | V1: GNQ | W1: KEN | X1: LBR | Y1: LSO | Z1: MDG | AA1: MLI | AB1: MOZ | AC1: MRT | AD1: MUS | AE1: MWI | AF1: NAM | AG1: NER | AH1: NGA | AI1: RWA | AJ1: SEN | AK1: SLE | AL1: SSD | AM1: STP | AN1: SWZ | AO1: SYC | AP1: TCD | AQ1: TGO | AR1: TZA | AS1: UGA | AT1: ZAF | AU1: ZMB | AV1: ZWE | AW1: Grand Total
A2: Population UN 1 | B2: 30208628 | C2: 11155593 | D2: 11596778 | E2: 19835859 | F2: 2401840 | G2: 4996741 | H2: 24848016 | I2: 24393182 | J2: 84283273 | K2: 5312339.5 | L2: 761664 | M2: 564954 | N2: 41136546 | O2: 3396933 | P2: 1.0819795e+08 | Q2: 2140215.5 | R2: 30222262 | S2: 12240789 | T2: 2381181.5 | U2: 1879826.5 | V2: 1450694 | W2: 48948137 | X2: 4796631 | Y2: 2170617 | Z2: 26169542 | AA2: 19311354 | AB2: 28569441 | AC2: 4160014.5 | AD2: 1294740.5 | AE2: 17881167 | AF2: 2364533.5 | AG2: 21737922 | AH2: 1.9349591e+08 | AI2: 12230339 | AJ2: 15157793 | AK2: 7677565.5 | AL2: 10658225 | AM2: 208036.5 | AN2: 1151390.5 | AO2: 101810.5 | AP2: 15085884 | AQ2: 7852795 | AR2: 56267032 | AS2: 40127085 | AT2: 56641210 | AU2: 17298054 | AV2: 14751101 | AW2: 1.0495136e+09
A3: Medical Doctors | B3: 12800 | C3: 0 | D3: 0 | E3: 3990 | F3: 0 | G3: 0 | H3: 0 | I3: 0 | J3: 0 | K3: 0 | L3: 0 | M3: 0 | N3: 0 | O3: 529 | P3: 0 | Q3: 3543 | R3: 5358 | S3: 0 | T3: 464 | U3: 0 | V3: 1014 | W3: 0 | X3: 496 | Y3: 0 | Z3: 0 | AA3: 4576 | AB3: 4985 | AC3: 1582 | AD3: 5854 | AE3: 11 | AF3: 2842 | AG3: 950 | AH3: 0 | AI3: 3830 | AJ3: 2132 | AK3: 0 | AL3: 1 | AM3: 0 | AN3: 425 | AO3: 39 | AP3: 1302 | AQ3: 1490 | AR3: 0 | AS3: 13836 | AT3: 89306 | AU3: 0 | AV3: 5734 | AW3: 167089
A4: Nursing Personnel | B4: 0 | C4: 18142 | D4: 0 | E4: 20752 | F4: 0 | G4: 0 | H4: 27166 | I4: 0 | J4: 146092 | K4: 0 | L4: 0 | M4: 1376 | N4: 184000 | O4: 9056 | P4: 176328 | Q4: 10700 | R4: 117216 | S4: 0 | T4: 2648 | U4: 0 | V4: 1268 | W4: 106336 | X4: 0 | Y4: 0 | Z4: 0 | AA4: 0 | AB4: 15922 | AC4: 9142 | AD4: 8890 | AE4: 0 | AF4: 9706 | AG4: 0 | AH4: 0 | AI4: 1290 | AJ4: 5640 | AK4: 11960 | AL4: 0 | AM4: 0 | AN4: 8862 | AO4: 0 | AP4: 6974 | AQ4: 3932 | AR4: 63880 | AS4: 120912 | AT4: 0 | AU4: 31382 | AV4: 59965 | AW4: 1179537
A5: Midwifery personnel | B5: 0 | C5: 320 | D5: 0 | E5: 13138 | F5: 0 | G5: 0 | H5: 0 | I5: 0 | J5: 0 | K5: 0 | L5: 0 | M5: 0 | N5: 0 | O5: 0 | P5: 0 | Q5: 1466 | R5: 19108 | S5: 0 | T5: 844 | U5: 0 | V5: 0 | W5: 0 | X5: 0 | Y5: 0 | Z5: 5862 | AA5: 0 | AB5: 11640 | AC5: 0 | AD5: 0 | AE5: 0 | AF5: 0 | AG5: 0 | AH5: 0 | AI5: 4288 | AJ5: 4004 | AK5: 0 | AL5: 0 | AM5: 0 | AN5: 0 | AO5: 0 | AP5: 0 | AQ5: 2536 | AR5: 0 | AS5: 0 | AT5: 0 | AU5: 0 | AV5: 17612 | AW5: 80818
A6: Pharmacists | B6: 0 | C6: 944 | D6: 0 | E6: 20603 | F6: 74 | G6: 971 | H6: 0 | I6: 10752 | J6: 108 | K6: 207 | L6: 1462 | M6: 0 | N6: 1388 | O6: 0 | P6: 0 | Q6: 2917 | R6: 0 | S6: 0 | T6: 360 | U6: 0 | V6: 27 | W6: 0 | X6: 0 | Y6: 0 | Z6: 0 | AA6: 0 | AB6: 0 | AC6: 0 | AD6: 759 | AE6: 0 | AF6: 79 | AG6: 0 | AH6: 571 | AI6: 0 | AJ6: 50 | AK6: 0 | AL6: 32485 | AM6: 821 | AN6: 0 | AO6: 0 | AP6: 172 | AQ6: 0 | AR6: 1223 | AS6: 0 | AT6: 0 | AU6: 371 | AV6: 0 | AW6: 76344
A7: Dentists | B7: 0 | C7: 373 | D7: 0 | E7: 5048 | F7: 118 | G7: 405 | H7: 351 | I7: 1889 | J7: 9 | K7: 0 | L7: 374 | M7: 1210 | N7: 0 | O7: 0 | P7: 0 | Q7: 246 | R7: 0 | S7: 106 | T7: 54 | U7: 0 | V7: 225 | W7: 0 | X7: 0 | Y7: 0 | Z7: 0 | AA7: 0 | AB7: 0 | AC7: 0 | AD7: 293 | AE7: 0 | AF7: 0 | AG7: 0 | AH7: 115 | AI7: 0 | AJ7: 30 | AK7: 0 | AL7: 10504 | AM7: 264 | AN7: 0 | AO7: 0 | AP7: 81 | AQ7: 0 | AR7: 282 | AS7: 0 | AT7: 0 | AU7: 54 | AV7: 0 | AW7: 22031
A8: Community Health Workers | E8: 2749 | R8: 15456 | AB8: 1991 | AJ8: 5 | AQ8: 7545 | AV8: 15000 | AW8: 42746
A9: Dieticians and nutritionists | B9: 0 | C9: 0 | D9: 0 | E9: 0 | F9: 0 | G9: 55 | H9: 0 | I9: 0 | J9: 0 | K9: 0 | L9: 0 | M9: 0 | N9: 0 | O9: 0 | P9: 0 | Q9: 1985 | R9: 0 | S9: 0 | T9: 0 | U9: 0 | V9: 0 | W9: 0 | X9: 0 | Y9: 0 | Z9: 0 | AA9: 0 | AB9: 0 | AC9: 0 | AD9: 61 | AE9: 0 | AF9: 0 | AG9: 0 | AH9: 48 | AI9: 0 | AJ9: 0 | AK9: 0 | AL9: 0 | AM9: 61 | AN9: 0 | AO9: 0 | AP9: 0 | AQ9: 0 | AR9: 49 | AS9: 0 | AT9: 0 | AU9: 66 | AV9: 0 | AW9: 2325
A10: Environmental and occupational health & hygiene workers | B10: 0 | C10: 0 | D10: 0 | E10: 20392 | F10: 0 | G10: 669 | H10: 0 | I10: 0 | J10: 0 | K10: 0 | L10: 0 | M10: 0 | N10: 0 | O10: 0 | P10: 0 | Q10: 5029 | R10: 0 | S10: 0 | T10: 0 | U10: 0 | V10: 0 | W10: 0 | X10: 0 | Y10: 0 | Z10: 0 | AA10: 0 | AB10: 0 | AC10: 0 | AD10: 1843 | AE10: 0 | AF10: 0 | AG10: 0 | AH10: 0 | AI10: 0 | AJ10: 0 | AK10: 0 | AL10: 3435 | AM10: 548 | AN10: 0 | AO10: 0 | AP10: 0 | AQ10: 0 | AR10: 566 | AS10: 0 | AT10: 0 | AU10: 0 | AV10: 0 | AW10: 32482
A11: Personal care workers in health service | B11: 0 | C11: 0 | D11: 0 | E11: 0 | F11: 0 | G11: 0 | H11: 0 | I11: 0 | J11: 0 | K11: 0 | L11: 0 | M11: 0 | N11: 0 | O11: 0 | P11: 0 | Q11: 0 | R11: 0 | S11: 0 | T11: 0 | U11: 0 | V11: 0 | W11: 0 | X11: 0 | Y11: 0 | Z11: 0 | AA11: 0 | AB11: 0 | AC11: 0 | AD11: 0 | AE11: 0 | AF11: 0 | AG11: 0 | AH11: 0 | AI11: 0 | AJ11: 0 | AK11: 0 | AL11: 0 | AM11: 0 | AN11: 0 | AO11: 0 | AP11: 0 | AQ11: 3474 | AR11: 0 | AS11: 0 | AT11: 0 | AU11: 0 | AV11: 607 | AW11: 4081
A12: Managerial staff | AB12: 2466 | AV12: 451 | AW12: 2917
A13: Medical and dental Prosthetic Technicians | B13: 0 | C13: 0 | D13: 15 | E13: 3 | F13: 0 | G13: 0 | H13: 0 | I13: 0 | J13: 0 | K13: 0 | L13: 0 | M13: 0 | N13: 521 | O13: 0 | P13: 0 | Q13: 46 | R13: 167 | S13: 0 | T13: 0 | U13: 0 | V13: 0 | W13: 0 | X13: 0 | Y13: 0 | Z13: 0 | AA13: 0 | AB13: 29 | AC13: 0 | AD13: 0 | AE13: 0 | AF13: 0 | AG13: 0 | AH13: 0 | AI13: 0 | AJ13: 0 | AK13: 0 | AL13: 0 | AM13: 0 | AN13: 0 | AO13: 0 | AP13: 0 | AQ13: 64 | AR13: 0 | AS13: 0 | AT13: 3330 | AU13: 0 | AV13: 0 | AW13: 4175
A14: Medical and Pathology Laboratory scientists | C14: 1073 | E14: 699 | AJ14: 37 | AQ14: 454 | AT14: 5267 | AW14: 7530
A15: Medical Assistants | Q15: 18 | R15: 240 | AW15: 258
A16: Medical Imaging and Therapeutic Equipment Technicians | Q16: 93 | AB16: 290 | AQ16: 151 | AT16: 8681 | AV16: 417 | AW16: 9632
A17: Medical Records and Health Information Technicians | Q17: 32 | AV17: 605 | AW17: 637
A18: Optometrists and Ophthalmic Opticians | E18: 3 | Q18: 5 | R18: 133 | AB18: 147 | AQ18: 6 | AT18: 3790 | AV18: 20 | AW18: 4104
A19: Other non-medical professional staff | C19: 2946 | AB19: 34992 | AQ19: 1364 | AV19: 1733 | AW19: 41035
A20: Other non-medical support staff | C20: 9003 | AB20: 26735 | AQ20: 1806 | AW20: 37544
A21: Medical and Pathology Laboratory Technicians | Q21: 442 | AB21: 1958 | AI21: 1990 | AQ21: 201 | AT21: 5525 | AV21: 781 | AW21: 10897
A22: Paramedical Practitioners | Q22: 58 | AB22: 6281 | AQ22: 945 | AT22: 8919 | AV22: 174 | AW22: 16377
A23: Physiotherapists and physiotherapy assistants | B23: 0 | C23: 0 | D23: 0 | E23: 18 | F23: 0 | G23: 0 | H23: 0 | I23: 0 | J23: 0 | K23: 0 | L23: 0 | M23: 0 | N23: 0 | O23: 0 | P23: 0 | Q23: 43 | R23: 324 | S23: 0 | T23: 0 | U23: 0 | V23: 0 | W23: 0 | X23: 0 | Y23: 0 | Z23: 0 | AA23: 0 | AB23: 377 | AC23: 0 | AD23: 0 | AE23: 0 | AF23: 0 | AG23: 0 | AH23: 0 | AI23: 182 | AJ23: 0 | AK23: 0 | AL23: 0 | AM23: 0 | AN23: 0 | AO23: 0 | AP23: 0 | AQ23: 174 | AR23: 0 | AS23: 0 | AT23: 7704 | AU23: 0 | AV23: 503 | AW23: 9325
A24: Social workers | B24: 0 | C24: 0 | D24: 0 | E24: 0 | F24: 0 | G24: 0 | H24: 0 | I24: 0 | J24: 0 | K24: 0 | L24: 0 | M24: 0 | N24: 0 | O24: 0 | P24: 0 | Q24: 0 | R24: 0 | S24: 0 | T24: 0 | U24: 0 | V24: 0 | W24: 0 | X24: 0 | Y24: 0 | Z24: 0 | AA24: 0 | AB24: 287 | AC24: 0 | AD24: 0 | AE24: 0 | AF24: 0 | AG24: 0 | AH24: 0 | AI24: 0 | AJ24: 0 | AK24: 0 | AL24: 0 | AM24: 0 | AN24: 0 | AO24: 0 | AP24: 0 | AQ24: 62 | AR24: 0 | AS24: 0 | AT24: 27694 | AU24: 0 | AV24: 0 | AW24: 28043
A25: Audiologists and Speech Therapists | Q25: 2 | AB25: 2 | AQ25: 21 | AT25: 3323 | AW25: 3348
A26: Traditional and complementary medicine practitioners | B26: 0 | C26: 0 | D26: 0 | E26: 336 | F26: 0 | G26: 0 | H26: 0 | I26: 0 | J26: 0 | K26: 0 | L26: 0 | M26: 0 | N26: 0 | O26: 0 | P26: 0 | Q26: 99 | R26: 0 | S26: 0 | T26: 0 | U26: 0 | V26: 0 | W26: 0 | X26: 0 | Y26: 0 | Z26: 0 | AA26: 0 | AB26: 0 | AC26: 0 | AD26: 0 | AE26: 0 | AF26: 0 | AG26: 0 | AH26: 0 | AI26: 0 | AJ26: 0 | AK26: 0 | AL26: 0 | AM26: 0 | AN26: 0 | AO26: 0 | AP26: 0 | AQ26: 0 | AR26: 0 | AS26: 0 | AT26: 49732 | AU26: 0 | AV26: 596 | AW26: 50763
B29: Country | C29: Pop 2012 | D29: Cadre | E29: 2012
B30: =B1 -> AGO | C30: =B2 -> 30208628 | D30: =A3 -> Medical Doctors | E30: =B3 -> 12800
D31: =A4 -> Nursing Personnel | E31: =B4 -> 0
D32: =A5 -> Midwifery personnel | E32: =B5 -> 0
D33: =A6 -> Pharmacists | E33: =B6 -> 0
D34: =A7 -> Dentists | E34: =B7 -> 0
D35: =A8 -> Community Health Workers | E35: =B8 -> 0
D36: =A9 -> Dieticians and nutritionists | E36: =B9 -> 0
D37: =A10 -> Environmental and occupational health & hygiene workers | E37: =B10 -> 0
D38: =A11 -> Personal care workers in health service | E38: =B11 -> 0
D39: =A12 -> Managerial staff | E39: =B12 -> 0
D40: =A13 -> Medical and dental Prosthetic Technicians | E40: =B13 -> 0
D41: =A14 -> Medical and Pathology Laboratory scientists | E41: =B14 -> 0
D42: =A15 -> Medical Assistants | E42: =B15 -> 0
... D53: =A26 -> Traditional and complementary medicine practitioners | E53: =B26 -> 0
B54: =C1 -> BDI | C54: =C2 -> 11155593 | D54: =D30 -> Medical Doctors | E54: =C3 -> 0
D55: =D31 -> Nursing Personnel | E55: =C4 -> 18142
D56: =D32 -> Midwifery personnel | E56: =C5 -> 320
D57: =D33 -> Pharmacists | E57: =C6 -> 944
D58: =D34 -> Dentists | E58: =C7 -> 373
D59: =D35 -> Community Health Workers | E59: =C8 -> 0
D60: =D36 -> Dieticians and nutritionists | E60: =C9 -> 0
D61: =D37 -> Environmental and occupational health & hygiene workers | E61: =C10 -> 0
D62: =D38 -> Personal care workers in health service | E62: =C11 -> 0
D63: =D39 -> Managerial staff | E63: =C12 -> 0
D64: =D40 -> Medical and dental Prosthetic Technicians | E64: =C13 -> 0
D65: =D41 -> Medical and Pathology Laboratory scientists | E65: =C14 -> 1073
D66: =D42 -> Medical Assistants | E66: =C15 -> 0
... D77: =D53 -> Traditional and complementary medicine practitioners | E77: =C26 -> 0
B78: =D1 -> BEN | C78: =D2 -> 11596778 | D78: =D54 -> Medical Doctors | E78: =D3 -> 0
D79: =D55 -> Nursing Personnel | E79: =D4 -> 0
D80: =D56 -> Midwifery personnel | E80: =D5 -> 0
D81: =D57 -> Pharmacists | E81: =D6 -> 0
D82: =D58 -> Dentists | E82: =D7 -> 0
D83: =D59 -> Community Health Workers | E83: =D8 -> 0
D84: =D60 -> Dieticians and nutritionists | E84: =D9 -> 0
D85: =D61 -> Environmental and occupational health & hygiene workers | E85: =D10 -> 0
D86: =D62 -> Personal care workers in health service | E86: =D11 -> 0
D87: =D63 -> Managerial staff | E87: =D12 -> 0
D88: =D64 -> Medical and dental Prosthetic Technicians | E88: =D13 -> 15
D89: =D65 -> Medical and Pathology Laboratory scientists | E89: =D14 -> 0
D90: =D66 -> Medical Assistants | E90: =D15 -> 0
... D101: =D77 -> Traditional and complementary medicine practitioners | E101: =D26 -> 0
B102: =E1 -> BFA | C102: =E2 -> 19835859 | D102: =D78 -> Medical Doctors | E102: =E3 -> 3990
D103: =D79 -> Nursing Personnel | E103: =E4 -> 20752
D104: =D80 -> Midwifery personnel | E104: =E5 -> 13138
D105: =D81 -> Pharmacists | E105: =E6 -> 20603
D106: =D82 -> Dentists | E106: =E7 -> 5048
D107: =D83 -> Community Health Workers | E107: =E8 -> 2749
D108: =D84 -> Dieticians and nutritionists | E108: =E9 -> 0
D109: =D85 -> Environmental and occupational health & hygiene workers | E109: =E10 -> 20392
D110: =D86 -> Personal care workers in health service | E110: =E11 -> 0
D111: =D87 -> Managerial staff | E111: =E12 -> 0
D112: =D88 -> Medical and dental Prosthetic Technicians | E112: =E13 -> 3
D113: =D89 -> Medical and Pathology Laboratory scientists | E113: =E14 -> 699
D114: =D90 -> Medical Assistants | E114: =E15 -> 0
... D125: =D101 -> Traditional and complementary medicine practitioners | E125: =E26 -> 336
B126: =F1 -> BWA | C126: =F2 -> 2401840 | D126: =D102 -> Medical Doctors | E126: =F3 -> 0
D127: =D103 -> Nursing Personnel | E127: =F4 -> 0
D128: =D104 -> Midwifery personnel | E128: =F5 -> 0
D129: =D105 -> Pharmacists | E129: =F6 -> 74
D130: =D106 -> Dentists | E130: =F7 -> 118
D131: =D107 -> Community Health Workers | E131: =F8 -> 0
D132: =D108 -> Dieticians and nutritionists | E132: =F9 -> 0
D133: =D109 -> Environmental and occupational health & hygiene workers | E133: =F10 -> 0
D134: =D110 -> Personal care workers in health service | E134: =F11 -> 0
D135: =D111 -> Managerial staff | E135: =F12 -> 0
D136: =D112 -> Medical and dental Prosthetic Technicians | E136: =F13 -> 0
D137: =D113 -> Medical and Pathology Laboratory scientists | E137: =F14 -> 0
D138: =D114 -> Medical Assistants | E138: =F15 -> 0
... D149: =D125 -> Traditional and complementary medicine practitioners | E149: =F26 -> 0
B150: =G1 -> CAF | C150: =G2 -> 4996741 | D150: =D126 -> Medical Doctors | E150: =G3 -> 0
D151: =D127 -> Nursing Personnel | E151: =G4 -> 0
D152: =D128 -> Midwifery personnel | E152: =G5 -> 0
...

Sheet 2018
A1: Row Labels | B1: AGO | C1: BDI | D1: BEN | E1: BFA | F1: BWA | G1: CAF | H1: CIV | I1: CMR | J1: COD | K1: COG | L1: COM | M1: CPV | N1: DZA | O1: ERI | P1: ETH | Q1: GAB | R1: GHA | S1: GIN | T1: GMB | U1: GNB | V1: GNQ | W1: KEN | X1: LBR | Y1: LSO | Z1: MDG | AA1: MLI | AB1: MOZ | AC1: MRT | AD1: MUS | AE1: MWI | AF1: NAM | AG1: NER | AH1: NGA | AI1: RWA | AJ1: SEN | AK1: SLE | AL1: SSD | AM1: STP | AN1: SWZ | AO1: SYC | AP1: TCD | AQ1: TGO | AR1: TZA | AS1: UGA | AT1: ZAF | AU1: ZMB | AV1: ZWE | AW1: Grand Total
A2: Population UN 1 | B2: 31273533 | C2: 11493472 | D2: 11940683 | E2: 20392723 | F2: 2451408.5 | G2: 5094780 | H2: 25493988 | I2: 25076747 | J2: 87087355 | K2: 5441062 | L2: 776313.5 | M2: 571201.5 | N2: 41927007 | O2: 3445374.5 | P2: 1.1112944e+08 | Q2: 2192011.5 | R2: 30870640 | S2: 12554864 | T2: 2444915.5 | U2: 1924954.5 | V2: 1502091.5 | W2: 49953304 | X2: 4889391 | Y2: 2198017 | Z2: 26846541 | AA2: 19934298 | AB2: 29423878 | AC2: 4270711.5 | AD2: 1295381.5 | AE2: 18367883 | AF2: 2405680.5 | AG2: 22577058 | AH2: 1.9838762e+08 | AI2: 12531807 | AJ2: 15574909 | AK2: 7861281 | AL2: 10395330 | AM2: 211344 | AN2: 1160427.5 | AO2: 103101 | AP2: 15604210 | AQ2: 8046679 | AR2: 58090443 | AS2: 41515395 | AT2: 57339635 | AU2: 17835893 | AV2: 15052184 | AW2: 1076956971
A3: Medical Doctors | B3: 13186 | C3: 45 | D3: 2300 | E3: 3368 | F3: 1850 | G3: 670 | H3: 11204 | I3: 6518 | J3: 0 | K3: 1088 | L3: 440 | M3: 916 | N3: 185038 | O3: 639 | P3: 17026 | Q3: 2736 | R3: 8812 | S3: 5574 | T3: 596 | U3: 1181 | V3: 0 | W3: 20964 | X3: 1407 | Y3: 1996 | Z3: 0 | AA3: 5155 | AB3: 5147 | AC3: 1700 | AD3: 4790 | AE3: 5520 | AF3: 1726 | AG3: 1745 | AH3: 149976 | AI3: 3296 | AJ3: 0 | AK3: 1132 | AL3: 822 | AM3: 0 | AN3: 556 | AO3: 537 | AP3: 1606 | AQ3: 1633 | AR3: 5770 | AS3: 0 | AT3: 87006 | AU3: 8042 | AV3: 6665 | AW3: 580378
A4: Nursing Personnel | B4: 25108 | C4: 18312 | D4: 6820 | E4: 0 | F4: 15290 | G4: 2390 | H4: 30326 | I4: 18312 | J4: 186652 | K4: 10162 | L4: 1358 | M4: 1412 | N4: 112822 | O4: 9942 | P4: 123544 | Q4: 12170 | R4: 250048 | S4: 14390 | T4: 2996 | U4: 1488 | V4: 0 | W4: 119802 | X4: 4526 | Y4: 13732 | Z4: 7666 | AA4: 11986 | AB4: 16306 | AC4: 8223 | AD4: 9972 | AE4: 15914 | AF4: 10614 | AG4: 8251 | AH4: 220210 | AI4: 26690 | AJ4: 0 | AK4: 11514 | AL4: 7452 | AM4: 812 | AN4: 9412 | AO4: 2223 | AP4: 9598 | AQ4: 3902 | AR4: 63880 | AS4: 105814 | AT4: 141104 | AU4: 41492 | AV4: 67752 | AW4: 1782389
A5: Midwifery personnel | B5: 0 | C5: 0 | D5: 2110 | E5: 0 | F5: 0 | G5: 0 | H5: 0 | I5: 0 | J5: 0 | K5: 0 | L5: 968 | M5: 0 | N5: 17896 | O5: 0 | P5: 32318 | Q5: 0 | R5: 20978 | S5: 0 | T5: 0 | U5: 0 | V5: 0 | W5: 0 | X5: 1784 | Y5: 0 | Z5: 7988 | AA5: 6470 | AB5: 12042 | AC5: 1342 | AD5: 0 | AE5: 0 | AF5: 10 | AG5: 1812 | AH5: 142474 | AI5: 2942 | AJ5: 0 | AK5: 0 | AL5: 0 | AM5: 0 | AN5: 0 | AO5: 316 | AP5: 0 | AQ5: 2570 | AR5: 0 | AS5: 0 | AT5: 0 | AU5: 4274 | AV5: 0 | AW5: 258294
A6: Pharmacists | B6: 260 | C6: 0 | D6: 281 | E6: 401 | F6: 0 | G6: 483 | H6: 2646 | I6: 30461 | J6: 47 | K6: 0 | L6: 0 | M6: 2168 | N6: 0 | O6: 0 | P6: 995 | Q6: 596 | R6: 0 | S6: 0 | T6: 157 | U6: 0 | V6: 621 | W6: 0 | X6: 0 | Y6: 0 | Z6: 0 | AA6: 0 | AB6: 0 | AC6: 0 | AD6: 0 | AE6: 570 | AF6: 0 | AG6: 2100 | AH6: 105 | AI6: 497 | AJ6: 45 | AK6: 0 | AL6: 0 | AM6: 1721 | AN6: 921 | AO6: 0 | AP6: 14 | AQ6: 0 | AR6: 378 | AS6: 0 | AT6: 0 | AU6: 0 | AV6: 0 | AW6: 45467
A7: Dentists | B7: 134 | C7: 0 | D7: 0 | E7: 111 | F7: 33 | G7: 21 | H7: 593 | I7: 23627 | J7: 24 | K7: 0 | L7: 0 | M7: 570 | N7: 0 | O7: 0 | P7: 268 | Q7: 6 | R7: 0 | S7: 0 | T7: 27 | U7: 0 | V7: 112 | W7: 0 | X7: 0 | Y7: 0 | Z7: 0 | AA7: 0 | AB7: 0 | AC7: 12751 | AD7: 0 | AE7: 916 | AF7: 0 | AG7: 0 | AH7: 0 | AI7: 380 | AJ7: 276 | AK7: 0 | AL7: 0 | AM7: 0 | AN7: 275 | AO7: 0 | AP7: 0 | AQ7: 0 | AR7: 233 | AS7: 0 | AT7: 0 | AU7: 0 | AV7: 0 | AW7: 40357
A8: Community Health Workers | B8: 1680 | C8: 11845 | G8: 115 | H8: 14556 | M8: 117 | O8: 243 | P8: 37259 | R8: 15820 | S8: 16567 | T8: 1553 | U8: 3481 | W8: 58079 | X8: 3391 | Y8: 14508 | Z8: 35000 | AA8: 1152 | AB8: 4787 | AD8: 180 | AE8: 10016 | AF8: 2292 | AH8: 116454 | AI8: 45000 | AJ8: 17417 | AL8: 1455 | AN8: 6324 | AQ8: 7086 | AT8: 54180 | AU8: 1283 | AV8: 15888 | AW8: 497728
A9: Dieticians and nutritionists | B9: 4 | C9: 0 | D9: 8 | E9: 0 | F9: 0 | G9: 77 | H9: 745 | I9: 0 | J9: 119 | K9: 0 | L9: 0 | M9: 0 | N9: 0 | O9: 0 | P9: 1385 | Q9: 0 | R9: 0 | S9: 0 | T9: 0 | U9: 0 | V9: 0 | W9: 0 | X9: 0 | Y9: 0 | Z9: 0 | AA9: 0 | AB9: 0 | AC9: 4038 | AD9: 0 | AE9: 0 | AF9: 0 | AG9: 0 | AH9: 7 | AI9: 0 | AJ9: 0 | AK9: 0 | AL9: 0 | AM9: 0 | AN9: 31 | AO9: 0 | AP9: 0 | AQ9: 0 | AR9: 855 | AS9: 0 | AT9: 0 | AU9: 0 | AV9: 0 | AW9: 7269
A10: Environmental and occupational health & hygiene workers | B10: 411 | C10: 0 | D10: 429 | E10: 157 | F10: 0 | G10: 0 | H10: 0 | I10: 0 | J10: 136 | K10: 0 | L10: 0 | M10: 3207 | N10: 0 | O10: 0 | P10: 665 | Q10: 0 | R10: 0 | S10: 0 | T10: 0 | U10: 0 | V10: 0 | W10: 0 | X10: 0 | Y10: 0 | Z10: 0 | AA10: 0 | AB10: 0 | AC10: 4745 | AD10: 0 | AE10: 0 | AF10: 0 | AG10: 0 | AH10: 0 | AI10: 0 | AJ10: 1925 | AK10: 0 | AL10: 0 | AM10: 0 | AN10: 275 | AO10: 0 | AP10: 0 | AQ10: 0 | AR10: 1905 | AS10: 0 | AT10: 0 | AU10: 0 | AV10: 0 | AW10: 13855
A11: Personal care workers in health service | B11: 0 | C11: 0 | D11: 0 | E11: 0 | F11: 1563 | G11: 0 | H11: 0 | I11: 0 | J11: 0 | K11: 0 | L11: 0 | M11: 0 | N11: 42507 | O11: 0 | P11: 0 | Q11: 0 | R11: 0 | S11: 0 | T11: 0 | U11: 0 | V11: 0 | W11: 0 | X11: 0 | Y11: 0 | Z11: 0 | AA11: 0 | AB11: 0 | AC11: 0 | AD11: 0 | AE11: 0 | AF11: 0 | AG11: 95 | AH11: 0 | AI11: 0 | AJ11: 0 | AK11: 0 | AL11: 0 | AM11: 0 | AN11: 0 | AO11: 0 | AP11: 0 | AQ11: 3903 | AR11: 0 | AS11: 0 | AT11: 0 | AU11: 119 | AV11: 2021 | AW11: 50208
A12: Managerial staff | F12: 156 | N12: 900 | U12: 0 | AA12: 13 | AV12: 414 | AW12: 1483
A13: Medical and dental Prosthetic Technicians | B13: 0 | C13: 0 | D13: 0 | E13: 2 | F13: 27 | G13: 1 | H13: 0 | I13: 0 | J13: 0 | K13: 0 | L13: 0 | M13: 0 | N13: 836 | O13: 0 | P13: 0 | Q13: 0 | R13: 0 | S13: 0 | T13: 7 | U13: 0 | V13: 0 | W13: 0 | X13: 0 | Y13: 0 | Z13: 0 | AA13: 15 | AB13: 304 | AC13: 0 | AD13: 0 | AE13: 0 | AF13: 0 | AG13: 0 | AH13: 6165 | AI13: 0 | AJ13: 0 | AK13: 0 | AL13: 2 | AM13: 0 | AN13: 0 | AO13: 0 | AP13: 0 | AQ13: 55 | AR13: 89 | AS13: 0 | AT13: 0 | AU13: 0 | AV13: 40 | AW13: 7543
A14: Medical and Pathology Laboratory scientists | B14: 98 | C14: 1071 | D14: 668 | E14: 648 | F14: 160 | G14: 112 | I14: 241 | J14: 2934 | K14: 320 | M14: 65 | N14: 136 | O14: 549 | P14: 10450 | Q14: 439 | R14: 1563 | S14: 181 | T14: 138 | U14: 53 | V14: 2 | Y14: 205 | Z14: 306 | AD14: 291 | AE14: 542 | AG14: 432 | AH14: 26677 | AI14: 1990 | AJ14: 328 | AK14: 311 | AL14: 272 | AN14: 370 | AO14: 71 | AP14: 749 | AQ14: 460 | AR14: 4361 | AS14: 3874 | AT14: 5455 | AU14: 18 | AV14: 644 | AW14: 67184
A15: Medical Assistants | F15: 63 | N15: 2148 | U15: 0 | AA15: 1022 | AF15: 3 | AG15: 439 | AV15: 164 | AW15: 3839
A16: Medical Imaging and Therapeutic Equipment Technicians | D16: 137 | F16: 134 | N16: 6245 | U16: 17 | W16: 430 | AH16: 2578 | AI16: 152 | AQ16: 148 | AT16: 8878 | AU16: 761 | AV16: 480 | AW16: 19960
A17: Medical Records and Health Information Technicians | F17: 73 | U17: 1 | W17: 714 | AU17: 67 | AV17: 703 | AW17: 1558
A18: Optometrists and Ophthalmic Opticians | F18: 5 | N18: 1533 | U18: 1 | AB18: 150 | AF18: 84 | AH18: 4626 | AI18: 13 | AQ18: 5 | AT18: 3848 | AU18: 16 | AV18: 20 | AW18: 10301
A19: Other non-medical professional staff | F19: 1248 | N19: 6184 | U19: 0 | AQ19: 1353 | AW19: 8785
A20: Other non-medical support staff | F20: 3342 | N20: 75033 | U20: 0 | AG20: 249 | AQ20: 1554 | AW20: 80178
A21: Medical and Pathology Laboratory Technicians | F21: 318 | L21: 8 | N21: 15238 | U21: 0 | AF21: 140 | AH21: 29246 | AQ21: 183 | AT21: 5731 | AU21: 1712 | AV21: 1126 | AW21: 53702
A22: Paramedical Practitioners | D22: 5086 | F22: 10 | N22: 365 | U22: 0 | W22: 21942 | AF22: 52 | AQ22: 978 | AU22: 3616 | AW22: 32049
A23: Physiotherapists and physiotherapy assistants | B23: 0 | C23: 0 | D23: 58 | E23: 0 | F23: 42 | G23: 0 | H23: 0 | I23: 0 | J23: 0 | K23: 0 | L23: 0 | M23: 0 | N23: 1971 | O23: 0 | P23: 0 | Q23: 0 | R23: 0 | S23: 0 | T23: 0 | U23: 15 | V23: 0 | W23: 0 | X23: 0 | Y23: 0 | Z23: 0 | AA23: 0 | AB23: 362 | AC23: 0 | AD23: 0 | AE23: 0 | AF23: 118 | AG23: 0 | AH23: 5153 | AI23: 225 | AJ23: 0 | AK23: 0 | AL23: 0 | AM23: 0 | AN23: 0 | AO23: 0 | AP23: 0 | AQ23: 160 | AR23: 0 | AS23: 0 | AT23: 7922 | AU23: 739 | AV23: 688 | AW23: 17453
A24: Social workers | B24: 0 | C24: 0 | D24: 102 | E24: 0 | F24: 0 | G24: 0 | H24: 0 | I24: 0 | J24: 0 | K24: 0 | L24: 0 | M24: 0 | N24: 0 | O24: 0 | P24: 0 | Q24: 0 | R24: 0 | S24: 0 | T24: 0 | U24: 53 | V24: 0 | W24: 0 | X24: 0 | Y24: 0 | Z24: 0 | AA24: 0 | AB24: 338 | AC24: 0 | AD24: 0 | AE24: 0 | AF24: 0 | AG24: 0 | AH24: 0 | AI24: 0 | AJ24: 0 | AK24: 0 | AL24: 0 | AM24: 0 | AN24: 0 | AO24: 0 | AP24: 0 | AQ24: 62 | AR24: 0 | AS24: 0 | AT24: 0 | AU24: 0 | AV24: 12 | AW24: 567
A25: Audiologists and Speech Therapists | F25: 9 | U25: 0 | AB25: 3 | AH25: 56 | AQ25: 25 | AT25: 3512 | AW25: 3605
A26: Traditional and complementary medicine practitioners | B26: 0 | C26: 0 | D26: 0 | E26: 0 | F26: 0 | G26: 0 | H26: 0 | I26: 0 | J26: 0 | K26: 0 | L26: 0 | M26: 0 | N26: 0 | O26: 0 | P26: 0 | Q26: 0 | R26: 0 | S26: 0 | T26: 0 | U26: 0 | V26: 0 | W26: 0 | X26: 0 | Y26: 0 | Z26: 0 | AA26: 0 | AB26: 0 | AC26: 0 | AD26: 0 | AE26: 0 | AF26: 0 | AG26: 0 | AH26: 0 | AI26: 0 | AJ26: 0 | AK26: 0 | AL26: 0 | AM26: 0 | AN26: 0 | AO26: 0 | AP26: 0 | AQ26: 0 | AR26: 0 | AS26: 0 | AT26: 0 | AU26: 0 | AV26: 1215 | AW26: 1215
B29: Country | C29: Pop 2012 | D29: Cadre | E29: 2012
B30: =B1 -> AGO | C30: =B2 -> 31273533 | D30: =A3 -> Medical Doctors | E30: =B3 -> 13186
D31: =A4 -> Nursing Personnel | E31: =B4 -> 25108
D32: =A5 -> Midwifery personnel | E32: =B5 -> 0
D33: =A6 -> Pharmacists | E33: =B6 -> 260
D34: =A7 -> Dentists | E34: =B7 -> 134
D35: =A8 -> Community Health Workers | E35: =B8 -> 1680
D36: =A9 -> Dieticians and nutritionists | E36: =B9 -> 4
D37: =A10 -> Environmental and occupational health & hygiene workers | E37: =B10 -> 411
D38: =A11 -> Personal care workers in health service | E38: =B11 -> 0
D39: =A12 -> Managerial staff | E39: =B12 -> 0
D40: =A13 -> Medical and dental Prosthetic Technicians | E40: =B13 -> 0
D41: =A14 -> Medical and Pathology Laboratory scientists | E41: =B14 -> 98
D42: =A15 -> Medical Assistants | E42: =B15 -> 0
... D53: =A26 -> Traditional and complementary medicine practitioners | E53: =B26 -> 0
B54: =C1 -> BDI | C54: =C2 -> 11493472 | D54: =D30 -> Medical Doctors | E54: =C3 -> 45
D55: =D31 -> Nursing Personnel | E55: =C4 -> 18312
D56: =D32 -> Midwifery personnel | E56: =C5 -> 0
D57: =D33 -> Pharmacists | E57: =C6 -> 0
D58: =D34 -> Dentists | E58: =C7 -> 0
D59: =D35 -> Community Health Workers | E59: =C8 -> 11845
D60: =D36 -> Dieticians and nutritionists | E60: =C9 -> 0
D61: =D37 -> Environmental and occupational health & hygiene workers | E61: =C10 -> 0
D62: =D38 -> Personal care workers in health service | E62: =C11 -> 0
D63: =D39 -> Managerial staff | E63: =C12 -> 0
D64: =D40 -> Medical and dental Prosthetic Technicians | E64: =C13 -> 0
D65: =D41 -> Medical and Pathology Laboratory scientists | E65: =C14 -> 1071
D66: =D42 -> Medical Assistants | E66: =C15 -> 0
... D77: =D53 -> Traditional and complementary medicine practitioners | E77: =C26 -> 0
B78: =D1 -> BEN | C78: =D2 -> 11940683 | D78: =D54 -> Medical Doctors | E78: =D3 -> 2300
D79: =D55 -> Nursing Personnel | E79: =D4 -> 6820
D80: =D56 -> Midwifery personnel | E80: =D5 -> 2110
D81: =D57 -> Pharmacists | E81: =D6 -> 281
D82: =D58 -> Dentists | E82: =D7 -> 0
D83: =D59 -> Community Health Workers | E83: =D8 -> 0
D84: =D60 -> Dieticians and nutritionists | E84: =D9 -> 8
D85: =D61 -> Environmental and occupational health & hygiene workers | E85: =D10 -> 429
D86: =D62 -> Personal care workers in health service | E86: =D11 -> 0
D87: =D63 -> Managerial staff | E87: =D12 -> 0
D88: =D64 -> Medical and dental Prosthetic Technicians | E88: =D13 -> 0
D89: =D65 -> Medical and Pathology Laboratory scientists | E89: =D14 -> 668
D90: =D66 -> Medical Assistants | E90: =D15 -> 0
... D101: =D77 -> Traditional and complementary medicine practitioners | E101: =D26 -> 0
B102: =E1 -> BFA | C102: =E2 -> 20392723 | D102: =D78 -> Medical Doctors | E102: =E3 -> 3368
D103: =D79 -> Nursing Personnel | E103: =E4 -> 0
D104: =D80 -> Midwifery personnel | E104: =E5 -> 0
D105: =D81 -> Pharmacists | E105: =E6 -> 401
D106: =D82 -> Dentists | E106: =E7 -> 111
D107: =D83 -> Community Health Workers | E107: =E8 -> 0
D108: =D84 -> Dieticians and nutritionists | E108: =E9 -> 0
D109: =D85 -> Environmental and occupational health & hygiene workers | E109: =E10 -> 157
D110: =D86 -> Personal care workers in health service | E110: =E11 -> 0
D111: =D87 -> Managerial staff | E111: =E12 -> 0
D112: =D88 -> Medical and dental Prosthetic Technicians | E112: =E13 -> 2
D113: =D89 -> Medical and Pathology Laboratory scientists | E113: =E14 -> 648
D114: =D90 -> Medical Assistants | E114: =E15 -> 0
... D125: =D101 -> Traditional and complementary medicine practitioners | E125: =E26 -> 0
B126: =F1 -> BWA | C126: =F2 -> 2451408.5 | D126: =D102 -> Medical Doctors | E126: =F3 -> 1850
D127: =D103 -> Nursing Personnel | E127: =F4 -> 15290
D128: =D104 -> Midwifery personnel | E128: =F5 -> 0
D129: =D105 -> Pharmacists | E129: =F6 -> 0
D130: =D106 -> Dentists | E130: =F7 -> 33
D131: =D107 -> Community Health Workers | E131: =F8 -> 0
D132: =D108 -> Dieticians and nutritionists | E132: =F9 -> 0
D133: =D109 -> Environmental and occupational health & hygiene workers | E133: =F10 -> 0
D134: =D110 -> Personal care workers in health service | E134: =F11 -> 1563
D135: =D111 -> Managerial staff | E135: =F12 -> 156
D136: =D112 -> Medical and dental Prosthetic Technicians | E136: =F13 -> 27
D137: =D113 -> Medical and Pathology Laboratory scientists | E137: =F14 -> 160
D138: =D114 -> Medical Assistants | E138: =F15 -> 63
... D149: =D125 -> Traditional and complementary medicine practitioners | E149: =F26 -> 0
B150: =G1 -> CAF | C150: =G2 -> 5094780 | D150: =D126 -> Medical Doctors | E150: =G3 -> 670
D151: =D127 -> Nursing Personnel | E151: =G4 -> 2390
D152: =D128 -> Midwifery personnel | E152: =G5 -> 0
...

Sheet 2019
A1: Row Labels | B1: AGO | C1: BDI | D1: BEN | E1: BFA | F1: BWA | G1: CAF | H1: CIV | I1: CMR | J1: COD | K1: COG | L1: COM | M1: CPV | N1: DZA | O1: ERI | P1: ETH | Q1: GAB | R1: GHA | S1: GIN | T1: GMB | U1: GNB | V1: GNQ | W1: KEN | X1: LBR | Y1: LSO | Z1: MDG | AA1: MLI | AB1: MOZ | AC1: MRT | AD1: MUS | AE1: MWI | AF1: NAM | AG1: NER | AH1: NGA | AI1: RWA | AJ1: SEN | AK1: SLE | AL1: SSD | AM1: STP | AN1: SWZ | AO1: SYC | AP1: TCD | AQ1: TGO | AR1: TZA | AS1: UGA | AT1: ZAF | AU1: ZMB | AV1: ZWE | AW1: Grand Total
A2: Population UN 1 | B2: 32353588 | C2: 11874838 | D2: 12290444 | E2: 20951639 | F2: 2499701.5 | G2: 5209324.5 | H2: 26147551 | I2: 25782341 | J2: 89906891 | K2: 5570732.5 | L2: 790986 | M2: 577030.5 | N2: 42705369 | O2: 3498818 | P2: 1.1412059e+08 | Q2: 2242785.5 | R2: 31522290 | S2: 12877538 | T2: 2508883.5 | U2: 1970456.5 | V2: 1553030.5 | W2: 50951450 | X2: 4985289 | Y2: 2225701.5 | Z2: 27533134 | AA2: 20567424 | AB2: 30285595 | AC2: 4383848.5 | AD2: 1296279 | AE2: 18867336 | AF2: 2446644.5 | AG2: 23443393 | AH2: 2.0330449e+08 | AI2: 12835028 | AJ2: 16000782 | AK2: 8046828.5 | AL2: 10447666 | AM2: 214599 | AN2: 1169613 | AO2: 104372.5 | AP2: 16126866 | AQ2: 8243094.5 | AR2: 59872579 | AS2: 42949080 | AT2: 58087055 | AU2: 18380477 | AV2: 15354608 | AW2: 1.1050781e+09
A3: Medical Doctors | B3: 0 | C3: 0 | D3: 1842 | E3: 5397 | F3: 1840 | G3: 0 | H3: 8346 | I3: 0 | J3: 30032 | K3: 0 | L3: 0 | M3: 0 | N3: 84280 | O3: 576 | P3: 11734 | Q3: 3587 | R3: 6634 | S3: 0 | T3: 457 | U3: 0 | V3: 0 | W3: 0 | X3: 1508 | Y3: 0 | Z3: 0 | AA3: 0 | AB3: 5993 | AC3: 1794 | AD3: 6580 | AE3: 0 | AF3: 1931 | AG3: 1776 | AH3: 159688 | AI3: 2984 | AJ3: 5952 | AK3: 538 | AL3: 747 | AM3: 213 | AN3: 0 | AO3: 479 | AP3: 1905 | AQ3: 1651 | AR3: 0 | AS3: 0 | AT3: 92786 | AU3: 8772 | AV3: 0 | AW3: 450022
A4: Nursing Personnel | B4: 0 | C4: 15036 | D4: 5340 | E4: 22728 | F4: 15526 | G4: 0 | H4: 22518 | I4: 0 | J4: 187928 | K4: 0 | L4: 0 | M4: 0 | N4: 8850 | O4: 0 | P4: 0 | Q4: 10179 | R4: 139578 | S4: 0 | T4: 1498 | U4: 0 | V4: 0 | W4: 0 | X4: 3956 | Y4: 0 | Z4: 0 | AA4: 0 | AB4: 16358 | AC4: 8738 | AD4: 0 | AE4: 0 | AF4: 11806 | AG4: 0 | AH4: 361418 | AI4: 20818 | AJ4: 14883 | AK4: 8622 | AL4: 7428 | AM4: 880 | AN4: 0 | AO4: 0 | AP4: 0 | AQ4: 4268 | AR4: 0 | AS4: 0 | AT4: 129276 | AU4: 46070 | AV4: 0 | AW4: 1063702
A5: Midwifery personnel | B5: 0 | C5: 248 | D5: 1810 | E5: 14954 | F5: 0 | G5: 0 | H5: 11202 | I5: 0 | J5: 6298 | K5: 0 | L5: 0 | M5: 0 | N5: 18140 | O5: 0 | P5: 0 | Q5: 1214 | R5: 25346 | S5: 0 | T5: 682 | U5: 0 | V5: 0 | W5: 0 | X5: 1534 | Y5: 0 | Z5: 0 | AA5: 0 | AB5: 12350 | AC5: 1864 | AD5: 0 | AE5: 0 | AF5: 10 | AG5: 0 | AH5: 241740 | AI5: 3122 | AJ5: 5312 | AK5: 4746 | AL5: 4760 | AM5: 44 | AN5: 0 | AO5: 0 | AP5: 1178 | AQ5: 3238 | AR5: 0 | AS5: 0 | AT5: 0 | AU5: 6446 | AV5: 0 | AW5: 366238
A6: Pharmacists | B6: 0 | C6: 83 | D6: 106 | E6: 85 | F6: 0 | G6: 1362 | H6: 814 | I6: 227 | J6: 3532 | K6: 0 | L6: 0 | M6: 0 | N6: 86 | O6: 0 | P6: 15498 | Q6: 0 | R6: 0 | S6: 0 | T6: 60 | U6: 0 | V6: 182 | W6: 11741 | X6: 235 | Y6: 0 | Z6: 0 | AA6: 170 | AB6: 0 | AC6: 0 | AD6: 14 | AE6: 107 | AF6: 0 | AG6: 0 | AH6: 0 | AI6: 194 | AJ6: 0 | AK6: 0 | AL6: 0 | AM6: 349 | AN6: 0 | AO6: 0 | AP6: 269 | AQ6: 0 | AR6: 0 | AS6: 2202 | AT6: 0 | AU6: 0 | AV6: 0 | AW6: 37316
A7: Dentists | B7: 0 | C7: 18 | D7: 32 | E7: 131 | F7: 84 | G7: 446 | H7: 160 | I7: 40 | J7: 1440 | K7: 0 | L7: 0 | M7: 577 | N7: 5 | O7: 0 | P7: 0 | Q7: 0 | R7: 0 | S7: 0 | T7: 30 | U7: 0 | V7: 83 | W7: 13262 | X7: 0 | Y7: 0 | Z7: 0 | AA7: 121 | AB7: 0 | AC7: 0 | AD7: 0 | AE7: 50 | AF7: 0 | AG7: 0 | AH7: 0 | AI7: 234 | AJ7: 0 | AK7: 0 | AL7: 0 | AM7: 78 | AN7: 0 | AO7: 0 | AP7: 3 | AQ7: 0 | AR7: 0 | AS7: 1045 | AT7: 0 | AU7: 0 | AV7: 0 | AW7: 17839
A8: Community Health Workers | E8: 2979 | Q8: 117 | T8: 0 | Z8: 38338 | AB8: 6632 | AH8: 116454 | AJ8: 1116 | AK8: 15000 | AL8: 850 | AS8: 179000 | AU8: 1846 | AW8: 362332
A9: Dieticians and nutritionists | B9: 0 | C9: 0 | D9: 0 | E9: 0 | F9: 0 | G9: 0 | H9: 29 | I9: 0 | J9: 0 | K9: 0 | L9: 0 | M9: 0 | N9: 7 | O9: 0 | P9: 0 | Q9: 0 | R9: 0 | S9: 0 | T9: 0 | U9: 0 | V9: 6 | W9: 3877 | X9: 0 | Y9: 0 | Z9: 0 | AA9: 0 | AB9: 0 | AC9: 0 | AD9: 1 | AE9: 0 | AF9: 0 | AG9: 0 | AH9: 0 | AI9: 0 | AJ9: 0 | AK9: 0 | AL9: 0 | AM9: 14 | AN9: 0 | AO9: 0 | AP9: 0 | AQ9: 0 | AR9: 0 | AS9: 0 | AT9: 0 | AU9: 0 | AV9: 0 | AW9: 3934
A10: Environmental and occupational health & hygiene workers | B10: 0 | C10: 149 | D10: 0 | E10: 0 | F10: 0 | G10: 0 | H10: 148 | I10: 0 | J10: 4362 | K10: 0 | L10: 0 | M10: 0 | N10: 20 | O10: 0 | P10: 0 | Q10: 0 | R10: 0 | S10: 363 | T10: 0 | U10: 0 | V10: 0 | W10: 3730 | X10: 0 | Y10: 0 | Z10: 0 | AA10: 146 | AB10: 0 | AC10: 0 | AD10: 311 | AE10: 0 | AF10: 0 | AG10: 0 | AH10: 0 | AI10: 0 | AJ10: 0 | AK10: 0 | AL10: 0 | AM10: 26 | AN10: 0 | AO10: 0 | AP10: 0 | AQ10: 0 | AR10: 0 | AS10: 0 | AT10: 0 | AU10: 0 | AV10: 0 | AW10: 9255
A11: Personal care workers in health service | B11: 0 | C11: 0 | D11: 0 | E11: 0 | F11: 1421 | G11: 0 | H11: 4168 | I11: 0 | J11: 0 | K11: 0 | L11: 0 | M11: 0 | N11: 0 | O11: 0 | P11: 0 | Q11: 40 | R11: 0 | S11: 0 | T11: 0 | U11: 0 | V11: 0 | W11: 0 | X11: 0 | Y11: 0 | Z11: 0 | AA11: 0 | AB11: 0 | AC11: 0 | AD11: 0 | AE11: 0 | AF11: 0 | AG11: 0 | AH11: 0 | AI11: 0 | AJ11: 15422 | AK11: 0 | AL11: 5870 | AM11: 0 | AN11: 0 | AO11: 0 | AP11: 208 | AQ11: 3845 | AR11: 0 | AS11: 0 | AT11: 0 | AU11: 0 | AV11: 0 | AW11: 30974
A12: Managerial staff | F12: 131 | J12: 3342 | Q12: 344 | T12: 246 | AB12: 2789 | AJ12: 686 | AK12: 93 | AP12: 109 | AW12: 7740
A13: Medical and dental Prosthetic Technicians | B13: 0 | C13: 0 | D13: 0 | E13: 143 | F13: 33 | G13: 0 | H13: 40 | I13: 0 | J13: 0 | K13: 0 | L13: 0 | M13: 20 | N13: 0 | O13: 0 | P13: 0 | Q13: 9 | R13: 0 | S13: 0 | T13: 95 | U13: 0 | V13: 0 | W13: 468 | X13: 0 | Y13: 6 | Z13: 12 | AA13: 0 | AB13: 54 | AC13: 0 | AD13: 15 | AE13: 0 | AF13: 137 | AG13: 0 | AH13: 7 | AI13: 0 | AJ13: 22 | AK13: 25 | AL13: 0 | AM13: 0 | AN13: 3 | AO13: 14 | AP13: 0 | AQ13: 16 | AR13: 0 | AS13: 30 | AT13: 0 | AU13: 0 | AV13: 25 | AW13: 1174
A14: Medical and Pathology Laboratory scientists | E14: 800 | F14: 156 | Q14: 454 | T14: 22 | AB14: 2055 | AF14: 503 | AH14: 26677 | AJ14: 715 | AL14: 485 | AQ14: 518 | AT14: 9939 | AU14: 18 | AW14: 42342
A15: Medical Assistants | F15: 64 | Q15: 14 | T15: 0 | AF15: 3 | AJ15: 2112 | AW15: 2193
A16: Medical Imaging and Therapeutic Equipment Technicians | D16: 92 | E16: 191 | F16: 116 | Q16: 78 | T16: 149 | AB16: 315 | AF16: 291 | AH16: 369 | AJ16: 124 | AK16: 36 | AL16: 13 | AP16: 48 | AQ16: 139 | AU16: 929 | AW16: 2890
A17: Medical Records and Health Information Technicians | F17: 110 | Q17: 1 | T17: 0 | AH17: 27247 | AJ17: 123 | AK17: 64 | AL17: 850 | AW17: 28395
A18: Optometrists and Ophthalmic Opticians | F18: 3 | Q18: 9 | T18: 16 | AB18: 165 | AF18: 99 | AH18: 4429 | AJ18: 1 | AK18: 15 | AL18: 13 | AP18: 50 | AQ18: 4 | AT18: 3830 | AW18: 8634
A19: Other non-medical professional staff | E19: 22 | F19: 1376 | J19: 1939 | Q19: 942 | T19: 0 | AB19: 399 | AJ19: 3647 | AP19: 6 | AQ19: 1353 | AW19: 9684
A20: Other non-medical support staff | E20: 2079 | F20: 3956 | H20: 3470 | Q20: 2595 | T20: 0 | AB20: 16937 | AJ20: 1722 | AP20: 791 | AQ20: 1948 | AW20: 33498
A21: Medical and Pathology Laboratory Technicians | F21: 330 | Q21: 72 | T21: 0 | AH21: 29803 | AK21: 342 | AQ21: 195 | AU21: 2045 | AW21: 32787
A22: Paramedical Practitioners | F22: 10 | N22: 128823 | Q22: 703 | T22: 0 | AB22: 6665 | AF22: 53 | AJ22: 2352 | AK22: 319 | AL22: 580 | AQ22: 817 | AU22: 4562 | AW22: 144884
A23: Physiotherapists and physiotherapy assistants | B23: 0 | C23: 0 | D23: 0 | E23: 0 | F23: 38 | G23: 0 | H23: 0 | I23: 0 | J23: 496 | K23: 0 | L23: 0 | M23: 0 | N23: 0 | O23: 0 | P23: 0 | Q23: 43 | R23: 0 | S23: 0 | T23: 23 | U23: 0 | V23: 0 | W23: 0 | X23: 0 | Y23: 0 | Z23: 0 | AA23: 0 | AB23: 395 | AC23: 0 | AD23: 0 | AE23: 0 | AF23: 123 | AG23: 0 | AH23: 5089 | AI23: 0 | AJ23: 0 | AK23: 8 | AL23: 11 | AM23: 0 | AN23: 0 | AO23: 0 | AP23: 18 | AQ23: 175 | AR23: 0 | AS23: 0 | AT23: 8110 | AU23: 864 | AV23: 0 | AW23: 15393
A24: Social workers | B24: 0 | C24: 0 | D24: 0 | E24: 34 | F24: 0 | G24: 0 | H24: 0 | I24: 0 | J24: 0 | K24: 0 | L24: 0 | M24: 0 | N24: 0 | O24: 0 | P24: 0 | Q24: 119 | R24: 0 | S24: 0 | T24: 0 | U24: 0 | V24: 0 | W24: 0 | X24: 0 | Y24: 0 | Z24: 0 | AA24: 0 | AB24: 422 | AC24: 0 | AD24: 0 | AE24: 0 | AF24: 0 | AG24: 0 | AH24: 0 | AI24: 0 | AJ24: 402 | AK24: 0 | AL24: 0 | AM24: 0 | AN24: 0 | AO24: 0 | AP24: 19 | AQ24: 62 | AR24: 0 | AS24: 0 | AT24: 0 | AU24: 0 | AV24: 0 | AW24: 1058
A25: Audiologists and Speech Therapists | F25: 8 | Q25: 1 | T25: 0 | AB25: 2 | AH25: 79 | AJ25: 2 | AL25: 0 | AQ25: 35 | AT25: 3676 | AW25: 3803
A26: Traditional and complementary medicine practitioners | B26: 0 | C26: 0 | D26: 0 | E26: 336 | F26: 0 | G26: 0 | H26: 0 | I26: 0 | J26: 0 | K26: 0 | L26: 0 | M26: 0 | N26: 0 | O26: 0 | P26: 0 | Q26: 117 | R26: 0 | S26: 0 | T26: 0 | U26: 0 | V26: 0 | W26: 0 | X26: 0 | Y26: 0 | Z26: 0 | AA26: 0 | AB26: 0 | AC26: 0 | AD26: 0 | AE26: 0 | AF26: 0 | AG26: 0 | AH26: 32 | AI26: 0 | AJ26: 0 | AK26: 0 | AL26: 0 | AM26: 0 | AN26: 0 | AO26: 0 | AP26: 0 | AQ26: 0 | AR26: 0 | AS26: 0 | AT26: 0 | AU26: 0 | AV26: 0 | AW26: 485
B29: Country | C29: Pop 2012 | D29: Cadre | E29: 2012
B30: =B1 -> AGO | C30: =B2 -> 32353588 | D30: =A3 -> Medical Doctors | E30: =B3 -> 0
D31: =A4 -> Nursing Personnel | E31: =B4 -> 0
D32: =A5 -> Midwifery personnel | E32: =B5 -> 0
D33: =A6 -> Pharmacists | E33: =B6 -> 0
D34: =A7 -> Dentists | E34: =B7 -> 0
D35: =A8 -> Community Health Workers | E35: =B8 -> 0
D36: =A9 -> Dieticians and nutritionists | E36: =B9 -> 0
D37: =A10 -> Environmental and occupational health & hygiene workers | E37: =B10 -> 0
D38: =A11 -> Personal care workers in health service | E38: =B11 -> 0
D39: =A12 -> Managerial staff | E39: =B12 -> 0
D40: =A13 -> Medical and dental Prosthetic Technicians | E40: =B13 -> 0
D41: =A14 -> Medical and Pathology Laboratory scientists | E41: =B14 -> 0
D42: =A15 -> Medical Assistants | E42: =B15 -> 0
... D53: =A26 -> Traditional and complementary medicine practitioners | E53: =B26 -> 0
B54: =C1 -> BDI | C54: =C2 -> 11874838 | D54: =D30 -> Medical Doctors | E54: =C3 -> 0
D55: =D31 -> Nursing Personnel | E55: =C4 -> 15036
D56: =D32 -> Midwifery personnel | E56: =C5 -> 248
D57: =D33 -> Pharmacists | E57: =C6 -> 83
D58: =D34 -> Dentists | E58: =C7 -> 18
D59: =D35 -> Community Health Workers | E59: =C8 -> 0
D60: =D36 -> Dieticians and nutritionists | E60: =C9 -> 0
D61: =D37 -> Environmental and occupational health & hygiene workers | E61: =C10 -> 149
D62: =D38 -> Personal care workers in health service | E62: =C11 -> 0
D63: =D39 -> Managerial staff | E63: =C12 -> 0
D64: =D40 -> Medical and dental Prosthetic Technicians | E64: =C13 -> 0
D65: =D41 -> Medical and Pathology Laboratory scientists | E65: =C14 -> 0
D66: =D42 -> Medical Assistants | E66: =C15 -> 0
... D77: =D53 -> Traditional and complementary medicine practitioners | E77: =C26 -> 0
B78: =D1 -> BEN | C78: =D2 -> 12290444 | D78: =D54 -> Medical Doctors | E78: =D3 -> 1842
D79: =D55 -> Nursing Personnel | E79: =D4 -> 5340
D80: =D56 -> Midwifery personnel | E80: =D5 -> 1810
D81: =D57 -> Pharmacists | E81: =D6 -> 106
D82: =D58 -> Dentists | E82: =D7 -> 32
D83: =D59 -> Community Health Workers | E83: =D8 -> 0
D84: =D60 -> Dieticians and nutritionists | E84: =D9 -> 0
D85: =D61 -> Environmental and occupational health & hygiene workers | E85: =D10 -> 0
D86: =D62 -> Personal care workers in health service | E86: =D11 -> 0
D87: =D63 -> Managerial staff | E87: =D12 -> 0
D88: =D64 -> Medical and dental Prosthetic Technicians | E88: =D13 -> 0
D89: =D65 -> Medical and Pathology Laboratory scientists | E89: =D14 -> 0
D90: =D66 -> Medical Assistants | E90: =D15 -> 0
... D101: =D77 -> Traditional and complementary medicine practitioners | E101: =D26 -> 0
B102: =E1 -> BFA | C102: =E2 -> 20951639 | D102: =D78 -> Medical Doctors | E102: =E3 -> 5397
D103: =D79 -> Nursing Personnel | E103: =E4 -> 22728
D104: =D80 -> Midwifery personnel | E104: =E5 -> 14954
D105: =D81 -> Pharmacists | E105: =E6 -> 85
D106: =D82 -> Dentists | E106: =E7 -> 131
D107: =D83 -> Community Health Workers | E107: =E8 -> 2979
D108: =D84 -> Dieticians and nutritionists | E108: =E9 -> 0
D109: =D85 -> Environmental and occupational health & hygiene workers | E109: =E10 -> 0
D110: =D86 -> Personal care workers in health service | E110: =E11 -> 0
D111: =D87 -> Managerial staff | E111: =E12 -> 0
D112: =D88 -> Medical and dental Prosthetic Technicians | E112: =E13 -> 143
D113: =D89 -> Medical and Pathology Laboratory scientists | E113: =E14 -> 800
D114: =D90 -> Medical Assistants | E114: =E15 -> 0
... D125: =D101 -> Traditional and complementary medicine practitioners | E125: =E26 -> 336
B126: =F1 -> BWA | C126: =F2 -> 2499701.5 | D126: =D102 -> Medical Doctors | E126: =F3 -> 1840
D127: =D103 -> Nursing Personnel | E127: =F4 -> 15526
D128: =D104 -> Midwifery personnel | E128: =F5 -> 0
D129: =D105 -> Pharmacists | E129: =F6 -> 0
D130: =D106 -> Dentists | E130: =F7 -> 84
D131: =D107 -> Community Health Workers | E131: =F8 -> 0
D132: =D108 -> Dieticians and nutritionists | E132: =F9 -> 0
D133: =D109 -> Environmental and occupational health & hygiene workers | E133: =F10 -> 0
D134: =D110 -> Personal care workers in health service | E134: =F11 -> 1421
D135: =D111 -> Managerial staff | E135: =F12 -> 131
D136: =D112 -> Medical and dental Prosthetic Technicians | E136: =F13 -> 33
D137: =D113 -> Medical and Pathology Laboratory scientists | E137: =F14 -> 156
D138: =D114 -> Medical Assistants | E138: =F15 -> 64
... D149: =D125 -> Traditional and complementary medicine practitioners | E149: =F26 -> 0
B150: =G1 -> CAF | C150: =G2 -> 5209324.5 | D150: =D126 -> Medical Doctors | E150: =G3 -> 0
D151: =D127 -> Nursing Personnel | E151: =G4 -> 0
D152: =D128 -> Midwifery personnel | E152: =G5 -> 0
...

Sheet 2020
A1: Row Labels | B1: AGO | C1: BDI | D1: BEN | E1: BFA | F1: BWA | G1: CAF | H1: CIV | I1: CMR | J1: COD | K1: COG | L1: COM | M1: CPV | N1: DZA | O1: ERI | P1: ETH | Q1: GAB | R1: GHA | S1: GIN | T1: GMB | U1: GNB | V1: GNQ | W1: KEN | X1: LBR | Y1: LSO | Z1: MDG | AA1: MLI | AB1: MOZ | AC1: MRT | AD1: MUS | AE1: MWI | AF1: NAM | AG1: NER | AH1: NGA | AI1: RWA | AJ1: SEN | AK1: SLE | AL1: SSD | AM1: STP | AN1: SWZ | AO1: SYC | AP1: TCD | AQ1: TGO | AR1: TZA | AS1: UGA | AT1: ZAF | AU1: ZMB | AV1: ZWE | AW1: Grand Total
