Workbook

Sheet Home
A1: Click on the following name of country for viewing data
A2: Data per country
A3: Algeria | L3: AFRO Stock 20240123
A4: Angola | L4: AFRO Stock 2012
A5: Benin | L5: AFRO Stock 2013
A6: Botswana | L6: AFRO Stock 2014
A7: BurkinaFaso | L7: AFRO Stock 2015
A8: Burundi | L8: AFRO Stock 2016
A9: Cabo Verde | L9: AFRO Stock 2017
A10: Cameroon | L10: AFRO Stock 2018
A11: CAR | L11: AFRO Stock 2019
A12: Chad | L12: AFRO Stock 2020
A13: Comoros | L13: AFRO Stock 2021
A14: Congo | L14: AFRO Stock 2022
A15: Cote d'Ivoire
A16: DRC
A17: Equatorial Guinea
A18: Eritrea
A19: Eswatini
A20: Ethiopia
A21: Gabon
A22: Gambia
A23: Ghana
A24: Guinea
A25: Guinea-Bissau
A26: Kenya
... A49: Zimbabwe

Sheet Algeria
A1: Algeria HRH Stock from 2012 to 2022 | M1: Home
A2: Occupation | B2: 2012 | C2: 2013 | D2: 2014 | E2: 2015 | F2: 2016 | G2: 2017 | H2: 2018 | I2: 2019 | J2: 2020 | K2: 2021 | L2: 2022
A3: Medical Doctors | B3: 0 | C3: 0 | D3: 0 | E3: 0 | F3: 74309 | G3: 0 | H3: 72604 | I3: 42140 | J3: 0 | K3: 0 | L3: 0
A4: Generalist Medical Practitioners (incl. Family medical practitioners) | B4: 0 | C4: 0 | D4: 0 | E4: 0 | F4: 0 | G4: 0 | H4: 32774 | I4: 27560 | J4: 0 | K4: 0 | L4: 0
A5: Medical group of Specialists Practitioners | B5: 0 | C5: 0 | D5: 0 | E5: 0 | F5: 0 | G5: 0 | H5: 19815 | I5: 0 | J5: 0 | K5: 0 | L5: 0
A6: Nursing Personnel | B6: 0 | C6: 0 | D6: 0 | E6: 0 | F6: 90958 | G6: 92000 | H6: 56411 | I6: 4425 | J6: 0 | K6: 0 | L6: 0
A7: Midwifery personnel | B7: 0 | C7: 0 | D7: 11139 | E7: 0 | F7: 0 | G7: 0 | H7: 8948 | I7: 9070 | J7: 0 | K7: 0 | L7: 0
A8: Dentists | B8: 0 | C8: 0 | D8: 0 | E8: 0 | F8: 0 | G8: 14263 | H8: 15437 | I8: 7018 | J8: 0 | K8: 0 | L8: 0
A9: Pharmacists | B9: 0 | C9: 0 | D9: 0 | E9: 0 | F9: 0 | G9: 0 | H9: 18807 | I9: 2156 | J9: 0 | K9: 0 | L9: 0
A10: Administrative staff | B10: 0 | C10: 0 | D10: 0 | E10: 0 | F10: 0 | G10: 0 | H10: 25611 | I10: 0 | J10: 0 | K10: 0 | L10: 0
A11: Ambulance Workers | B11: 0 | C11: 0 | D11: 0 | E11: 0 | F11: 0 | G11: 0 | H11: 0 | I11: 0 | J11: 0 | K11: 0 | L11: 0
A12: Audiologists and Speech Therapists | B12: 0 | C12: 0 | D12: 0 | E12: 0 | F12: 0 | G12: 0 | H12: 0 | I12: 0 | J12: 0 | K12: 0 | L12: 0
A13: Biomedical engineer | B13: 0 | C13: 0 | D13: 0 | E13: 0 | F13: 0 | G13: 0 | H13: 515 | I13: 0 | J13: 0 | K13: 0 | L13: 0
... A62: Traditional and Complementary Medicine Professionals | B62: 0 | C62: 0 | D62: 0 | E62: 0 | F62: 0 | G62: 0 | H62: 0 | I62: 0 | J62: 0 | K62: 0 | L62: 0
A63: Total | B63: =SUM(B3:B62) -> 0 | C63: =SUM(C3:C62) -> 4628 | D63: =SUM(D3:D62) -> 22890 | E63: =SUM(E3:E62) -> 0 | F63: =SUM(F3:F62) -> 330534 | G63: =SUM(G3:G62) -> 198784 | H63: =SUM(H3:H62) -> 537276 | I63: =SUM(I3:I62) -> 249267 | ... L63: =SUM(L3:L62) -> 0
A65: Population UN | B65: 944686.2 | C65: 971174.5 | D65: 991164.8 | E65: 1014537.2 | F65: 1030448.2 | G65: 1038181.5 | H65: 1036361.6 | I65: 1025953.1 | J65: 1010048.1 | K65: 989535.7 | L65: 966316.9

Sheet Angola
A1: Angola HRH Stock from 2012 to 2022 | N1: Home
A2: Occupation | B2: 2012 | C2: 2013 | D2: 2014 | E2: 2015 | F2: 2016 | G2: 2017 | H2: 2018 | I2: 2019 | J2: 2020 | K2: 2021 | L2: 2022
A3: Medical Doctors | B3: 0 | C3: 0 | D3: 0 | E3: 0 | F3: 0 | G3: 6400 | H3: 6593 | I3: 0 | J3: 0 | K3: 0 | L3: 8693
A4: Generalist Medical Practitioners (incl. Family medical practitioners) | B4: 0 | C4: 0 | D4: 0 | E4: 0 | F4: 0 | G4: 0 | H4: 3043 | I4: 0 | J4: 0 | K4: 0 | L4: 4778
A5: Medical group of Specialists Practitioners | B5: 0 | C5: 0 | D5: 0 | E5: 0 | F5: 0 | G5: 0 | H5: 0 | I5: 0 | J5: 0 | K5: 0 | L5: 2510
A6: Nursing Personnel | B6: 0 | C6: 0 | D6: 0 | E6: 0 | F6: 0 | G6: 0 | H6: 12554 | I6: 0 | J6: 0 | K6: 0 | L6: 44989
A7: Midwifery personnel | B7: 0 | C7: 30 | D7: 0 | E7: 0 | F7: 0 | G7: 0 | H7: 0 | I7: 0 | J7: 0 | K7: 0 | L7: 22
A8: Dentists | B8: 0 | C8: 0 | D8: 0 | E8: 0 | F8: 0 | G8: 0 | H8: 1652 | I8: 0 | J8: 0 | K8: 0 | L8: 171
A9: Pharmacists | B9: 0 | C9: 0 | D9: 0 | E9: 0 | F9: 0 | G9: 0 | H9: 2302 | I9: 0 | J9: 0 | K9: 0 | L9: 967
A10: Administrative staff | B10: 0 | C10: 0 | D10: 0 | E10: 0 | F10: 0 | G10: 0 | H10: 0 | I10: 0 | J10: 0 | K10: 0 | L10: 13442
A11: Ambulance Workers | B11: 0 | C11: 0 | D11: 0 | E11: 0 | F11: 0 | G11: 0 | H11: 0 | I11: 0 | J11: 0 | K11: 0 | L11: 1045
A12: Audiologists and Speech Therapists | B12: 0 | C12: 0 | D12: 0 | E12: 0 | F12: 0 | G12: 0 | H12: 0 | I12: 0 | J12: 0 | K12: 0 | L12: 1
A13: Biomedical engineer | B13: 0 | C13: 0 | D13: 0 | E13: 0 | F13: 0 | G13: 0 | H13: 0 | I13: 0 | J13: 0 | K13: 0 | L13: 16
... A62: Traditional and Complementary Medicine Professionals | B62: 0 | C62: 0 | D62: 0 | E62: 0 | F62: 0 | G62: 0 | H62: 0 | I62: 0 | J62: 0 | K62: 0 | L62: 0
A63: Total | B63: =SUM(B3:B62) -> 0 | C63: =SUM(C3:C62) -> 60 | D63: =SUM(D3:D62) -> 0 | E63: =SUM(E3:E62) -> 0 | F63: =SUM(F3:F62) -> 0 | G63: =SUM(G3:G62) -> 12800 | H63: =SUM(H3:H62) -> 44026 | I63: =SUM(I3:I62) -> 0 | ... L63: =SUM(L3:L62) -> 140499
A65: Population UN | B65: 1060133.3 | C65: 1089608.5 | D65: 1117632.7 | E65: 1144292.4 | F65: 1170060.7 | G65: 1196892.8 | H65: 1224269.3 | I65: 1251836.9 | J65: 1280498.2 | K65: 1308712.3 | L65: 1332678.6

Sheet Benin
A1: Benin HRH Stock from 2012 to 2022
A2: Occupation | B2: 2012 | C2: 2013 | D2: 2014 | E2: 2015 | F2: 2016 | G2: 2017 | H2: 2018 | I2: 2019 | J2: 2020 | K2: 2021 | L2: 2022 | M2: Home
A3: Medical Doctors | B3: 0 | C3: 0 | D3: 0 | E3: 0 | F3: 523 | G3: 0 | H3: 908 | I3: 763 | J3: 0 | K3: 2755 | L3: 2608
A4: Generalist Medical Practitioners (incl. Family medical practitioners) | B4: 0 | C4: 0 | D4: 0 | E4: 0 | F4: 0 | G4: 0 | H4: 346 | I4: 202 | J4: 0 | K4: 1797 | L4: 1753
A5: Medical group of Specialists Practitioners | B5: 0 | C5: 0 | D5: 0 | E5: 0 | F5: 0 | G5: 0 | H5: 13 | I5: 0 | J5: 0 | K5: 0 | L5: 0
A6: Nursing Personnel | B6: 5138 | C6: 4880 | D6: 0 | E6: 0 | F6: 7224 | G6: 0 | H6: 3410 | I6: 2670 | J6: 0 | K6: 5484 | L6: 5893
A7: Midwifery personnel | B7: 1480 | C7: 943 | D7: 0 | E7: 0 | F7: 1034 | G7: 0 | H7: 1055 | I7: 905 | J7: 0 | K7: 2086 | L7: 2055
A8: Dentists | B8: 0 | C8: 0 | D8: 0 | E8: 0 | F8: 9 | G8: 73 | H8: 12 | I8: 0 | J8: 0 | K8: 50 | L8: 50
A9: Pharmacists | B9: 0 | C9: 1330 | D9: 0 | E9: 0 | F9: 13 | G9: 0 | H9: 306 | I9: 0 | J9: 0 | K9: 403 | L9: 382
A10: Administrative staff | B10: 0 | C10: 0 | D10: 0 | E10: 0 | F10: 0 | G10: 0 | H10: 4463 | I10: 0 | J10: 0 | K10: 5903 | L10: 5106
A11: Ambulance Workers | B11: 0 | C11: 0 | D11: 0 | E11: 0 | F11: 0 | G11: 0 | H11: 0 | I11: 0 | J11: 0 | K11: 0 | L11: 0
A12: Audiologists and Speech Therapists | B12: 0 | C12: 0 | D12: 0 | E12: 0 | F12: 0 | G12: 0 | H12: 0 | I12: 0 | J12: 0 | K12: 0 | L12: 0
A13: Biomedical engineer | B13: 0 | C13: 0 | D13: 0 | E13: 0 | F13: 0 | G13: 0 | H13: 0 | I13: 0 | J13: 0 | K13: 0 | L13: 0
A14: Community Health Workers | B14: 0 | C14: 0 | D14: 0 | E14: 0 | F14: 0 | G14: 0 | H14: 0 | I14: 0 | J14: 0 | K14: 21 | L14: 21
... A62: Traditional and Complementary Medicine Professionals | B62: 0 | C62: 10200 | D62: 0 | E62: 0 | F62: 0 | G62: 0 | H62: 0 | I62: 0 | J62: 0 | K62: 0 | L62: 0
A63: Total | B63: =SUM(B3:B62) -> 14348 | C63: =SUM(C3:C62) -> 24982 | D63: =SUM(D3:D62) -> 191 | E63: =SUM(E3:E62) -> 0 | F63: =SUM(F3:F62) -> 19238 | G63: =SUM(G3:G62) -> 121 | H63: =SUM(H3:H62) -> 22362 | I63: =SUM(I3:I62) -> 9084 | ... L63: =SUM(L3:L62) -> 29498
A65: Population UN | B65: 376547.2 | C65: 387605.1 | D65: 399718.4 | E65: 411367.9 | F65: 422641.3 | G65: 433722.2 | H65: 442748.4 | I65: 450366.9 | J65: 457449.9 | K65: 464321.1 | L65: 470912.8

Sheet Botswana
A1: Botswana HRH Stock from 2012 to 2022 | M1: Home
A2: Occupation | B2: 2012 | C2: 2013 | D2: 2014 | E2: 2015 | F2: 2016 | G2: 2017 | H2: 2018 | I2: 2019 | J2: 2020 | K2: 2021 | L2: 2022
A3: Medical Doctors | B3: 819 | C3: 0 | D3: 0 | E3: 0 | F3: 830 | G3: 0 | H3: 925 | I3: 920 | J3: 1024 | K3: 1014 | L3: 992
A4: Generalist Medical Practitioners (incl. Family medical practitioners) | B4: 0 | C4: 0 | D4: 0 | E4: 0 | F4: 0 | G4: 0 | H4: 807 | I4: 813 | J4: 902 | K4: 900 | L4: 898
A5: Medical group of Specialists Practitioners | B5: 0 | C5: 0 | D5: 0 | E5: 0 | F5: 0 | G5: 0 | H5: 0 | I5: 0 | J5: 0 | K5: 0 | L5: 0
A6: Nursing Personnel | B6: 5816 | C6: 0 | D6: 0 | E6: 0 | F6: 7427 | G6: 0 | H6: 7645 | I6: 7763 | J6: 7771 | K6: 7886 | L6: 8028
A7: Midwifery personnel | B7: 0 | C7: 1501 | D7: 0 | E7: 0 | F7: 1461 | G7: 0 | H7: 0 | I7: 0 | J7: 0 | K7: 0 | L7: 0
A8: Dentists | B8: 55 | C8: 0 | D8: 0 | E8: 0 | F8: 91 | G8: 0 | H8: 96 | I8: 88 | J8: 89 | K8: 89 | L8: 86
A9: Pharmacists | B9: 0 | C9: 0 | D9: 0 | E9: 0 | F9: 0 | G9: 0 | H9: 156 | I9: 138 | J9: 145 | K9: 158 | L9: 125
A10: Administrative staff | B10: 0 | C10: 0 | D10: 0 | E10: 0 | F10: 0 | G10: 0 | H10: 534 | I10: 491 | J10: 463 | K10: 465 | L10: 449
A11: Ambulance Workers | B11: 0 | C11: 0 | D11: 0 | E11: 0 | F11: 0 | G11: 0 | H11: 927 | I11: 843 | J11: 842 | K11: 845 | L11: 848
A12: Audiologists and Speech Therapists | B12: 0 | C12: 0 | D12: 0 | E12: 0 | F12: 0 | G12: 0 | H12: 9 | I12: 8 | J12: 7 | K12: 8 | L12: 11
A13: Biomedical engineer | B13: 0 | C13: 0 | D13: 0 | E13: 0 | F13: 0 | G13: 0 | H13: 16 | I13: 11 | J13: 11 | K13: 12 | L13: 13
... A62: Traditional and Complementary Medicine Professionals | B62: 0 | C62: 0 | D62: 0 | E62: 0 | F62: 0 | G62: 0 | H62: 0 | I62: 0 | J62: 0 | K62: 0 | L62: 0
A63: Total | B63: =SUM(B3:B62) -> 13491 | C63: =SUM(C3:C62) -> 3002 | D63: =SUM(D3:D62) -> 76 | E63: =SUM(E3:E62) -> 0 | F63: =SUM(F3:F62) -> 19538 | G63: =SUM(G3:G62) -> 0 | H63: =SUM(H3:H62) -> 26600 | I63: =SUM(I3:I62) -> 27240 | ... L63: =SUM(L3:L62) -> 27631
A65: Population UN | B65: 59490.1 | C65: 60143.3 | D65: 60621.9 | E65: 61044.4 | F65: 61561.1 | G65: 62008.2 | H65: 62387.4 | I65: 62733.4 | J65: 62582.3 | K65: 62086.9 | L65: 61665.2

Sheet Burkina Faso
A1: Burkina Faso HRH Stock from 2012 to 2022 | N1: Home
A2: Occupation | B2: 2012 | C2: 2013 | D2: 2014 | E2: 2015 | F2: 2016 | G2: 2017 | H2: 2018 | I2: 2019 | J2: 2020 | K2: 2021 | L2: 2022
A3: Medical Doctors | B3: 787 | C3: 803 | D3: 857 | E3: 1189 | F3: 1202 | G3: 1626 | H3: 1684 | I3: 1910 | J3: 2061 | K3: 2221 | L3: 3323
A4: Generalist Medical Practitioners (incl. Family medical practitioners) | B4: 0 | C4: 0 | D4: 0 | E4: 0 | F4: 0 | G4: 888 | H4: 732 | I4: 1026 | J4: 1088 | K4: 1220 | L4: 2372
A5: Medical group of Specialists Practitioners | B5: 0 | C5: 0 | D5: 0 | E5: 0 | F5: 0 | G5: 0 | H5: 0 | I5: 693 | J5: 0 | K5: 0 | L5: 32
A6: Nursing Personnel | B6: 6008 | C6: 6196 | D6: 6358 | E6: 9748 | F6: 9701 | G6: 10376 | H6: 0 | I6: 11364 | J6: 11874 | K6: 12189 | L6: 13961
A7: Midwifery personnel | B7: 4451 | C7: 1591 | D7: 1744 | E7: 2383 | F7: 2580 | G7: 6569 | H7: 0 | I7: 7477 | J7: 7804 | K7: 8052 | L7: 9294
A8: Dentists | B8: 38 | C8: 0 | D8: 0 | E8: 0 | F8: 0 | G8: 80 | H8: 91 | I8: 52 | J8: 103 | K8: 107 | L8: 39
A9: Pharmacists | B9: 203 | C9: 207 | D9: 217 | E9: 258 | F9: 235 | G9: 284 | H9: 239 | I9: 313 | J9: 718 | K9: 691 | L9: 575
A10: Administrative staff | B10: 0 | C10: 0 | D10: 0 | E10: 0 | F10: 0 | G10: 0 | H10: 0 | I10: 811 | J10: 0 | K10: 0 | L10: 0
A11: Ambulance Workers | B11: 0 | C11: 0 | D11: 0 | E11: 0 | F11: 0 | G11: 0 | H11: 0 | I11: 200 | J11: 0 | K11: 0 | L11: 275
A12: Audiologists and Speech Therapists | B12: 0 | C12: 0 | D12: 0 | E12: 0 | F12: 0 | G12: 0 | H12: 0 | I12: 0 | J12: 0 | K12: 0 | L12: 0
A13: Biomedical engineer | B13: 0 | C13: 0 | D13: 0 | E13: 0 | F13: 0 | G13: 0 | H13: 0 | I13: 7 | J13: 8 | K13: 0 | L13: 18
... A62: Traditional and Complementary Medicine Professionals | B62: 0 | C62: 0 | D62: 0 | E62: 0 | F62: 0 | G62: 336 | H62: 0 | I62: 1 | J62: 0 | K62: 50 | L62: 0
A63: Total | B63: =SUM(B3:B62) -> 25638 | C63: =SUM(C3:C62) -> 17387 | D63: =SUM(D3:D62) -> 18239 | E63: =SUM(E3:E62) -> 26898 | F63: =SUM(F3:F62) -> 27201 | G63: =SUM(G3:G62) -> 42391 | H63: =SUM(H3:H62) -> 4533 | I63: =SUM(I3:I62) -> 53175 | ... L63: =SUM(L3:L62) -> 62972
A65: Population UN | B65: 699018.1 | C65: 712157.2 | D65: 722847.5 | E65: 731106.9 | F65: 735658.4 | G65: 737568.4 | H65: 743373 | I65: 752782.1 | J65: 761670.7 | K65: 770961.1 | L65: 780085.6

Sheet Burundi
A1: Burundi HRH Stock from 2012 to 2022
A2: Occupation | B2: 2012 | C2: 2013 | D2: 2014 | E2: 2015 | F2: 2016 | G2: 2017 | H2: 2018 | I2: 2019 | J2: 2020 | K2: 2021 | L2: 2022 | N2: HOME
A3: Medical Doctors | B3: 0 | C3: 0 | D3: 609 | E3: 508 | F3: 0 | G3: 0 | H3: 0 | I3: 0 | J3: 852 | K3: 812 | L3: 0
A4: Generalist Medical Practitioners (incl. Family medical practitioners) | B4: 0 | C4: 0 | D4: 556 | E4: 467 | F4: 0 | G4: 0 | H4: 0 | I4: 0 | J4: 0 | K4: 725 | L4: 0
A5: Medical group of Specialists Practitioners | B5: 0 | C5: 0 | D5: 0 | E5: 0 | F5: 0 | G5: 0 | H5: 0 | I5: 0 | J5: 0 | K5: 96 | L5: 0
A6: Nursing Personnel | B6: 5138 | C6: 4880 | D6: 6819 | E6: 6688 | F6: 0 | G6: 9071 | H6: 9156 | I6: 7518 | J6: 7713 | K6: 9372 | L6: 0
A7: Midwifery personnel | B7: 1480 | C7: 943 | D7: 24 | E7: 79 | F7: 0 | G7: 160 | H7: 0 | I7: 124 | J7: 0 | K7: 143 | L7: 0
A8: Dentists | B8: 0 | C8: 0 | D8: 0 | E8: 0 | F8: 0 | G8: 0 | H8: 14 | I8: 0 | J8: 0 | K8: 0 | L8: 0
A9: Pharmacists | B9: 0 | C9: 1330 | D9: 0 | E9: 0 | F9: 0 | G9: 0 | H9: 119 | I9: 0 | J9: 0 | K9: 99 | L9: 0
A10: Administrative staff | B10: 0 | C10: 0 | D10: 0 | E10: 0 | F10: 0 | G10: 0 | H10: 0 | I10: 0 | J10: 0 | K10: 1750 | L10: 0
A11: Ambulance Workers | B11: 0 | C11: 0 | D11: 0 | E11: 0 | F11: 0 | G11: 0 | H11: 0 | I11: 0 | J11: 0 | K11: 0 | L11: 0
A12: Audiologists and Speech Therapists | B12: 0 | C12: 0 | D12: 0 | E12: 0 | F12: 0 | G12: 0 | H12: 0 | I12: 0 | J12: 0 | K12: 5 | L12: 0
A13: Biomedical engineer | B13: 0 | C13: 0 | D13: 0 | E13: 0 | F13: 0 | G13: 0 | H13: 0 | I13: 0 | J13: 0 | K13: 0 | L13: 0
A14: Community Health Workers | B14: 0 | C14: 0 | D14: 0 | E14: 0 | F14: 0 | G14: 0 | H14: 11845 | I14: 0 | J14: 11845 | K14: 0 | L14: 0
... A65: Population UN | B65: 423678.2 | C65: 429312 | D65: 435003 | E65: 437619.8 | F65: 431656.2 | G65: 423373 | H65: 421562 | I65: 425247.1 | J65: 430785.2 | K65: 434393 | L65: 437298.7

Sheet Cabo Verde
A1: Cabo Verde HRH Stock from 2012 to 2022
A2: Occupation | B2: 2012 | C2: 2013 | D2: 2014 | E2: 2015 | F2: 2016 | G2: 2017 | H2: 2018 | I2: 2019 | J2: 2020 | K2: 2021 | L2: 2022 | N2: HOME
A3: Medical Doctors | B3: 260 | C3: 308 | D3: 0 | E3: 410 | F3: 408 | G3: 0 | H3: 452 | I3: 0 | J3: 0 | K3: 0 | L3: 2644
A4: Generalist Medical Practitioners (incl. Family medical practitioners) | B4: 0 | C4: 0 | D4: 0 | E4: 0 | F4: 0 | G4: 0 | H4: 165 | I4: 0 | J4: 0 | K4: 0 | L4: 187
A5: Medical group of Specialists Practitioners | B5: 0 | C5: 0 | D5: 0 | E5: 0 | F5: 0 | G5: 0 | H5: 0 | I5: 0 | J5: 0 | K5: 0 | L5: 100
A6: Nursing Personnel | B6: 551 | C6: 403 | D6: 476 | E6: 498 | F6: 612 | G6: 688 | H6: 706 | I6: 0 | J6: 0 | K6: 0 | L6: 941
A7: Midwifery personnel | B7: 0 | C7: 0 | D7: 0 | E7: 0 | F7: 0 | G7: 0 | H7: 0 | I7: 0 | J7: 0 | K7: 0 | L7: 0
A8: Dentists | B8: 0 | C8: 0 | D8: 0 | E8: 0 | F8: 4 | G8: 0 | H8: 81 | I8: 120 | J8: 0 | K8: 0 | L8: 10
A9: Pharmacists | B9: 0 | C9: 0 | D9: 0 | E9: 0 | F9: 4 | G9: 0 | H9: 172 | I9: 0 | J9: 0 | K9: 0 | L9: 23
A10: Administrative staff | B10: 0 | C10: 0 | D10: 0 | E10: 0 | F10: 0 | G10: 0 | H10: 0 | I10: 0 | J10: 0 | K10: 0 | L10: 0
A11: Ambulance Workers | B11: 0 | C11: 0 | D11: 0 | E11: 0 | F11: 0 | G11: 0 | H11: 0 | I11: 0 | J11: 0 | K11: 0 | L11: 0
A12: Audiologists and Speech Therapists | B12: 0 | C12: 0 | D12: 0 | E12: 0 | F12: 0 | G12: 0 | H12: 0 | I12: 0 | J12: 0 | K12: 0 | L12: 0
A13: Biomedical engineer | B13: 0 | C13: 0 | D13: 0 | E13: 0 | F13: 0 | G13: 0 | H13: 0 | I13: 0 | J13: 0 | K13: 0 | L13: 0
A14: Community Health Workers | B14: 0 | C14: 0 | D14: 0 | E14: 0 | F14: 0 | G14: 0 | H14: 117 | I14: 0 | J14: 0 | K14: 0 | L14: 155
... A62: Traditional and Complementary Medicine Professionals | B62: 0 | C62: 0 | D62: 0 | E62: 0 | F62: 0 | G62: 0 | H62: 0 | I62: 0 | J62: 0 | K62: 0 | L62: 0
A63: Total | B63: =SUM(B3:B62) -> 1622 | C63: =SUM(C3:C62) -> 1422 | D63: =SUM(D3:D62) -> 952 | E63: =SUM(E3:E62) -> 1816 | F63: =SUM(F3:F62) -> 2048 | G63: =SUM(G3:G62) -> 1376 | H63: =SUM(H3:H62) -> 2763 | I63: =SUM(I3:I62) -> 214 | ... L63: =SUM(L3:L62) -> 7633
A65: Population UN | B65: 11441.9 | C65: 11037.4 | D65: 10993.6 | E65: 11002.7 | F65: 11070.9 | G65: 11160.3 | H65: 10880.9 | I65: 10569 | J65: 10491.7 | K65: 10447 | L65: 10405.3

Sheet Cameroon
A1: Cameroon HRH Stock from 2012 to 2022
A2: Occupation | B2: 2012 | C2: 2013 | D2: 2014 | E2: 2015 | F2: 2016 | G2: 2017 | H2: 2018 | I2: 2019 | J2: 2020 | K2: 2021 | L2: 2022 | N2: HOME
A3: Medical Doctors | B3: 0 | C3: 0 | D3: 0 | E3: 0 | F3: 0 | G3: 0 | H3: 3259 | I3: 0 | J3: 2562 | K3: 3378 | L3: 3759
A4: Generalist Medical Practitioners (incl. Family medical practitioners) | B4: 0 | C4: 0 | D4: 0 | E4: 0 | F4: 0 | G4: 0 | H4: 2400 | I4: 0 | J4: 1643 | K4: 2477 | L4: 2467
A5: Medical group of Specialists Practitioners | B5: 0 | C5: 0 | D5: 0 | E5: 0 | F5: 0 | G5: 0 | H5: 0 | I5: 0 | J5: 16 | K5: 486 | L5: 639
A6: Nursing Personnel | B6: 0 | C6: 0 | D6: 0 | E6: 0 | F6: 0 | G6: 0 | H6: 9156 | I6: 0 | J6: 11478 | K6: 4543 | L6: 16473
A7: Midwifery personnel | B7: 0 | C7: 127 | D7: 0 | E7: 0 | F7: 0 | G7: 0 | H7: 0 | I7: 0 | J7: 1258 | K7: 704 | L7: 1674
A8: Dentists | B8: 0 | C8: 0 | D8: 0 | E8: 0 | F8: 88 | G8: 0 | H8: 0 | I8: 300 | J8: 179 | K8: 133 | L8: 317
A9: Pharmacists | B9: 0 | C9: 0 | D9: 0 | E9: 0 | F9: 199 | G9: 0 | H9: 14 | I9: 0 | J9: 337 | K9: 264 | L9: 602
A10: Administrative staff | B10: 0 | C10: 0 | D10: 0 | E10: 0 | F10: 0 | G10: 0 | H10: 0 | I10: 0 | J10: 2735 | K10: 3229 | L10: 3699
A11: Ambulance Workers | B11: 0 | C11: 0 | D11: 0 | E11: 0 | F11: 0 | G11: 0 | H11: 0 | I11: 0 | J11: 16 | K11: 37 | L11: 61
A12: Audiologists and Speech Therapists | B12: 0 | C12: 0 | D12: 0 | E12: 0 | F12: 0 | G12: 0 | H12: 0 | I12: 0 | J12: 2 | K12: 0 | L12: 0
A13: Biomedical engineer | B13: 0 | C13: 0 | D13: 0 | E13: 0 | F13: 0 | G13: 0 | H13: 0 | I13: 0 | J13: 15 | K13: 22 | L13: 85
A14: Community Health Workers | B14: 0 | C14: 0 | D14: 0 | E14: 0 | F14: 0 | G14: 0 | H14: 0 | I14: 0 | J14: 154 | K14: 0 | L14: 310
... A62: Traditional and Complementary Medicine Professionals | B62: 0 | C62: 0 | D62: 0 | E62: 0 | F62: 0 | G62: 0 | H62: 0 | I62: 0 | J62: 3 | K62: 0 | L62: 5
A63: Total | B63: =SUM(B3:B62) -> 0 | C63: =SUM(C3:C62) -> 254 | D63: =SUM(D3:D62) -> 0 | E63: =SUM(E3:E62) -> 0 | F63: =SUM(F3:F62) -> 287 | G63: =SUM(G3:G62) -> 0 | H63: =SUM(H3:H62) -> 25085 | I63: =SUM(I3:I62) -> 300 | ... L63: =SUM(L3:L62) -> 59456
A65: Population UN | B65: 791411.5 | C65: 803500.2 | D65: 818448.6 | E65: 840650.2 | F65: 867237.3 | G65: 889229.5 | H65: 903131.8 | I65: 914051.2 | J65: 925124.6 | K65: 935437.5 | L65: 946149.4

Sheet CAR
A1: CAR HRH Stock from 2012 to 2022
A2: Occupation | B2: 2012 | C2: 2013 | D2: 2014 | E2: 2015 | F2: 2016 | G2: 2017 | H2: 2018 | I2: 2019 | J2: 2020 | K2: 2021 | L2: 2022 | N2: HOME
A3: Medical Doctors | B3: 0 | C3: 0 | D3: 0 | E3: 324 | F3: 0 | G3: 0 | H3: 335 | I3: 0 | J3: 0 | K3: 114 | L3: 0
A4: Generalist Medical Practitioners (incl. Family medical practitioners) | B4: 0 | C4: 0 | D4: 0 | E4: 0 | F4: 0 | G4: 0 | H4: 263 | I4: 0 | J4: 0 | K4: 108 | L4: 0
A5: Medical group of Specialists Practitioners | B5: 0 | C5: 0 | D5: 0 | E5: 0 | F5: 0 | G5: 0 | H5: 0 | I5: 0 | J5: 0 | K5: 1 | L5: 0
A6: Nursing Personnel | B6: 0 | C6: 0 | D6: 0 | E6: 322 | F6: 0 | G6: 0 | H6: 1195 | I6: 0 | J6: 0 | K6: 505 | L6: 0
A7: Midwifery personnel | B7: 0 | C7: 514 | D7: 0 | E7: 605 | F7: 0 | G7: 0 | H7: 0 | I7: 0 | J7: 0 | K7: 537 | L7: 0
A8: Dentists | B8: 0 | C8: 0 | D8: 0 | E8: 0 | F8: 0 | G8: 0 | H8: 10 | I8: 0 | J8: 0 | K8: 2 | L8: 0
A9: Pharmacists | B9: 0 | C9: 0 | D9: 0 | E9: 20 | F9: 0 | G9: 0 | H9: 36 | I9: 0 | J9: 0 | K9: 2 | L9: 0
A10: Administrative staff | B10: 0 | C10: 0 | D10: 0 | E10: 734 | F10: 0 | G10: 0 | H10: 0 | I10: 0 | J10: 0 | K10: 12 | L10: 0
A11: Ambulance Workers | B11: 0 | C11: 0 | D11: 0 | E11: 0 | F11: 0 | G11: 0 | H11: 0 | I11: 0 | J11: 0 | K11: 0 | L11: 0
A12: Audiologists and Speech Therapists | B12: 0 | C12: 0 | D12: 0 | E12: 0 | F12: 0 | G12: 0 | H12: 0 | I12: 0 | J12: 0 | K12: 0 | L12: 0
A13: Biomedical engineer | B13: 0 | C13: 0 | D13: 0 | E13: 109 | F13: 0 | G13: 0 | H13: 0 | I13: 0 | J13: 0 | K13: 0 | L13: 0
A14: Community Health Workers | B14: 0 | C14: 0 | D14: 0 | E14: 0 | F14: 0 | G14: 0 | H14: 115 | I14: 0 | J14: 0 | K14: 1595 | L14: 0
... A62: Traditional and Complementary Medicine Professionals | B62: 0 | C62: 0 | D62: 0 | E62: 0 | F62: 0 | G62: 0 | H62: 0 | I62: 0 | J62: 0 | K62: 0 | L62: 0
A63: Total | B63: =SUM(B3:B62) -> 0 | C63: =SUM(C3:C62) -> 1028 | D63: =SUM(D3:D62) -> 17 | E63: =SUM(E3:E62) -> 3533 | F63: =SUM(F3:F62) -> 0 | G63: =SUM(G3:G62) -> 0 | H63: =SUM(H3:H62) -> 3334 | I63: =SUM(I3:I62) -> 0 | ... L63: =SUM(L3:L62) -> 0
A65: Population UN | B65: 196643.2 | C65: 196632.4 | D65: 194995.3 | E65: 192500.5 | F65: 193339.6 | G65: 198589 | H65: 204196.5 | I65: 209572.8 | J65: 215791.4 | K65: 223125.3 | L65: 228677.8

Sheet Chad
A1: Chad HRH Stock from 2012 to 2022
A2: Occupation | B2: 2012 | C2: 2013 | D2: 2014 | E2: 2015 | F2: 2016 | G2: 2017 | H2: 2018 | I2: 2019 | J2: 2020 | K2: 2021 | L2: 2022 | N2: HOME
A3: Medical Doctors | B3: 528 | C3: 573 | D3: 608 | E3: 696 | F3: 540 | G3: 651 | H3: 803 | I3: 859 | J3: 1003 | K3: 1000 | L3: 1507
A4: Generalist Medical Practitioners (incl. Family medical practitioners) | B4: 0 | C4: 0 | D4: 0 | E4: 0 | F4: 0 | G4: 0 | H4: 646 | I4: 642 | J4: 784 | K4: 740 | L4: 1197
A5: Medical group of Specialists Practitioners | B5: 0 | C5: 0 | D5: 0 | E5: 0 | F5: 0 | G5: 0 | H5: 0 | I5: 0 | J5: 0 | K5: 174 | L5: 0
A6: Nursing Personnel | B6: 3141 | C6: 3606 | D6: 3606 | E6: 3563 | F6: 3106 | G6: 3487 | H6: 4799 | I6: 0 | J6: 2623 | K6: 2677 | L6: 2933
A7: Midwifery personnel | B7: 416 | C7: 451 | D7: 0 | E7: 0 | F7: 0 | G7: 0 | H7: 0 | I7: 589 | J7: 710 | K7: 721 | L7: 783
A8: Dentists | B8: 0 | C8: 0 | D8: 0 | E8: 0 | F8: 0 | G8: 0 | H8: 3 | I8: 0 | J8: 0 | K8: 19 | L8: 21
A9: Pharmacists | B9: 68 | C9: 72 | D9: 78 | E9: 79 | F9: 0 | G9: 71 | H9: 269 | I9: 52 | J9: 54 | K9: 142 | L9: 163
A10: Administrative staff | B10: 0 | C10: 0 | D10: 0 | E10: 0 | F10: 0 | G10: 0 | H10: 0 | I10: 335 | J10: 0 | K10: 0 | L10: 431
A11: Ambulance Workers | B11: 0 | C11: 0 | D11: 0 | E11: 0 | F11: 0 | G11: 0 | H11: 0 | I11: 0 | J11: 0 | K11: 0 | L11: 0
A12: Audiologists and Speech Therapists | B12: 0 | C12: 0 | D12: 0 | E12: 0 | F12: 0 | G12: 0 | H12: 0 | I12: 0 | J12: 0 | K12: 0 | L12: 0
A13: Biomedical engineer | B13: 0 | C13: 0 | D13: 0 | E13: 0 | F13: 0 | G13: 0 | H13: 0 | I13: 560 | J13: 2 | K13: 0 | L13: 0
A14: Community Health Workers | B14: 0 | C14: 0 | D14: 0 | E14: 0 | F14: 0 | G14: 0 | H14: 0 | I14: 0 | J14: 592 | K14: 8077 | L14: 0
... A62: Traditional and Complementary Medicine Professionals | B62: 0 | C62: 0 | D62: 0 | E62: 0 | F62: 0 | G62: 0 | H62: 0 | I62: 0 | J62: 0 | K62: 0 | L62: 21983
A63: Total | B63: =SUM(B3:B62) -> 8238 | C63: =SUM(C3:C62) -> 9332 | D63: =SUM(D3:D62) -> 8506 | E63: =SUM(E3:E62) -> 8597 | F63: =SUM(F3:F62) -> 7292 | G63: =SUM(G3:G62) -> 8347 | H63: =SUM(H3:H62) -> 12225 | I63: =SUM(I3:I62) -> 5740 | ... L63: =SUM(L3:L62) -> 35957
A65: Population UN | B65: 579359.7 | C65: 595182.2 | D65: 610899.3 | E65: 625581.2 | F65: 635851.7 | G65: 646467.9 | H65: 661394.8 | I65: 680354 | J65: 699467.2 | K65: 715665.6 | L65: 734070.3

Sheet Comoros
A1: Comoros HRH Stock from 2012 to 2022
A2: Occupation | B2: 2012 | C2: 2013 | D2: 2014 | E2: 2015 | F2: 2016 | G2: 2017 | H2: 2018 | I2: 2019 | J2: 2020 | K2: 2021 | L2: 2022 | N2: HOME
A3: Medical Doctors | B3: 123 | C3: 0 | D3: 0 | E3: 0 | F3: 216 | G3: 0 | H3: 220 | I3: 0 | J3: 354 | K3: 0 | L3: 0
A4: Generalist Medical Practitioners (incl. Family medical practitioners) | B4: 0 | C4: 0 | D4: 0 | E4: 0 | F4: 216 | G4: 0 | H4: 130 | I4: 0 | J4: 241 | K4: 0 | L4: 0
A5: Medical group of Specialists Practitioners | B5: 0 | C5: 0 | D5: 0 | E5: 0 | F5: 0 | G5: 0 | H5: 0 | I5: 0 | J5: 0 | K5: 0 | L5: 0
A6: Nursing Personnel | B6: 0 | C6: 0 | D6: 0 | E6: 0 | F6: 0 | G6: 0 | H6: 679 | I6: 0 | J6: 683 | K6: 0 | L6: 0
A7: Midwifery personnel | B7: 667 | C7: 295 | D7: 0 | E7: 0 | F7: 500 | G7: 0 | H7: 484 | I7: 0 | J7: 586 | K7: 0 | L7: 0
A8: Dentists | B8: 18 | C8: 0 | D8: 0 | E8: 0 | F8: 0 | G8: 0 | H8: 32 | I8: 0 | J8: 32 | K8: 0 | L8: 0
A9: Pharmacists | B9: 16 | C9: 0 | D9: 0 | E9: 0 | F9: 0 | G9: 0 | H9: 36 | I9: 0 | J9: 35 | K9: 0 | L9: 0
A10: Administrative staff | B10: 0 | C10: 0 | D10: 0 | E10: 0 | F10: 0 | G10: 0 | H10: 0 | I10: 0 | J10: 0 | K10: 0 | L10: 0
A11: Ambulance Workers | B11: 0 | C11: 0 | D11: 0 | E11: 0 | F11: 0 | G11: 0 | H11: 0 | I11: 0 | J11: 0 | K11: 0 | L11: 0
A12: Audiologists and Speech Therapists | B12: 0 | C12: 0 | D12: 0 | E12: 0 | F12: 0 | G12: 0 | H12: 0 | I12: 0 | J12: 0 | K12: 0 | L12: 0
A13: Biomedical engineer | B13: 0 | C13: 0 | D13: 0 | E13: 0 | F13: 0 | G13: 0 | H13: 0 | I13: 0 | J13: 0 | K13: 0 | L13: 0
A14: Community Health Workers | B14: 0 | C14: 0 | D14: 0 | E14: 0 | F14: 0 | G14: 0 | H14: 0 | I14: 0 | J14: 0 | K14: 0 | L14: 0
... A62: Traditional and Complementary Medicine Professionals | B62: 0 | C62: 0 | D62: 0 | E62: 0 | F62: 0 | G62: 0 | H62: 0 | I62: 0 | J62: 0 | K62: 0 | L62: 0
A63: Total | B63: =SUM(B3:B62) -> 1700 | C63: =SUM(C3:C62) -> 590 | D63: =SUM(D3:D62) -> 0 | E63: =SUM(E3:E62) -> 0 | F63: =SUM(F3:F62) -> 1440 | G63: =SUM(G3:G62) -> 0 | H63: =SUM(H3:H62) -> 2861 | I63: =SUM(I3:I62) -> 0 | ... L63: =SUM(L3:L62) -> 0
A65: Population UN | B65: 22453.8 | C65: 22675.4 | D65: 22908.4 | E65: 23131.8 | F65: 23359.6 | G65: 23590.8 | H65: 23759.3 | I65: 23881.9 | J65: 23981 | K65: 24060.4 | L65: 24120.5

Sheet Congo
A1: Congo HRH Stock from 2012 to 2022
A2: Occupation | B2: 2012 | C2: 2013 | D2: 2014 | E2: 2015 | F2: 2016 | G2: 2017 | H2: 2018 | I2: 2019 | J2: 2020 | K2: 2021 | L2: 2022 | N2: HOME
A3: Medical Doctors | B3: 0 | C3: 0 | D3: 0 | E3: 0 | F3: 530 | G3: 0 | H3: 544 | I3: 0 | J3: 0 | K3: 0 | L3: 1042
A4: Generalist Medical Practitioners (incl. Family medical practitioners) | B4: 0 | C4: 0 | D4: 0 | E4: 0 | F4: 269 | G4: 0 | H4: 269 | I4: 0 | J4: 0 | K4: 0 | L4: 787
A5: Medical group of Specialists Practitioners | B5: 0 | C5: 0 | D5: 0 | E5: 0 | F5: 0 | G5: 0 | H5: 0 | I5: 0 | J5: 0 | K5: 0 | L5: 169
A6: Nursing Personnel | B6: 0 | C6: 3289 | D6: 3458 | E6: 3852 | F6: 3717 | G6: 0 | H6: 5081 | I6: 0 | J6: 0 | K6: 0 | L6: 5573
A7: Midwifery personnel | B7: 0 | C7: 1282 | D7: 0 | E7: 0 | F7: 921 | G7: 0 | H7: 0 | I7: 0 | J7: 0 | K7: 0 | L7: 907
A8: Dentists | B8: 0 | C8: 0 | D8: 0 | E8: 0 | F8: 27 | G8: 0 | H8: 27 | I8: 0 | J8: 0 | K8: 0 | L8: 9
A9: Pharmacists | B9: 0 | C9: 0 | D9: 0 | E9: 0 | F9: 73 | G9: 0 | H9: 157 | I9: 0 | J9: 0 | K9: 0 | L9: 28
A10: Administrative staff | B10: 0 | C10: 0 | D10: 0 | E10: 0 | F10: 0 | G10: 0 | H10: 0 | I10: 0 | J10: 0 | K10: 0 | L10: 2442
A11: Ambulance Workers | B11: 0 | C11: 0 | D11: 0 | E11: 0 | F11: 0 | G11: 0 | H11: 0 | I11: 0 | J11: 0 | K11: 0 | L11: 0
A12: Audiologists and Speech Therapists | B12: 0 | C12: 0 | D12: 0 | E12: 0 | F12: 0 | G12: 0 | H12: 0 | I12: 0 | J12: 0 | K12: 0 | L12: 0
A13: Biomedical engineer | B13: 0 | C13: 0 | D13: 0 | E13: 0 | F13: 0 | G13: 0 | H13: 0 | I13: 0 | J13: 0 | K13: 0 | L13: 0
A14: Community Health Workers | B14: 0 | C14: 0 | D14: 0 | E14: 0 | F14: 0 | G14: 0 | H14: 0 | I14: 0 | J14: 0 | K14: 0 | L14: 0
... A62: Traditional and Complementary Medicine Professionals | B62: 0 | C62: 0 | D62: 0 | E62: 0 | F62: 0 | G62: 0 | H62: 0 | I62: 0 | J62: 0 | K62: 0 | L62: 0
A63: Total | B63: =SUM(B3:B62) -> 0 | C63: =SUM(C3:C62) -> 9142 | D63: =SUM(D3:D62) -> 6916 | E63: =SUM(E3:E62) -> 7704 | F63: =SUM(F3:F62) -> 11068 | G63: =SUM(G3:G62) -> 0 | H63: =SUM(H3:H62) -> 11754 | I63: =SUM(I3:I62) -> 0 | ... L63: =SUM(L3:L62) -> 18635
A65: Population UN | B65: 174681.1 | C65: 175389.3 | D65: 175074.6 | E65: 174962.3 | F65: 174800 | G65: 175040.4 | H65: 175834.5 | I65: 176455.7 | J65: 177536.2 | K65: 179200.3 | L65: 180285.9

Sheet Cote d'Ivoire
A1: Cote d'Ivoire HRH Stock from 2012 to 2022 | N1: Home
A2: Occupation | B2: 2012 | C2: 2013 | D2: 2014 | E2: 2015 | F2: 2016 | G2: 2017 | H2: 2018 | I2: 2019 | J2: 2020 | K2: 2021 | L2: 2022
A3: Medical Doctors | B3: 0 | C3: 0 | D3: 5240 | E3: 0 | F3: 0 | G3: 0 | H3: 5602 | I3: 4173 | J3: 4435 | K3: 4951 | L3: 4930
A4: Generalist Medical Practitioners (incl. Family medical practitioners) | B4: 0 | C4: 0 | D4: 0 | E4: 0 | F4: 0 | G4: 0 | H4: 4246 | I4: 0 | J4: 4435 | K4: 4623 | L4: 4412
A5: Medical group of Specialists Practitioners | B5: 0 | C5: 0 | D5: 0 | E5: 0 | F5: 0 | G5: 0 | H5: 0 | I5: 0 | J5: 0 | K5: 0 | L5: 0
A6: Nursing Personnel | B6: 0 | C6: 8780 | D6: 8868 | E6: 10891 | F6: 12132 | G6: 13583 | H6: 15163 | I6: 11259 | J6: 13396 | K6: 12887 | L6: 14979
A7: Midwifery personnel | B7: 0 | C7: 3851 | D7: 5300 | E7: 0 | F7: 0 | G7: 0 | H7: 0 | I7: 5601 | J7: 6345 | K7: 7074 | L7: 7425
A8: Dentists | B8: 0 | C8: 0 | D8: 490 | E8: 0 | F8: 0 | G8: 0 | H8: 506 | I8: 373 | J8: 397 | K8: 416 | L8: 418
A9: Pharmacists | B9: 0 | C9: 0 | D9: 2430 | E9: 0 | F9: 0 | G9: 0 | H9: 2495 | I9: 944 | J9: 1029 | K9: 1117 | L9: 1162
A10: Administrative staff | B10: 0 | C10: 0 | D10: 0 | E10: 0 | F10: 0 | G10: 0 | H10: 0 | I10: 0 | J10: 0 | K10: 0 | L10: 0
A11: Ambulance Workers | B11: 0 | C11: 0 | D11: 0 | E11: 0 | F11: 0 | G11: 0 | H11: 0 | I11: 0 | J11: 0 | K11: 0 | L11: 0
A12: Audiologists and Speech Therapists | B12: 0 | C12: 0 | D12: 0 | E12: 0 | F12: 0 | G12: 0 | H12: 0 | I12: 0 | J12: 0 | K12: 0 | L12: 0
A13: Biomedical engineer | B13: 0 | C13: 0 | D13: 0 | E13: 0 | F13: 0 | G13: 0 | H13: 0 | I13: 0 | J13: 0 | K13: 0 | L13: 0
... A62: Traditional and Complementary Medicine Professionals | B62: 0 | C62: 0 | D62: 0 | E62: 0 | F62: 0 | G62: 0 | H62: 0 | I62: 0 | J62: 0 | K62: 0 | L62: 0
A63: Total | B63: =SUM(B3:B62) -> 0 | C63: =SUM(C3:C62) -> 25262 | D63: =SUM(D3:D62) -> 50752 | E63: =SUM(E3:E62) -> 21782 | F63: =SUM(F3:F62) -> 24264 | G63: =SUM(G3:G62) -> 27166 | H63: =SUM(H3:H62) -> 59087 | I63: =SUM(I3:I62) -> 51061 | ... L63: =SUM(L3:L62) -> 64755
A65: Population UN | B65: 808861.1 | C65: 812933 | D65: 819320.4 | E65: 830910.6 | F65: 846051 | G65: 863980 | H65: 875669 | I65: 883020.8 | J65: 896181.6 | K65: 911396.5 | L65: 924980.8

Sheet DRC
A1: DRC HRH Stock from 2012 to 2022
A2: Occupation | B2: 2012 | C2: 2013 | D2: 2014 | E2: 2015 | F2: 2016 | G2: 2017 | H2: 2018 | I2: 2019 | J2: 2020 | K2: 2021 | L2: 2022 | N2: HOME
A3: Medical Doctors | B3: 0 | C3: 6418 | D3: 0 | E3: 0 | F3: 0 | G3: 0 | H3: 0 | I3: 15016 | J3: 0 | K3: 16989 | L3: 18493
A4: Generalist Medical Practitioners (incl. Family medical practitioners) | B4: 0 | C4: 0 | D4: 0 | E4: 0 | F4: 0 | G4: 0 | H4: 0 | I4: 15016 | J4: 0 | K4: 16989 | L4: 18493
A5: Medical group of Specialists Practitioners | B5: 0 | C5: 0 | D5: 0 | E5: 0 | F5: 0 | G5: 0 | H5: 0 | I5: 0 | J5: 0 | K5: 0 | L5: 0
A6: Nursing Personnel | B6: 0 | C6: 59813 | D6: 0 | E6: 72270 | F6: 44897 | G6: 73046 | H6: 93326 | I6: 93964 | J6: 0 | K6: 101752 | L6: 115316
A7: Midwifery personnel | B7: 0 | C7: 1555 | D7: 0 | E7: 0 | F7: 1793 | G7: 0 | H7: 0 | I7: 3149 | J7: 0 | K7: 2093 | L7: 2640
A8: Dentists | B8: 0 | C8: 0 | D8: 0 | E8: 0 | F8: 147 | G8: 0 | H8: 404 | I8: 422 | J8: 0 | K8: 268 | L8: 392
A9: Pharmacists | B9: 0 | C9: 283 | D9: 0 | E9: 0 | F9: 404 | G9: 0 | H9: 1687 | I9: 584 | J9: 0 | K9: 682 | L9: 806
A10: Administrative staff | B10: 0 | C10: 0 | D10: 0 | E10: 0 | F10: 0 | G10: 0 | H10: 0 | I10: 75871 | J10: 0 | K10: 87086 | L10: 101117
A11: Ambulance Workers | B11: 0 | C11: 0 | D11: 0 | E11: 0 | F11: 0 | G11: 0 | H11: 0 | I11: 0 | J11: 0 | K11: 0 | L11: 0
A12: Audiologists and Speech Therapists | B12: 0 | C12: 0 | D12: 0 | E12: 0 | F12: 0 | G12: 0 | H12: 0 | I12: 0 | J12: 0 | K12: 0 | L12: 0
A13: Biomedical engineer | B13: 0 | C13: 0 | D13: 0 | E13: 0 | F13: 0 | G13: 0 | H13: 0 | I13: 0 | J13: 0 | K13: 0 | L13: 0
A14: Community Health Workers | B14: 0 | C14: 0 | D14: 0 | E14: 0 | F14: 0 | G14: 0 | H14: 0 | I14: 0 | J14: 0 | K14: 0 | L14: 0
... A62: Traditional and Complementary Medicine Professionals | B62: 0 | C62: 0 | D62: 0 | E62: 0 | F62: 0 | G62: 0 | H62: 0 | I62: 0 | J62: 0 | K62: 0 | L62: 0
A63: Total | B63: =SUM(B3:B62) -> 0 | C63: =SUM(C3:C62) -> 138850 | D63: =SUM(D3:D62) -> 0 | E63: =SUM(E3:E62) -> 144540 | F63: =SUM(F3:F62) -> 94131 | G63: =SUM(G3:G62) -> 146092 | H63: =SUM(H3:H62) -> 191677 | I63: =SUM(I3:I62) -> 307934 | ... L63: =SUM(L3:L62) -> 385816
A65: Population UN | B65: 3026941 | C65: 3118004.4 | D65: 3207143.3 | E65: 3300775.6 | F65: 3397335.8 | G65: 3505486.6 | H65: 3612384.5 | I65: 3709546.6 | J65: 3804138.2 | K65: 3905396.8 | L65: 4011145.2

Sheet Equatorial Guinea
A1: Equatorial Guinea HRH Stock from 2012 to 2022
A2: Occupation | B2: 2012 | C2: 2013 | D2: 2014 | E2: 2015 | F2: 2016 | G2: 2017 | H2: 2018 | I2: 2019 | J2: 2020 | K2: 2021 | L2: 2022 | N2: HOME
A3: Medical Doctors | B3: =+'AFRO Stock 2012'!U4 -> 0 | C3: =+'AFRO Stock 2013'!U4 -> 0 | D3: =+'AFRO Stock 2014'!U4 -> 0 | E3: =+'AFRO Stock 2015'!U4 -> 0 | F3: =+'AFRO Stock 2016'!U4 -> 0 | G3: =+'AFRO Stock 2017'!U4 -> 507 | H3: =+'AFRO Stock 2018'!U4 -> 0 | I3: =+'AFRO Stock 2019'!U4 -> 0 | J3: =+'AFRO Stock 2020'!U4 -> 0 | K3: =+'AFRO Stock 2021'!U4 -> 0 | L3: =+'AFRO Stock 2022'!U4 -> 239
A4: Generalist Medical Practitioners (incl. Family medical practitioners) | B4: =+'AFRO Stock 2012'!U5 -> 0 | C4: =+'AFRO Stock 2013'!U5 -> 0 | D4: =+'AFRO Stock 2014'!U5 -> 0 | E4: =+'AFRO Stock 2015'!U5 -> 0 | F4: =+'AFRO Stock 2016'!U5 -> 0 | G4: =+'AFRO Stock 2017'!U5 -> 0 | H4: =+'AFRO Stock 2018'!U5 -> 0 | I4: =+'AFRO Stock 2019'!U5 -> 0 | J4: =+'AFRO Stock 2020'!U5 -> 0 | K4: =+'AFRO Stock 2021'!U5 -> 0 | L4: =+'AFRO Stock 2022'!U5 -> 182
A5: Medical group of Specialists Practitioners | B5: =+'AFRO Stock 2012'!U6 -> 0 | C5: =+'AFRO Stock 2013'!U6 -> 0 | D5: =+'AFRO Stock 2014'!U6 -> 0 | E5: =+'AFRO Stock 2015'!U6 -> 0 | F5: =+'AFRO Stock 2016'!U6 -> 0 | G5: =+'AFRO Stock 2017'!U6 -> 0 | H5: =+'AFRO Stock 2018'!U6 -> 0 | I5: =+'AFRO Stock 2019'!U6 -> 0 | J5: =+'AFRO Stock 2020'!U6 -> 0 | K5: =+'AFRO Stock 2021'!U6 -> 0 | L5: =+'AFRO Stock 2022'!U6 -> 0
A6: Nursing Personnel | B6: =+'AFRO Stock 2012'!U7 -> 0 | C6: =+'AFRO Stock 2013'!U7 -> 0 | D6: =+'AFRO Stock 2014'!U7 -> 0 | E6: =+'AFRO Stock 2015'!U7 -> 0 | F6: =+'AFRO Stock 2016'!U7 -> 0 | G6: =+'AFRO Stock 2017'!U7 -> 634 | H6: =+'AFRO Stock 2018'!U7 -> 0 | I6: =+'AFRO Stock 2019'!U7 -> 0 | J6: =+'AFRO Stock 2020'!U7 -> 0 | K6: =+'AFRO Stock 2021'!U7 -> 0 | L6: =+'AFRO Stock 2022'!U7 -> 1375
A7: Midwifery personnel | B7: =+'AFRO Stock 2012'!U8 -> 0 | C7: =+'AFRO Stock 2013'!U8 -> 0 | D7: =+'AFRO Stock 2014'!U8 -> 0 | E7: =+'AFRO Stock 2015'!U8 -> 0 | F7: =+'AFRO Stock 2016'!U8 -> 0 | G7: =+'AFRO Stock 2017'!U8 -> 0 | H7: =+'AFRO Stock 2018'!U8 -> 0 | I7: =+'AFRO Stock 2019'!U8 -> 0 | J7: =+'AFRO Stock 2020'!U8 -> 0 | K7: =+'AFRO Stock 2021'!U8 -> 0 | L7: =+'AFRO Stock 2022'!U8 -> 23
A8: Dentists | B8: =+'AFRO Stock 2012'!U9 -> 0 | C8: =+'AFRO Stock 2013'!U9 -> 0 | D8: =+'AFRO Stock 2014'!U9 -> 0 | E8: =+'AFRO Stock 2015'!U9 -> 0 | F8: =+'AFRO Stock 2016'!U9 -> 0 | G8: =+'AFRO Stock 2017'!U9 -> 0 | H8: =+'AFRO Stock 2018'!U9 -> 0 | I8: =+'AFRO Stock 2019'!U9 -> 0 | J8: =+'AFRO Stock 2020'!U9 -> 0 | K8: =+'AFRO Stock 2021'!U9 -> 0 | L8: =+'AFRO Stock 2022'!U9 -> 0
A9: Pharmacists | B9: =+'AFRO Stock 2012'!U10 -> 0 | C9: =+'AFRO Stock 2013'!U10 -> 0 | D9: =+'AFRO Stock 2014'!U10 -> 0 | E9: =+'AFRO Stock 2015'!U10 -> 0 | F9: =+'AFRO Stock 2016'!U10 -> 0 | G9: =+'AFRO Stock 2017'!U10 -> 0 | H9: =+'AFRO Stock 2018'!U10 -> 10 | I9: =+'AFRO Stock 2019'!U10 -> 0 | J9: =+'AFRO Stock 2020'!U10 -> 0 | K9: =+'AFRO Stock 2021'!U10 -> 0 | L9: =+'AFRO Stock 2022'!U10 -> 14
A10: Administrative staff | B10: =+'AFRO Stock 2012'!U11 -> 0 | C10: =+'AFRO Stock 2013'!U11 -> 0 | D10: =+'AFRO Stock 2014'!U11 -> 0 | E10: =+'AFRO Stock 2015'!U11 -> 0 | F10: =+'AFRO Stock 2016'!U11 -> 0 | G10: =+'AFRO Stock 2017'!U11 -> 0 | H10: =+'AFRO Stock 2018'!U11 -> 0 | I10: =+'AFRO Stock 2019'!U11 -> 0 | J10: =+'AFRO Stock 2020'!U11 -> 0 | K10: =+'AFRO Stock 2021'!U11 -> 0 | L10: =+'AFRO Stock 2022'!U11 -> 0
A11: Ambulance Workers | B11: =+'AFRO Stock 2012'!U12 -> 0 | C11: =+'AFRO Stock 2013'!U12 -> 0 | D11: =+'AFRO Stock 2014'!U12 -> 0 | E11: =+'AFRO Stock 2015'!U12 -> 0 | F11: =+'AFRO Stock 2016'!U12 -> 0 | G11: =+'AFRO Stock 2017'!U12 -> 0 | H11: =+'AFRO Stock 2018'!U12 -> 0 | I11: =+'AFRO Stock 2019'!U12 -> 0 | J11: =+'AFRO Stock 2020'!U12 -> 0 | K11: =+'AFRO Stock 2021'!U12 -> 0 | L11: =+'AFRO Stock 2022'!U12 -> 0
A12: Audiologists and Speech Therapists | B12: =+'AFRO Stock 2012'!U13 -> 0 | C12: =+'AFRO Stock 2013'!U13 -> 0 | D12: =+'AFRO Stock 2014'!U13 -> 0 | E12: =+'AFRO Stock 2015'!U13 -> 0 | F12: =+'AFRO Stock 2016'!U13 -> 0 | G12: =+'AFRO Stock 2017'!U13 -> 0 | H12: =+'AFRO Stock 2018'!U13 -> 0 | I12: =+'AFRO Stock 2019'!U13 -> 0 | J12: =+'AFRO Stock 2020'!U13 -> 0 | K12: =+'AFRO Stock 2021'!U13 -> 0 | L12: =+'AFRO Stock 2022'!U13 -> 0
A13: Biomedical engineer | B13: =+'AFRO Stock 2012'!U14 -> 0 | C13: =+'AFRO Stock 2013'!U14 -> 0 | D13: =+'AFRO Stock 2014'!U14 -> 0 | E13: =+'AFRO Stock 2015'!U14 -> 0 | F13: =+'AFRO Stock 2016'!U14 -> 0 | G13: =+'AFRO Stock 2017'!U14 -> 0 | H13: =+'AFRO Stock 2018'!U14 -> 0 | I13: =+'AFRO Stock 2019'!U14 -> 0 | J13: =+'AFRO Stock 2020'!U14 -> 0 | K13: =+'AFRO Stock 2021'!U14 -> 0 | L13: =+'AFRO Stock 2022'!U14 -> 0
A14: Community Health Workers | B14: =+'AFRO Stock 2012'!U15 -> 0 | C14: =+'AFRO Stock 2013'!U15 -> 0 | D14: =+'AFRO Stock 2014'!U15 -> 0 | E14: =+'AFRO Stock 2015'!U15 -> 0 | F14: =+'AFRO Stock 2016'!U15 -> 0 | G14: =+'AFRO Stock 2017'!U15 -> 0 | H14: =+'AFRO Stock 2018'!U15 -> 0 | I14: =+'AFRO Stock 2019'!U15 -> 0 | J14: =+'AFRO Stock 2020'!U15 -> 0 | K14: =+'AFRO Stock 2021'!U15 -> 0 | L14: =+'AFRO Stock 2022'!U15 -> 146
... A62: Traditional and Complementary Medicine Professionals | B62: =+'AFRO Stock 2012'!U63 -> 0 | C62: =+'AFRO Stock 2013'!U63 -> 0 | D62: =+'AFRO Stock 2014'!U63 -> 0 | E62: =+'AFRO Stock 2015'!U63 -> 0 | F62: =+'AFRO Stock 2016'!U63 -> 0 | G62: =+'AFRO Stock 2017'!U63 -> 0 | H62: =+'AFRO Stock 2018'!U63 -> 0 | I62: =+'AFRO Stock 2019'!U63 -> 0 | J62: =+'AFRO Stock 2020'!U63 -> 0 | K62: =+'AFRO Stock 2021'!U63 -> 0 | L62: =+'AFRO Stock 2022'!U63 -> 0
A63: Total | B63: =SUM(B3:B62) -> 0 | C63: =SUM(C3:C62) -> 0 | D63: =SUM(D3:D62) -> 0 | E63: =SUM(E3:E62) -> 0 | F63: =SUM(F3:F62) -> 0 | G63: =SUM(G3:G62) -> 2282 | H63: =SUM(H3:H62) -> 12 | I63: =SUM(I3:I62) -> 0 | ... L63: =SUM(L3:L62) -> 4136
A65: Population UN | B65: 42828 | C65: 44010.1 | D65: 45062.4 | E65: 45967.3 | F65: 46750.5 | G65: 47406.7 | H65: 47969.6 | I65: 48504 | J65: 48954.6 | K65: 49221.8 | L65: 49447.1

Sheet Eritrea
A1: Eritrea HRH Stock from 2012 to 2022
A2: Occupation | B2: 2012 | C2: 2013 | D2: 2014 | E2: 2015 | F2: 2016 | G2: 2017 | H2: 2018 | I2: 2019 | J2: 2020 | K2: 2021 | L2: 2022 | N2: HOME
A3: Medical Doctors | B3: 153 | C3: 172 | D3: 204 | E3: 212 | F3: 226 | G3: 224 | H3: 280 | I3: 248 | J3: 291 | K3: 286 | L3: 260
A4: Generalist Medical Practitioners (incl. Family medical practitioners) | B4: 0 | C4: 0 | D4: 0 | E4: 0 | F4: 0 | G4: 0 | H4: 160 | I4: 0 | J4: 0 | K4: 276 | L4: 260
A5: Medical group of Specialists Practitioners | B5: 0 | C5: 0 | D5: 0 | E5: 0 | F5: 0 | G5: 0 | H5: 0 | I5: 0 | J5: 0 | K5: 19 | L5: 19
A6: Nursing Personnel | B6: 0 | C6: 4262 | D6: 4132 | E6: 3962 | F6: 4484 | G6: 4528 | H6: 4971 | I6: 0 | J6: 0 | K6: 4681 | L6: 5007
A7: Midwifery personnel | B7: 0 | C7: 0 | D7: 0 | E7: 0 | F7: 376 | G7: 0 | H7: 0 | I7: 0 | J7: 0 | K7: 67 | L7: 67
A8: Dentists | B8: 0 | C8: 0 | D8: 0 | E8: 0 | F8: 0 | G8: 0 | H8: 186 | I8: 0 | J8: 0 | K8: 60 | L8: 58
A9: Pharmacists | B9: 0 | C9: 0 | D9: 0 | E9: 0 | F9: 0 | G9: 0 | H9: 451 | I9: 0 | J9: 0 | K9: 208 | L9: 199
A10: Administrative staff | B10: 0 | C10: 0 | D10: 0 | E10: 0 | F10: 0 | G10: 0 | H10: 0 | I10: 0 | J10: 0 | K10: 0 | L10: 4713
A11: Ambulance Workers | B11: 0 | C11: 0 | D11: 0 | E11: 0 | F11: 0 | G11: 0 | H11: 0 | I11: 0 | J11: 0 | K11: 0 | L11: 0
A12: Audiologists and Speech Therapists | B12: 0 | C12: 0 | D12: 0 | E12: 0 | F12: 0 | G12: 0 | H12: 0 | I12: 0 | J12: 0 | K12: 0 | L12: 0
A13: Biomedical engineer | B13: 0 | C13: 0 | D13: 0 | E13: 0 | F13: 0 | G13: 0 | H13: 0 | I13: 0 | J13: 0 | K13: 11 | L13: 11
A14: Community Health Workers | B14: 0 | C14: 0 | D14: 0 | E14: 0 | F14: 0 | G14: 0 | H14: 243 | I14: 0 | J14: 6000 | K14: 2626 | L14: 2626
... A62: Traditional and Complementary Medicine Professionals | B62: 0 | C62: 0 | D62: 0 | E62: 0 | F62: 0 | G62: 0 | H62: 0 | I62: 0 | J62: 0 | K62: 0 | L62: 0
A63: Total | B63: =SUM(B3:B62) -> 389 | C63: =SUM(C3:C62) -> 8951 | D63: =SUM(D3:D62) -> 8748 | E63: =SUM(E3:E62) -> 8421 | F63: =SUM(F3:F62) -> 10257 | G63: =SUM(G3:G62) -> 9585 | H63: =SUM(H3:H62) -> 12010 | I63: =SUM(I3:I62) -> 576 | ... L63: =SUM(L3:L62) -> 20398
A65: Population UN | B65: 105648.1 | C65: 104956.6 | D65: 104202.4 | E65: 102828.4 | F65: 101415.1 | G65: 100718.5 | H65: 100677 | I65: 101446.8 | J65: 102444.9 | K65: 103744.1 | L65: 105140.5

Sheet Eswatini
A1: Eswatini HRH Stock from 2012 to 2022
A2: Occupation | B2: 2012 | C2: 2013 | D2: 2014 | E2: 2015 | F2: 2016 | G2: 2017 | H2: 2018 | I2: 2019 | J2: 2020 | K2: 2021 | L2: 2022 | N2: HOME
A3: Medical Doctors | B3: 0 | C3: 0 | D3: 0 | E3: 0 | F3: 107 | G3: 208 | H3: 278 | I3: 0 | J3: 165 | K3: 0 | L3: 1912
A4: Generalist Medical Practitioners (incl. Family medical practitioners) | B4: 0 | C4: 0 | D4: 0 | E4: 0 | F4: 0 | G4: 0 | H4: 211 | I4: 0 | J4: 136 | K4: 0 | L4: 623
A5: Medical group of Specialists Practitioners | B5: 0 | C5: 0 | D5: 0 | E5: 0 | F5: 0 | G5: 0 | H5: 0 | I5: 0 | J5: 0 | K5: 0 | L5: 0
A6: Nursing Personnel | B6: 0 | C6: 3735 | D6: 3847 | E6: 3976 | F6: 4200 | G6: 4431 | H6: 4706 | I6: 0 | J6: 2917 | K6: 0 | L6: 3824
A7: Midwifery personnel | B7: 0 | C7: 0 | D7: 0 | E7: 0 | F7: 0 | G7: 0 | H7: 0 | I7: 0 | J7: 0 | K7: 0 | L7: 0
A8: Dentists | B8: 0 | C8: 0 | D8: 0 | E8: 0 | F8: 0 | G8: 0 | H8: 74 | I8: 14 | J8: 22 | K8: 0 | L8: 0
A9: Pharmacists | B9: 0 | C9: 0 | D9: 0 | E9: 0 | F9: 0 | G9: 0 | H9: 281 | I9: 0 | J9: 48 | K9: 0 | L9: 0
A10: Administrative staff | B10: 0 | C10: 0 | D10: 0 | E10: 0 | F10: 0 | G10: 0 | H10: 0 | I10: 0 | J10: 2087 | K10: 0 | L10: 0
A11: Ambulance Workers | B11: 0 | C11: 0 | D11: 0 | E11: 0 | F11: 0 | G11: 0 | H11: 0 | I11: 0 | J11: 374 | K11: 0 | L11: 0
A12: Audiologists and Speech Therapists | B12: 0 | C12: 0 | D12: 0 | E12: 0 | F12: 0 | G12: 0 | H12: 0 | I12: 0 | J12: 7 | K12: 0 | L12: 0
A13: Biomedical engineer | B13: 0 | C13: 0 | D13: 0 | E13: 0 | F13: 0 | G13: 0 | H13: 0 | I13: 0 | J13: 75 | K13: 0 | L13: 0
A14: Community Health Workers | B14: 0 | C14: 0 | D14: 0 | E14: 0 | F14: 0 | G14: 0 | H14: 6324 | I14: 0 | J14: 5386 | K14: 0 | L14: 0
... A65: Population UN | B65: 32540 | C65: 32451 | D65: 32210.7 | E65: 31767.3 | F65: 31320.3 | G65: 30815.7 | H65: 30300.3 | I65: 29875.9 | J65: 29530.3 | K65: 29226.2 | L65: 28860

Sheet Ethiopia
A1: Ethiopia HRH Stock from 2012 to 2022
A2: Occupation | B2: 2012 | C2: 2013 | D2: 2014 | E2: 2015 | F2: 2016 | G2: 2017 | H2: 2018 | I2: 2019 | J2: 2020 | K2: 2021 | L2: 2022 | N2: HOME
A3: Medical Doctors | B3: 0 | C3: 0 | D3: 0 | E3: 0 | F3: 0 | G3: 0 | H3: 8395 | I3: 5867 | J3: 12174 | K3: 12174 | L3: 13327
A4: Generalist Medical Practitioners (incl. Family medical practitioners) | B4: 0 | C4: 0 | D4: 0 | E4: 0 | F4: 0 | G4: 0 | H4: 5867 | I4: 5867 | J4: 9361 | K4: 9361 | L4: 8860
A5: Medical group of Specialists Practitioners | B5: 0 | C5: 0 | D5: 0 | E5: 0 | F5: 0 | G5: 0 | H5: 0 | I5: 0 | J5: 847 | K5: 0 | L5: 540
A6: Nursing Personnel | B6: 0 | C6: 0 | D6: 0 | E6: 0 | F6: 0 | G6: 88164 | H6: 61772 | I6: 0 | J6: 69824 | K6: 69824 | L6: 70246
A7: Midwifery personnel | B7: 0 | C7: 6925 | D7: 0 | E7: 0 | F7: 12069 | G7: 0 | H7: 16159 | I7: 0 | J7: 20355 | K7: 20355 | L7: 21993
A8: Dentists | B8: 0 | C8: 0 | D8: 0 | E8: 0 | F8: 0 | G8: 0 | H8: 1889 | I8: 52 | J8: 228 | K8: 0 | L8: 271
A9: Pharmacists | B9: 0 | C9: 0 | D9: 0 | E9: 0 | F9: 0 | G9: 0 | H9: 10752 | I9: 0 | J9: 5394 | K9: 15498 | L9: 5871
A10: Administrative staff | B10: 0 | C10: 0 | D10: 0 | E10: 0 | F10: 0 | G10: 0 | H10: 0 | I10: 0 | J10: 113189 | K10: 113189 | L10: 121853
A11: Ambulance Workers | B11: 0 | C11: 0 | D11: 0 | E11: 0 | F11: 0 | G11: 0 | H11: 0 | I11: 0 | J11: 0 | K11: 0 | L11: 0
A12: Audiologists and Speech Therapists | B12: 0 | C12: 0 | D12: 0 | E12: 0 | F12: 0 | G12: 0 | H12: 0 | I12: 0 | J12: 4 | K12: 0 | L12: 0
A13: Biomedical engineer | B13: 0 | C13: 0 | D13: 0 | E13: 0 | F13: 0 | G13: 0 | H13: 0 | I13: 0 | J13: 423 | K13: 987 | L13: 1086
A14: Community Health Workers | B14: 0 | C14: 0 | D14: 0 | E14: 0 | F14: 0 | G14: 0 | H14: 37259 | I14: 0 | J14: 42630 | K14: 42630 | L14: 41101
... A62: Traditional and Complementary Medicine Professionals | B62: 0 | C62: 0 | D62: 0 | E62: 0 | F62: 0 | G62: 0 | H62: 0 | I62: 0 | J62: 0 | K62: 0 | L62: 0
A63: Total | B63: =SUM(B3:B62) -> 0 | C63: =SUM(C3:C62) -> 13850 | D63: =SUM(D3:D62) -> 0 | E63: =SUM(E3:E62) -> 0 | F63: =SUM(F3:F62) -> 24434 | G63: =SUM(G3:G62) -> 176328 | H63: =SUM(H3:H62) -> 233238 | I63: =SUM(I3:I62) -> 11786 | ... L63: =SUM(L3:L62) -> 427752
A65: Population UN | B65: 3248329.2 | C65: 3257516.8 | D65: 3292126.2 | E65: 3362812.3 | F65: 3447899.3 | G65: 3528311.4 | H65: 3612346.7 | I65: 3717724.4 | J65: 3808847.5 | K65: 3870531 | L65: 3920543

Sheet Gabon
A1: Gabon HRH Stock from 2012 to 2022
A2: Occupation | B2: 2012 | C2: 2013 | D2: 2014 | E2: 2015 | F2: 2016 | G2: 2017 | H2: 2018 | I2: 2019 | J2: 2020 | K2: 2021 | L2: 2022 | N2: HOME
A3: Medical Doctors | B3: 0 | C3: 0 | D3: 0 | E3: 0 | F3: 715 | G3: 1408 | H3: 1368 | I3: 1368 | J3: 1362 | K3: 0 | L3: 1139
A4: Generalist Medical Practitioners (incl. Family medical practitioners) | B4: 0 | C4: 0 | D4: 0 | E4: 0 | F4: 0 | G4: 570 | H4: 570 | I4: 516 | J4: 526 | K4: 0 | L4: 612
A5: Medical group of Specialists Practitioners | B5: 0 | C5: 0 | D5: 0 | E5: 0 | F5: 0 | G5: 0 | H5: 0 | I5: 113 | J5: 114 | K5: 0 | L5: 137
A6: Nursing Personnel | B6: 0 | C6: 0 | D6: 0 | E6: 0 | F6: 4596 | G6: 5350 | H6: 6085 | I6: 4711 | J6: 5481 | K6: 0 | L6: 4277
A7: Midwifery personnel | B7: 0 | C7: 437 | D7: 0 | E7: 0 | F7: 513 | G7: 733 | H7: 0 | I7: 607 | J7: 662 | K7: 0 | L7: 920
A8: Dentists | B8: 0 | C8: 0 | D8: 0 | E8: 0 | F8: 0 | G8: 37 | H8: 40 | I8: 34 | J8: 34 | K8: 0 | L8: 44
A9: Pharmacists | B9: 0 | C9: 0 | D9: 0 | E9: 0 | F9: 46 | G9: 121 | H9: 227 | I9: 140 | J9: 139 | K9: 0 | L9: 168
A10: Administrative staff | B10: 0 | C10: 0 | D10: 0 | E10: 0 | F10: 0 | G10: 1943 | H10: 0 | I10: 693 | J10: 693 | K10: 0 | L10: 0
A11: Ambulance Workers | B11: 0 | C11: 0 | D11: 0 | E11: 0 | F11: 0 | G11: 0 | H11: 0 | I11: 159 | J11: 132 | K11: 0 | L11: 0
A12: Audiologists and Speech Therapists | B12: 0 | C12: 0 | D12: 0 | E12: 0 | F12: 0 | G12: 2 | H12: 0 | I12: 1 | J12: 0 | K12: 0 | L12: 0
A13: Biomedical engineer | B13: 0 | C13: 0 | D13: 0 | E13: 0 | F13: 0 | G13: 8 | H13: 0 | I13: 65 | J13: 66 | K13: 0 | L13: 0
A14: Community Health Workers | B14: 0 | C14: 0 | D14: 0 | E14: 0 | F14: 0 | G14: 0 | H14: 0 | I14: 117 | J14: 110 | K14: 0 | L14: 98
... A62: Traditional and Complementary Medicine Professionals | B62: 0 | C62: 0 | D62: 0 | E62: 0 | F62: 0 | G62: 99 | H62: 0 | I62: 33 | J62: 33 | K62: 0 | L62: 0
A63: Total | B63: =SUM(B3:B62) -> 0 | C63: =SUM(C3:C62) -> 874 | D63: =SUM(D3:D62) -> 0 | E63: =SUM(E3:E62) -> 0 | F63: =SUM(F3:F62) -> 12326 | G63: =SUM(G3:G62) -> 19134 | H63: =SUM(H3:H62) -> 15612 | I63: =SUM(I3:I62) -> 22486 | ... L63: =SUM(L3:L62) -> 15278
A65: Population UN | B65: 59226.3 | C65: 60469.6 | D65: 61619.1 | E65: 62601.9 | F65: 63306.9 | G65: 63752.5 | H65: 63976.2 | I65: 64066.9 | J65: 64112.7 | K65: 64185.3 | L65: 64514.8

Sheet Gambia
A1: Gambia HRH Stock from 2012 to 2022
A2: Occupation | B2: 2012 | C2: 2013 | D2: 2014 | E2: 2015 | F2: 2016 | G2: 2017 | H2: 2018 | I2: 2019 | J2: 2020 | K2: 2021 | L2: 2022 | N2: HOME
A3: Medical Doctors | B3: 0 | C3: 0 | D3: 0 | E3: 213 | F3: 0 | G3: 232 | H3: 298 | I3: 188 | J3: 196 | K3: 269 | L3: 0
A4: Generalist Medical Practitioners (incl. Family medical practitioners) | B4: 0 | C4: 0 | D4: 0 | E4: 0 | F4: 0 | G4: 152 | H4: 181 | I4: 107 | J4: 122 | K4: 156 | L4: 0
A5: Medical group of Specialists Practitioners | B5: 0 | C5: 0 | D5: 0 | E5: 0 | F5: 0 | G5: 0 | H5: 0 | I5: 51 | J5: 47 | K5: 69 | L5: 0
A6: Nursing Personnel | B6: 2386 | C6: 0 | D6: 0 | E6: 2372 | F6: 0 | G6: 1127 | H6: 1498 | I6: 749 | J6: 1229 | K6: 1404 | L6: 0
A7: Midwifery personnel | B7: 0 | C7: 259 | D7: 0 | E7: 850 | F7: 0 | G7: 422 | H7: 0 | I7: 341 | J7: 540 | K7: 379 | L7: 0
A8: Dentists | B8: 0 | C8: 0 | D8: 0 | E8: 17 | F8: 0 | G8: 0 | H8: 4 | I8: 12 | J8: 8 | K8: 9 | L8: 0
A9: Pharmacists | B9: 0 | C9: 0 | D9: 0 | E9: 5 | F9: 0 | G9: 0 | H9: 2 | I9: 2 | J9: 0 | K9: 4 | L9: 0
A10: Administrative staff | B10: 0 | C10: 0 | D10: 0 | E10: 0 | F10: 0 | G10: 0 | H10: 0 | I10: 0 | J10: 0 | K10: 0 | L10: 0
A11: Ambulance Workers | B11: 0 | C11: 0 | D11: 0 | E11: 0 | F11: 0 | G11: 0 | H11: 0 | I11: 0 | J11: 0 | K11: 0 | L11: 0
A12: Audiologists and Speech Therapists | B12: 0 | C12: 0 | D12: 0 | E12: 0 | F12: 0 | G12: 0 | H12: 0 | I12: 0 | J12: 0 | K12: 0 | L12: 0
A13: Biomedical engineer | B13: 0 | C13: 0 | D13: 0 | E13: 0 | F13: 0 | G13: 0 | H13: 0 | I13: 10 | J13: 10 | K13: 3 | L13: 0
A14: Community Health Workers | B14: 0 | C14: 0 | D14: 0 | E14: 0 | F14: 0 | G14: 0 | H14: 1553 | I14: 0 | J14: 0 | K14: 0 | L14: 0
... A62: Traditional and Complementary Medicine Professionals | B62: 0 | C62: 0 | D62: 0 | E62: 0 | F62: 0 | G62: 0 | H62: 0 | I62: 0 | J62: 0 | K62: 0 | L62: 0
A63: Total | B63: =SUM(B3:B62) -> 5555 | C63: =SUM(C3:C62) -> 518 | D63: =SUM(D3:D62) -> 0 | E63: =SUM(E3:E62) -> 7387 | F63: =SUM(F3:F62) -> 1 | G63: =SUM(G3:G62) -> 4030 | H63: =SUM(H3:H62) -> 5382 | I63: =SUM(I3:I62) -> 3452 | ... L63: =SUM(L3:L62) -> 0
A65: Population UN | B65: 81185.8 | C65: 82489.4 | D65: 83366.8 | E65: 83965.3 | F65: 84366.1 | G65: 84719.8 | H65: 85148.1 | I65: 85715.6 | J65: 86528 | K65: 87525.9 | L65: 88529.1

Sheet Ghana
A1: Ghana HRH Stock from 2012 to 2022
A2: Occupation | B2: 2012 | C2: 2013 | D2: 2014 | E2: 2015 | F2: 2016 | G2: 2017 | H2: 2018 | I2: 2019 | J2: 2020 | K2: 2021 | L2: 2022 | N2: HOME
A3: Medical Doctors | B3: =+'AFRO Stock 2012'!W4 -> 2486 | C3: =+'AFRO Stock 2013'!W4 -> 2730 | D3: =+'AFRO Stock 2014'!W4 -> 3016 | E3: =+'AFRO Stock 2015'!W4 -> 3263 | F3: =+'AFRO Stock 2016'!W4 -> 3618 | G3: =+'AFRO Stock 2017'!W4 -> 2679 | H3: =+'AFRO Stock 2018'!W4 -> 4406 | I3: =+'AFRO Stock 2019'!W4 -> 3236 | J3: =+'AFRO Stock 2020'!W4 -> 5285 | K3: =+'AFRO Stock 2021'!W4 -> 4169 | L3: =+'AFRO Stock 2022'!W4 -> 4726
A4: Generalist Medical Practitioners (incl. Family medical practitioners) | B4: =+'AFRO Stock 2012'!W5 -> 0 | C4: =+'AFRO Stock 2013'!W5 -> 0 | D4: =+'AFRO Stock 2014'!W5 -> 0 | E4: =+'AFRO Stock 2015'!W5 -> 0 | F4: =+'AFRO Stock 2016'!W5 -> 0 | G4: =+'AFRO Stock 2017'!W5 -> 1757 | H4: =+'AFRO Stock 2018'!W5 -> 3316 | I4: =+'AFRO Stock 2019'!W5 -> 2181 | J4: =+'AFRO Stock 2020'!W5 -> 0 | K4: =+'AFRO Stock 2021'!W5 -> 3034 | L4: =+'AFRO Stock 2022'!W5 -> 3344
A5: Medical group of Specialists Practitioners | B5: =+'AFRO Stock 2012'!W6 -> 0 | C5: =+'AFRO Stock 2013'!W6 -> 0 | D5: =+'AFRO Stock 2014'!W6 -> 0 | E5: =+'AFRO Stock 2015'!W6 -> 0 | F5: =+'AFRO Stock 2016'!W6 -> 0 | G5: =+'AFRO Stock 2017'!W6 -> 0 | H5: =+'AFRO Stock 2018'!W6 -> 0 | I5: =+'AFRO Stock 2019'!W6 -> 0 | J5: =+'AFRO Stock 2020'!W6 -> 0 | K5: =+'AFRO Stock 2021'!W6 -> 0 | L5: =+'AFRO Stock 2022'!W6 -> 0
A6: Nursing Personnel | B6: =+'AFRO Stock 2012'!W7 -> 0 | C6: =+'AFRO Stock 2013'!W7 -> 0 | D6: =+'AFRO Stock 2014'!W7 -> 37404 | E6: =+'AFRO Stock 2015'!W7 -> 48939 | F6: =+'AFRO Stock 2016'!W7 -> 52605 | G6: =+'AFRO Stock 2017'!W7 -> 58608 | H6: =+'AFRO Stock 2018'!W7 -> 125024 | I6: =+'AFRO Stock 2019'!W7 -> 69789 | J6: =+'AFRO Stock 2020'!W7 -> 95789 | K6: =+'AFRO Stock 2021'!W7 -> 93144 | L6: =+'AFRO Stock 2022'!W7 -> 102943
A7: Midwifery personnel | B7: =+'AFRO Stock 2012'!W8 -> 0 | C7: =+'AFRO Stock 2013'!W8 -> 11287 | D7: =+'AFRO Stock 2014'!W8 -> 0 | E7: =+'AFRO Stock 2015'!W8 -> 6808 | F7: =+'AFRO Stock 2016'!W8 -> 7662 | G7: =+'AFRO Stock 2017'!W8 -> 9554 | H7: =+'AFRO Stock 2018'!W8 -> 10489 | I7: =+'AFRO Stock 2019'!W8 -> 12673 | J7: =+'AFRO Stock 2020'!W8 -> 16700 | K7: =+'AFRO Stock 2021'!W8 -> 19141 | L7: =+'AFRO Stock 2022'!W8 -> 23882
A8: Dentists | B8: =+'AFRO Stock 2012'!W9 -> 0 | C8: =+'AFRO Stock 2013'!W9 -> 0 | D8: =+'AFRO Stock 2014'!W9 -> 0 | E8: =+'AFRO Stock 2015'!W9 -> 0 | F8: =+'AFRO Stock 2016'!W9 -> 400 | G8: =+'AFRO Stock 2017'!W9 -> 0 | H8: =+'AFRO Stock 2018'!W9 -> 713 | I8: =+'AFRO Stock 2019'!W9 -> 0 | J8: =+'AFRO Stock 2020'!W9 -> 0 | K8: =+'AFRO Stock 2021'!W9 -> 0 | L8: =+'AFRO Stock 2022'!W9 -> 0
A9: Pharmacists | B9: =+'AFRO Stock 2012'!W10 -> 0 | C9: =+'AFRO Stock 2013'!W10 -> 0 | D9: =+'AFRO Stock 2014'!W10 -> 0 | E9: =+'AFRO Stock 2015'!W10 -> 0 | F9: =+'AFRO Stock 2016'!W10 -> 570 | G9: =+'AFRO Stock 2017'!W10 -> 718 | H9: =+'AFRO Stock 2018'!W10 -> 918 | I9: =+'AFRO Stock 2019'!W10 -> 1138 | J9: =+'AFRO Stock 2020'!W10 -> 1388 | K9: =+'AFRO Stock 2021'!W10 -> 1035 | L9: =+'AFRO Stock 2022'!W10 -> 1188
A10: Administrative staff | B10: =+'AFRO Stock 2012'!W11 -> 0 | C10: =+'AFRO Stock 2013'!W11 -> 0 | D10: =+'AFRO Stock 2014'!W11 -> 0 | E10: =+'AFRO Stock 2015'!W11 -> 0 | F10: =+'AFRO Stock 2016'!W11 -> 0 | G10: =+'AFRO Stock 2017'!W11 -> 0 | H10: =+'AFRO Stock 2018'!W11 -> 0 | I10: =+'AFRO Stock 2019'!W11 -> 0 | J10: =+'AFRO Stock 2020'!W11 -> 0 | K10: =+'AFRO Stock 2021'!W11 -> 4274 | L10: =+'AFRO Stock 2022'!W11 -> 4065
A11: Ambulance Workers | B11: =+'AFRO Stock 2012'!W12 -> 0 | C11: =+'AFRO Stock 2013'!W12 -> 0 | D11: =+'AFRO Stock 2014'!W12 -> 0 | E11: =+'AFRO Stock 2015'!W12 -> 0 | F11: =+'AFRO Stock 2016'!W12 -> 0 | G11: =+'AFRO Stock 2017'!W12 -> 0 | H11: =+'AFRO Stock 2018'!W12 -> 0 | I11: =+'AFRO Stock 2019'!W12 -> 0 | J11: =+'AFRO Stock 2020'!W12 -> 0 | K11: =+'AFRO Stock 2021'!W12 -> 2091 | L11: =+'AFRO Stock 2022'!W12 -> 3583
A12: Audiologists and Speech Therapists | B12: 0 | C12: 0 | D12: 0 | E12: 0 | F12: 0 | G12: 0 | H12: 0 | I12: 0 | J12: 0 | K12: 9 | L12: 30
A13: Biomedical engineer | B13: 0 | C13: 0 | D13: 0 | E13: 0 | F13: 0 | G13: 0 | H13: 0 | I13: 0 | J13: 0 | K13: 0 | L13: 0
A14: Community Health Workers | B14: 0 | C14: 5293 | D14: 0 | E14: 0 | F14: 0 | G14: 15456 | H14: 15820 | I14: 0 | J14: 0 | K14: 0 | L14: 0
A15: Dental Assistants and Therapists | B15: 0 | C15: 0 | D15: 0 | E15: 0 | F15: 516 | G15: 46 | H15: 0 | I15: 0 | J15: 0 | K15: 396 | L15: 488
A16: Dental Prosthetic Technicians | B16: 0 | C16: 0 | D16: 0 | E16: 0 | F16: 30 | G16: 167 | H16: 0 | I16: 0 | J16: 0 | K16: 0 | L16: 0
A17: Dieticians | B17: 0 | C17: 0 | D17: 0 | E17: 0 | F17: 0 | G17: 34 | H17: 0 | I17: 0 | J17: 0 | K17: 112 | L17: 153
A18: Dispensing Opticians | B18: 0 | C18: 0 | D18: 0 | E18: 0 | F18: 0 | G18: 0 | H18: 0 | I18: 0 | J18: 0 | K18: 0 | L18: 0
A19: Engineering and maintenance staff | B19: 0 | C19: 0 | D19: 0 | E19: 0 | F19: 0 | G19: 0 | H19: 0 | I19: 0 | J19: 0 | K19: 380 | L19: 436
A20: Environmental and Occupational Health Inspectors and Associates | B20: 0 | C20: 1473 | D20: 0 | E20: 0 | F20: 0 | G20: 0 | H20: 0 | I20: 0 | J20: 0 | K20: 0 | L20: 0
A21: Environmental and Occupational Health and Hygiene Professionals | B21: 0 | C21: 3639 | D21: 0 | E21: 0 | F21: 0 | G21: 0 | H21: 0 | I21: 0 | J21: 0 | K21: 6 | L21: 47
A22: General Paediatricians Practitioners | B22: 0 | C22: 0 | D22: 0 | E22: 0 | F22: 0 | G22: 0 | H22: 0 | I22: 0 | J22: 0 | K22: 0 | L22: 0
A23: Health Care Assistants | B23: 0 | C23: 0 | D23: 0 | E23: 0 | F23: 0 | G23: 0 | H23: 0 | I23: 0 | J23: 0 | K23: 0 | L23: 0
... A62: Traditional and Complementary Medicine Professionals | B62: 0 | C62: 4166 | D62: 0 | E62: 0 | F62: 0 | G62: 0 | H62: 0 | I62: 0 | J62: 0 | K62: 7 | L62: 0
A63: Total | B63: =SUM(B3:B62) -> 4972 | C63: =SUM(C3:C62) -> 57182 | D63: =SUM(D3:D62) -> 80840 | E63: =SUM(E3:E62) -> 118020 | F63: =SUM(F3:F62) -> 129286 | G63: =SUM(G3:G62) -> 160083 | H63: =SUM(H3:H62) -> 298852 | I63: =SUM(I3:I62) -> 172696 | ... L63: =SUM(L3:L62) -> 291782
A65: Population UN | B65: 867829 | C65: 884877.4 | D65: 893372.3 | E65: 904717.2 | F65: 908452.5 | G65: 890481.1 | H65: 889062.6 | I65: 902628.3 | J65: 906937.8 | K65: 910102.9 | L65: 913289.2

Sheet Guinea
A1: Guinea HRH Stock from 2012 to 2022
A2: Occupation | B2: 2012 | C2: 2013 | D2: 2014 | E2: 2015 | F2: 2016 | G2: 2017 | H2: 2018 | I2: 2019 | J2: 2020 | K2: 2021 | L2: 2022 | N2: HOME
A3: Medical Doctors | B3: 0 | C3: 0 | D3: 1844 | E3: 977 | F3: 977 | G3: 0 | H3: 2787 | I3: 0 | J3: 0 | K3: 0 | L3: 297
A4: Generalist Medical Practitioners (incl. Family medical practitioners) | B4: 0 | C4: 0 | D4: 0 | E4: 0 | F4: 0 | G4: 0 | H4: 2649 | I4: 0 | J4: 0 | K4: 0 | L4: 0
A5: Medical group of Specialists Practitioners | B5: 0 | C5: 0 | D5: 0 | E5: 0 | F5: 0 | G5: 0 | H5: 0 | I5: 0 | J5: 0 | K5: 0 | L5: 5
A6: Nursing Personnel | B6: 0 | C6: 0 | D6: 5789 | E6: 4389 | F6: 1010 | G6: 0 | H6: 7195 | I6: 0 | J6: 0 | K6: 0 | L6: 4367
A7: Midwifery personnel | B7: 0 | C7: 500 | D7: 500 | E7: 376 | F7: 443 | G7: 0 | H7: 0 | I7: 0 | J7: 0 | K7: 0 | L7: 777
A8: Dentists | B8: 0 | C8: 0 | D8: 0 | E8: 0 | F8: 50 | G8: 0 | H8: 73 | I8: 0 | J8: 0 | K8: 0 | L8: 34
A9: Pharmacists | B9: 0 | C9: 0 | D9: 0 | E9: 142 | F9: 107 | G9: 0 | H9: 255 | I9: 0 | J9: 0 | K9: 0 | L9: 0
A10: Administrative staff | B10: 0 | C10: 0 | D10: 0 | E10: 0 | F10: 0 | G10: 0 | H10: 0 | I10: 0 | J10: 0 | K10: 0 | L10: 0
A11: Ambulance Workers | B11: 0 | C11: 0 | D11: 0 | E11: 0 | F11: 0 | G11: 0 | H11: 0 | I11: 0 | J11: 0 | K11: 0 | L11: 0
A12: Audiologists and Speech Therapists | B12: 0 | C12: 0 | D12: 0 | E12: 0 | F12: 0 | G12: 0 | H12: 0 | I12: 0 | J12: 0 | K12: 0 | L12: 0
A13: Biomedical engineer | B13: 0 | C13: 0 | D13: 0 | E13: 0 | F13: 0 | G13: 0 | H13: 0 | I13: 0 | J13: 0 | K13: 0 | L13: 0
A14: Community Health Workers | B14: 0 | C14: 0 | D14: 0 | E14: 6700 | F14: 6700 | G14: 0 | H14: 16567 | I14: 0 | J14: 0 | K14: 0 | L14: 0
... A62: Traditional and Complementary Medicine Professionals | B62: 0 | C62: 0 | D62: 0 | E62: 0 | F62: 0 | G62: 0 | H62: 0 | I62: 0 | J62: 0 | K62: 0 | L62: 0
A63: Total | B63: =SUM(B3:B62) -> 0 | C63: =SUM(C3:C62) -> 1000 | D63: =SUM(D3:D62) -> 16266 | E63: =SUM(E3:E62) -> 18326 | F63: =SUM(F3:F62) -> 11934 | G63: =SUM(G3:G62) -> 0 | H63: =SUM(H3:H62) -> 37040 | I63: =SUM(I3:I62) -> 0 | ... L63: =SUM(L3:L62) -> 11228
A65: Population UN | B65: 399755.3 | C65: 405974.1 | D65: 413410.9 | E65: 422845.4 | F65: 431325.2 | G65: 435595 | H65: 438506.5 | I65: 442929.1 | J65: 448514.4 | K65: 453737.3 | L65: 458014.7

Sheet Guinea-Bissau
A1: Guinea-Bissau HRH Stock from 2012 to 2022
A2: Occupation | B2: 2012 | C2: 2013 | D2: 2014 | E2: 2015 | F2: 2016 | G2: 2017 | H2: 2018 | I2: 2019 | J2: 2020 | K2: 2021 | L2: 2022 | N2: HOME
A3: Medical Doctors | B3: 0 | C3: 0 | D3: 0 | E3: 354 | F3: 183 | G3: 0 | H3: 578 | I3: 0 | J3: 385 | K3: 453 | L3: 438
A4: Generalist Medical Practitioners (incl. Family medical practitioners) | B4: 0 | C4: 0 | D4: 0 | E4: 0 | F4: 169 | G4: 0 | H4: 544 | I4: 0 | J4: 375 | K4: 444 | L4: 428
A5: Medical group of Specialists Practitioners | B5: 0 | C5: 0 | D5: 0 | E5: 0 | F5: 0 | G5: 0 | H5: 21 | I5: 0 | J5: 0 | K5: 0 | L5: 0
A6: Nursing Personnel | B6: 0 | C6: 727 | D6: 885 | E6: 964 | F6: 918 | G6: 0 | H6: 744 | I6: 0 | J6: 1371 | K6: 1956 | L6: 1879
A7: Midwifery personnel | B7: 0 | C7: 153 | D7: 0 | E7: 0 | F7: 125 | G7: 0 | H7: 0 | I7: 0 | J7: 185 | K7: 213 | L7: 197
A8: Dentists | B8: 0 | C8: 0 | D8: 0 | E8: 0 | F8: 7 | G8: 0 | H8: 0 | I8: 0 | J8: 5 | K8: 2 | L8: 20
A9: Pharmacists | B9: 0 | C9: 0 | D9: 0 | E9: 0 | F9: 5 | G9: 0 | H9: 11 | I9: 0 | J9: 13 | K9: 2 | L9: 2
A10: Administrative staff | B10: 0 | C10: 0 | D10: 0 | E10: 0 | F10: 0 | G10: 0 | H10: 3 | I10: 0 | J10: 119 | K10: 196 | L10: 181
A11: Ambulance Workers | B11: 0 | C11: 0 | D11: 0 | E11: 0 | F11: 0 | G11: 0 | H11: 15 | I11: 0 | J11: 0 | K11: 0 | L11: 0
A12: Audiologists and Speech Therapists | B12: 0 | C12: 0 | D12: 0 | E12: 0 | F12: 0 | G12: 0 | H12: 0 | I12: 0 | J12: 0 | K12: 0 | L12: 0
A13: Biomedical engineer | B13: 0 | C13: 0 | D13: 0 | E13: 0 | F13: 0 | G13: 0 | H13: 2 | I13: 0 | J13: 4 | K13: 0 | L13: 11
A14: Community Health Workers | B14: 0 | C14: 0 | D14: 0 | E14: 0 | F14: 0 | G14: 0 | H14: 3481 | I14: 0 | J14: 3711 | K14: 0 | L14: 3975
... A62: Traditional and Complementary Medicine Professionals | B62: 0 | C62: 0 | D62: 0 | E62: 0 | F62: 0 | G62: 0 | H62: 0 | I62: 0 | J62: 0 | K62: 0 | L62: 0
A63: Total | B63: =SUM(B3:B62) -> 0 | C63: =SUM(C3:C62) -> 1774 | D63: =SUM(D3:D62) -> 1899 | E63: =SUM(E3:E62) -> 2806 | F63: =SUM(F3:F62) -> 2897 | G63: =SUM(G3:G62) -> 0 | H63: =SUM(H3:H62) -> 6577 | I63: =SUM(I3:I62) -> 0 | ... L63: =SUM(L3:L62) -> 9747
A65: Population UN | B65: 60700.6 | C65: 61757.6 | D65: 62283.7 | E65: 62364.3 | F65: 62337 | G65: 61977.7 | H65: 61876.9 | I65: 62304.1 | J65: 62815 | K65: 63310.4 | L65: 63757.9

Sheet Kenya
A1: Kenya HRH Stock from 2012 to 2022
A2: Occupation | B2: 2012 | C2: 2013 | D2: 2014 | E2: 2015 | F2: 2016 | G2: 2017 | H2: 2018 | I2: 2019 | J2: 2020 | K2: 2021 | L2: 2022 | N2: HOME
A3: Medical Doctors | B3: 8092 | C3: 8682 | D3: 9149 | E3: 0 | F3: 0 | G3: 0 | H3: 8042 | I3: 0 | J3: 0 | K3: 5203 | L3: 5517
A4: Generalist Medical Practitioners (incl. Family medical practitioners) | B4: 0 | C4: 0 | D4: 0 | E4: 0 | F4: 0 | G4: 0 | H4: 5602 | I4: 0 | J4: 0 | K4: 3252 | L4: 3544
A5: Medical group of Specialists Practitioners | B5: 0 | C5: 0 | D5: 0 | E5: 0 | F5: 0 | G5: 0 | H5: 2440 | I5: 0 | J5: 0 | K5: 447 | L5: 333
A6: Nursing Personnel | B6: 61769 | C6: 40292 | D6: 43311 | E6: 41413 | F6: 48737 | G6: 53168 | H6: 59901 | I6: 0 | J6: 0 | K6: 34588 | L6: 34634
A7: Midwifery personnel | B7: 0 | C7: 0 | D7: 0 | E7: 0 | F7: 2092 | G7: 0 | H7: 0 | I7: 0 | J7: 0 | K7: 0 | L7: 137
A8: Dentists | B8: 985 | C8: 1045 | D8: 1090 | E8: 0 | F8: 0 | G8: 0 | H8: 841 | I8: 1300 | J8: 0 | K8: 0 | L8: 273
A9: Pharmacists | B9: 2076 | C9: 2202 | D9: 2355 | E9: 0 | F9: 0 | G9: 0 | H9: 964 | I9: 0 | J9: 0 | K9: 1137 | L9: 886
A10: Administrative staff | B10: 0 | C10: 0 | D10: 0 | E10: 0 | F10: 0 | G10: 0 | H10: 2759 | I10: 0 | J10: 0 | K10: 0 | L10: 0
A11: Ambulance Workers | B11: 0 | C11: 0 | D11: 0 | E11: 0 | F11: 0 | G11: 0 | H11: 0 | I11: 0 | J11: 0 | K11: 0 | L11: 141
A12: Audiologists and Speech Therapists | B12: 0 | C12: 0 | D12: 0 | E12: 0 | F12: 0 | G12: 0 | H12: 0 | I12: 0 | J12: 0 | K12: 0 | L12: 0
A13: Biomedical engineer | B13: 0 | C13: 0 | D13: 0 | E13: 0 | F13: 0 | G13: 0 | H13: 0 | I13: 0 | J13: 0 | K13: 725 | L13: 603
A14: Community Health Workers | B14: 0 | C14: 0 | D14: 0 | E14: 0 | F14: 0 | G14: 0 | H14: 58079 | I14: 0 | J14: 91653 | K14: 86490 | L14: 86423
... A62: Traditional and Complementary Medicine Professionals | B62: 0 | C62: 0 | D62: 0 | E62: 0 | F62: 0 | G62: 0 | H62: 0 | I62: 0 | J62: 0 | K62: 0 | L62: 0
A63: Total | B63: =SUM(B3:B62) -> 142783 | C63: =SUM(C3:C62) -> 101324 | D63: =SUM(D3:D62) -> 109038 | E63: =SUM(E3:E62) -> 82826 | F63: =SUM(F3:F62) -> 102038 | G63: =SUM(G3:G62) -> 106336 | H63: =SUM(H3:H62) -> 235988 | I63: =SUM(I3:I62) -> 2232 | ... L63: =SUM(L3:L62) -> 197308
A65: Population UN | B65: =+'AFRO Stock 2012'!Z66 -> 1436441.7 | C65: =+'AFRO Stock 2013'!Z66 -> 1427073.7 | D65: =+'AFRO Stock 2014'!Z66 -> 1418695.6 | E65: =+'AFRO Stock 2015'!Z66 -> 1423217.7 | F65: =+'AFRO Stock 2016'!Z66 -> 1439435.7 | G65: =+'AFRO Stock 2017'!Z66 -> 1446540.2 | H65: =+'AFRO Stock 2018'!Z66 -> 1442173.7 | I65: =+'AFRO Stock 2019'!Z66 -> 1444188.8 | J65: =+'AFRO Stock 2020'!Z66 -> 1455623.7 | K65: =+'AFRO Stock 2021'!Z66 -> 1466518.7 | L65: =+'AFRO Stock 2022'!Z66 -> 1487676.4

Sheet Lesotho
A1: Lesotho HRH Stock from 2012 to 2022
A2: Occupation | B2: 2012 | C2: 2013 | D2: 2014 | E2: 2015 | F2: 2016 | G2: 2017 | H2: 2018 | I2: 2019 | J2: 2020 | K2: 2021 | L2: 2022 | N2: HOME
A3: Medical Doctors | B3: 0 | C3: 0 | D3: 0 | E3: 0 | F3: 0 | G3: 0 | H3: 998 | I3: 0 | J3: 0 | K3: 0 | L3: 347
A4: Generalist Medical Practitioners (incl. Family medical practitioners) | B4: 0 | C4: 0 | D4: 0 | E4: 0 | F4: 0 | G4: 0 | H4: 815 | I4: 0 | J4: 0 | K4: 0 | L4: 281
A5: Medical group of Specialists Practitioners | B5: 0 | C5: 0 | D5: 0 | E5: 0 | F5: 0 | G5: 0 | H5: 0 | I5: 0 | J5: 0 | K5: 0 | L5: 0
A6: Nursing Personnel | B6: 0 | C6: 0 | D6: 0 | E6: 0 | F6: 0 | G6: 0 | H6: 6866 | I6: 0 | J6: 0 | K6: 0 | L6: 0
A7: Midwifery personnel | B7: 0 | C7: 0 | D7: 0 | E7: 0 | F7: 0 | G7: 0 | H7: 0 | I7: 0 | J7: 0 | K7: 0 | L7: 0
A8: Dentists | B8: 0 | C8: 0 | D8: 0 | E8: 0 | F8: 0 | G8: 0 | H8: 159 | I8: 37 | J8: 0 | K8: 0 | L8: 31
A9: Pharmacists | B9: 0 | C9: 0 | D9: 0 | E9: 0 | F9: 0 | G9: 0 | H9: 398 | I9: 0 | J9: 0 | K9: 0 | L9: 201
A10: Administrative staff | B10: 0 | C10: 0 | D10: 0 | E10: 0 | F10: 0 | G10: 0 | H10: 0 | I10: 0 | J10: 0 | K10: 0 | L10: 343
A11: Ambulance Workers | B11: 0 | C11: 0 | D11: 0 | E11: 0 | F11: 0 | G11: 0 | H11: 0 | I11: 0 | J11: 0 | K11: 0 | L11: 0
A12: Audiologists and Speech Therapists | B12: 0 | C12: 0 | D12: 0 | E12: 0 | F12: 0 | G12: 0 | H12: 0 | I12: 0 | J12: 0 | K12: 0 | L12: 0
A13: Biomedical engineer | B13: 0 | C13: 0 | D13: 0 | E13: 0 | F13: 0 | G13: 0 | H13: 0 | I13: 0 | J13: 0 | K13: 0 | L13: 1
A14: Community Health Workers | B14: 0 | C14: 0 | D14: 0 | E14: 0 | F14: 0 | G14: 0 | H14: 14508 | I14: 0 | J14: 0 | K14: 0 | L14: 9196
... A62: Traditional and Complementary Medicine Professionals | B62: 0 | C62: 0 | D62: 0 | E62: 0 | F62: 0 | G62: 0 | H62: 0 | I62: 0 | J62: 0 | K62: 0 | L62: 0
A63: Total | B63: =SUM(B3:B62) -> 0 | C63: =SUM(C3:C62) -> 0 | D63: =SUM(D3:D62) -> 0 | E63: =SUM(E3:E62) -> 0 | F63: =SUM(F3:F62) -> 0 | G63: =SUM(G3:G62) -> 0 | H63: =SUM(H3:H62) -> 30998 | I63: =SUM(I3:I62) -> 90 | ... L63: =SUM(L3:L62) -> 11432
A65: Population UN | B65: 58544.2 | C65: 59174.8 | D65: 59339.9 | E65: 59058.5 | F65: 59260.7 | G65: 59424.3 | H65: 59244.9 | I65: 59062.8 | J65: 58877.4 | K65: 58852.8 | L65: 58859.2

Sheet Liberia
A1: Liberia HRH Stock from 2012 to 2022
A2: Occupation | B2: 2012 | C2: 2013 | D2: 2014 | E2: 2015 | F2: 2016 | G2: 2017 | H2: 2018 | I2: 2019 | J2: 2020 | K2: 2021 | L2: 2022 | N2: HOME
A3: Medical Doctors | B3: 0 | C3: 0 | D3: 0 | E3: 168 | F3: 234 | G3: 248 | H3: 693 | I3: 732 | J3: 777 | K3: 887 | L3: 954
A4: Generalist Medical Practitioners (incl. Family medical practitioners) | B4: 0 | C4: 0 | D4: 0 | E4: 0 | F4: 0 | G4: 0 | H4: 672 | I4: 697 | J4: 725 | K4: 800 | L4: 840
A5: Medical group of Specialists Practitioners | B5: 0 | C5: 0 | D5: 0 | E5: 0 | F5: 0 | G5: 0 | H5: 6 | I5: 16 | J5: 16 | K5: 26 | L5: 37
A6: Nursing Personnel | B6: 0 | C6: 0 | D6: 0 | E6: 0 | F6: 0 | G6: 0 | H6: 2263 | I6: 1978 | J6: 2416 | K6: 1761 | L6: 3440
A7: Midwifery personnel | B7: 0 | C7: 806 | D7: 0 | E7: 0 | F7: 0 | G7: 0 | H7: 892 | I7: 767 | J7: 872 | K7: 795 | L7: 769
A8: Dentists | B8: 0 | C8: 0 | D8: 0 | E8: 0 | F8: 0 | G8: 0 | H8: 3 | I8: 4 | J8: 6 | K8: 6 | L8: 6
A9: Pharmacists | B9: 0 | C9: 0 | D9: 0 | E9: 0 | F9: 0 | G9: 0 | H9: 93 | I9: 54 | J9: 127 | K9: 124 | L9: 170
A10: Administrative staff | B10: 0 | C10: 0 | D10: 0 | E10: 0 | F10: 0 | G10: 0 | H10: 0 | I10: 0 | J10: 0 | K10: 0 | L10: 0
A11: Ambulance Workers | B11: 0 | C11: 0 | D11: 0 | E11: 0 | F11: 0 | G11: 0 | H11: 0 | I11: 0 | J11: 0 | K11: 0 | L11: 0
A12: Audiologists and Speech Therapists | B12: 0 | C12: 0 | D12: 0 | E12: 0 | F12: 0 | G12: 0 | H12: 0 | I12: 0 | J12: 0 | K12: 0 | L12: 0
A13: Biomedical engineer | B13: 0 | C13: 0 | D13: 0 | E13: 0 | F13: 0 | G13: 0 | H13: 0 | I13: 0 | J13: 0 | K13: 0 | L13: 0
A14: Community Health Workers | B14: 0 | C14: 0 | D14: 0 | E14: 0 | F14: 0 | G14: 0 | H14: 3391 | I14: 0 | J14: 12625 | K14: 0 | L14: 0
... A62: Traditional and Complementary Medicine Professionals | B62: 0 | C62: 0 | D62: 0 | E62: 0 | F62: 0 | G62: 0 | H62: 0 | I62: 0 | J62: 0 | K62: 0 | L62: 0
A63: Total | B63: =SUM(B3:B62) -> 0 | C63: =SUM(C3:C62) -> 1612 | D63: =SUM(D3:D62) -> 0 | E63: =SUM(E3:E62) -> 336 | F63: =SUM(F3:F62) -> 468 | G63: =SUM(G3:G62) -> 496 | H63: =SUM(H3:H62) -> 11204 | I63: =SUM(I3:I62) -> 7257 | ... L63: =SUM(L3:L62) -> 11066
A65: Population UN | B65: 155206.7 | C65: 157241.3 | D65: 155883.9 | E65: 154970.8 | F65: 155266.4 | G65: 156073.2 | H65: 156857.3 | I65: 157728.4 | J65: 158615.9 | K65: 159834.6 | L65: 161499.3

Sheet Madagascar
A1: Madagascar HRH Stock from 2012 to 2022
A2: Occupation | B2: 2012 | C2: 2013 | D2: 2014 | E2: 2015 | F2: 2016 | G2: 2017 | H2: 2018 | I2: 2019 | J2: 2020 | K2: 2021 | L2: 2022 | N2: HOME
A3: Medical Doctors | B3: 3188 | C3: 3523 | D3: 4275 | E3: 0 | F3: 0 | G3: 0 | H3: 0 | I3: 0 | J3: 0 | K3: 0 | L3: 0
A4: Generalist Medical Practitioners (incl. Family medical practitioners) | B4: 0 | C4: 3028 | D4: 0 | E4: 0 | F4: 0 | G4: 0 | H4: 0 | I4: 0 | J4: 0 | K4: 0 | L4: 0
A5: Medical group of Specialists Practitioners | B5: 0 | C5: 0 | D5: 0 | E5: 0 | F5: 0 | G5: 0 | H5: 0 | I5: 0 | J5: 0 | K5: 0 | L5: 0
A6: Nursing Personnel | B6: 3383 | C6: 3438 | D6: 0 | E6: 0 | F6: 0 | G6: 0 | H6: 3833 | I6: 0 | J6: 0 | K6: 0 | L6: 0
A7: Midwifery personnel | B7: 1475 | C7: 3400 | D7: 0 | E7: 0 | F7: 1583 | G7: 2931 | H7: 3994 | I7: 0 | J7: 0 | K7: 0 | L7: 0
A8: Dentists | B8: 181 | C8: 111 | D8: 0 | E8: 0 | F8: 0 | G8: 0 | H8: 225 | I8: 0 | J8: 0 | K8: 0 | L8: 225
A9: Pharmacists | B9: 6 | C9: 17 | D9: 0 | E9: 0 | F9: 4 | G9: 0 | H9: 27 | I9: 0 | J9: 0 | K9: 0 | L9: 27
A10: Administrative staff | B10: 0 | C10: 0 | D10: 2510 | E10: 0 | F10: 0 | G10: 0 | H10: 0 | I10: 0 | J10: 0 | K10: 0 | L10: 0
A11: Ambulance Workers | B11: 0 | C11: 0 | D11: 0 | E11: 0 | F11: 0 | G11: 0 | H11: 0 | I11: 0 | J11: 0 | K11: 0 | L11: 0
A12: Audiologists and Speech Therapists | B12: 0 | C12: 0 | D12: 0 | E12: 0 | F12: 0 | G12: 0 | H12: 0 | I12: 0 | J12: 0 | K12: 0 | L12: 0
A13: Biomedical engineer | B13: 0 | C13: 0 | D13: 0 | E13: 0 | F13: 0 | G13: 0 | H13: 0 | I13: 0 | J13: 0 | K13: 0 | L13: 0
A14: Community Health Workers | B14: 0 | C14: 0 | D14: 0 | E14: 0 | F14: 0 | G14: 0 | H14: 35000 | I14: 38338 | J14: 41616 | K14: 41616 | L14: 0
... A62: Traditional and Complementary Medicine Professionals | B62: 0 | C62: 0 | D62: 0 | E62: 0 | F62: 0 | G62: 0 | H62: 0 | I62: 0 | J62: 0 | K62: 0 | L62: 0
A63: Total | B63: =SUM(B3:B62) -> 17034 | C63: =SUM(C3:C62) -> 20850 | D63: =SUM(D3:D62) -> 11060 | E63: =SUM(E3:E62) -> 0 | F63: =SUM(F3:F62) -> 3205 | G63: =SUM(G3:G62) -> 5862 | H63: =SUM(H3:H62) -> 51212 | I63: =SUM(I3:I62) -> 38371 | ... L63: =SUM(L3:L62) -> 252
A65: Population UN | B65: 778427 | C65: 785163.7 | D65: 793162.3 | E65: 803737.2 | F65: 821643 | G65: 840158.7 | H65: 853987.6 | I65: 866367.5 | J65: 878903.6 | K65: 890888.8 | L65: 903175.3

Sheet Malawi
A1: Malawi HRH Stock from 2012 to 2022
A2: Occupation | B2: 2012 | C2: 2013 | D2: 2014 | E2: 2015 | F2: 2016 | G2: 2017 | H2: 2018 | I2: 2019 | J2: 2020 | K2: 2021 | L2: 2022 | N2: HOME
A3: Medical Doctors | B3: 0 | C3: 200 | D3: 0 | E3: 0 | F3: 539 | G3: 0 | H3: 2760 | I3: 0 | J3: 958 | K3: 0 | L3: 996
A4: Generalist Medical Practitioners (incl. Family medical practitioners) | B4: 0 | C4: 0 | D4: 0 | E4: 0 | F4: 255 | G4: 0 | H4: 2582 | I4: 0 | J4: 639 | K4: 0 | L4: 843
A5: Medical group of Specialists Practitioners | B5: 0 | C5: 0 | D5: 0 | E5: 0 | F5: 0 | G5: 0 | H5: 0 | I5: 0 | J5: 0 | K5: 0 | L5: 32
A6: Nursing Personnel | B6: 0 | C6: 3545 | D6: 0 | E6: 0 | F6: 4573 | G6: 0 | H6: 7957 | I6: 0 | J6: 13564 | K6: 0 | L6: 9592
A7: Midwifery personnel | B7: 0 | C7: 48 | D7: 0 | E7: 0 | F7: 568 | G7: 0 | H7: 0 | I7: 0 | J7: 0 | K7: 0 | L7: 616
A8: Dentists | B8: 0 | C8: 0 | D8: 0 | E8: 0 | F8: 0 | G8: 0 | H8: 112 | I8: 0 | J8: 149 | K8: 0 | L8: 91
A9: Pharmacists | B9: 0 | C9: 170 | D9: 0 | E9: 0 | F9: 0 | G9: 0 | H9: 387 | I9: 0 | J9: 151 | K9: 0 | L9: 111
A10: Administrative staff | B10: 0 | C10: 0 | D10: 0 | E10: 0 | F10: 0 | G10: 0 | H10: 0 | I10: 0 | J10: 2848 | K10: 0 | L10: 82
A11: Ambulance Workers | B11: 0 | C11: 0 | D11: 0 | E11: 0 | F11: 0 | G11: 0 | H11: 0 | I11: 0 | J11: 0 | K11: 0 | L11: 272
A12: Audiologists and Speech Therapists | B12: 0 | C12: 0 | D12: 0 | E12: 0 | F12: 0 | G12: 0 | H12: 0 | I12: 0 | J12: 0 | K12: 0 | L12: 0
A13: Biomedical engineer | B13: 0 | C13: 0 | D13: 0 | E13: 0 | F13: 0 | G13: 0 | H13: 0 | I13: 0 | J13: 13 | K13: 0 | L13: 56
A14: Community Health Workers | B14: 0 | C14: 0 | D14: 0 | E14: 0 | F14: 0 | G14: 0 | H14: 10016 | I14: 0 | J14: 0 | K14: 0 | L14: 10747
... A62: Traditional and Complementary Medicine Professionals | B62: 0 | C62: 0 | D62: 0 | E62: 0 | F62: 0 | G62: 0 | H62: 0 | I62: 0 | J62: 0 | K62: 0 | L62: 2
A63: Total | B63: =SUM(B3:B62) -> 0 | C63: =SUM(C3:C62) -> 7756 | D63: =SUM(D3:D62) -> 68 | E63: =SUM(E3:E62) -> 0 | F63: =SUM(F3:F62) -> 13149 | G63: =SUM(G3:G62) -> 11 | H63: =SUM(H3:H62) -> 32725 | I63: =SUM(I3:I62) -> 0 | ... L63: =SUM(L3:L62) -> 50262
A65: Population UN | B65: 595474.8 | C65: 598581.6 | D65: 601396.5 | E65: 602721.6 | F65: 604185.3 | G65: 609708.7 | H65: 619407.2 | I65: 630365.2 | J65: 641720.1 | K65: 652416.6 | L65: 663702.4

Sheet Mali
A1: Mali HRH Stock from 2012 to 2022
A2: Occupation | B2: 2012 | C2: 2013 | D2: 2014 | E2: 2015 | F2: 2016 | G2: 2017 | H2: 2018 | I2: 2019 | J2: 2020 | K2: 2021 | L2: 2022 | N2: HOME
A3: Medical Doctors | B3: 1704 | C3: 1971 | D3: 1750 | E3: 1750 | F3: 2247 | G3: 2247 | H3: 2454 | I3: 0 | J3: 0 | K3: 0 | L3: 4402
A4: Generalist Medical Practitioners (incl. Family medical practitioners) | B4: 0 | C4: 0 | D4: 0 | E4: 0 | F4: 0 | G4: 0 | H4: 1417 | I4: 0 | J4: 0 | K4: 0 | L4: 3557
A5: Medical group of Specialists Practitioners | B5: 0 | C5: 0 | D5: 0 | E5: 0 | F5: 0 | G5: 0 | H5: 0 | I5: 0 | J5: 0 | K5: 0 | L5: 0
A6: Nursing Personnel | B6: 4257 | C6: 0 | D6: 0 | E6: 0 | F6: 4765 | G6: 0 | H6: 5174 | I6: 0 | J6: 0 | K6: 0 | L6: 6327
A7: Midwifery personnel | B7: 1770 | C7: 1961 | D7: 0 | E7: 0 | F7: 2657 | G7: 0 | H7: 3235 | I7: 0 | J7: 0 | K7: 0 | L7: 1629
A8: Dentists | B8: 0 | C8: 0 | D8: 0 | E8: 0 | F8: 107 | G8: 0 | H8: 30 | I8: 0 | J8: 0 | K8: 0 | L8: 0
A9: Pharmacists | B9: 0 | C9: 0 | D9: 0 | E9: 0 | F9: 194 | G9: 0 | H9: 182 | I9: 0 | J9: 0 | K9: 0 | L9: 1721
A10: Administrative staff | B10: 0 | C10: 0 | D10: 0 | E10: 0 | F10: 0 | G10: 0 | H10: 0 | I10: 0 | J10: 0 | K10: 0 | L10: 0
A11: Ambulance Workers | B11: 0 | C11: 0 | D11: 0 | E11: 0 | F11: 0 | G11: 0 | H11: 0 | I11: 0 | J11: 0 | K11: 0 | L11: 0
A12: Audiologists and Speech Therapists | B12: 0 | C12: 0 | D12: 0 | E12: 0 | F12: 0 | G12: 0 | H12: 0 | I12: 0 | J12: 0 | K12: 0 | L12: 0
A13: Biomedical engineer | B13: 0 | C13: 0 | D13: 0 | E13: 0 | F13: 0 | G13: 0 | H13: 0 | I13: 0 | J13: 0 | K13: 0 | L13: 0
A14: Community Health Workers | B14: 0 | C14: 0 | D14: 0 | E14: 0 | F14: 0 | G14: 0 | H14: 1152 | I14: 0 | J14: 3303 | K14: 0 | L14: 0
... A62: Traditional and Complementary Medicine Professionals | B62: 0 | C62: 0 | D62: 0 | E62: 0 | F62: 0 | G62: 0 | H62: 0 | I62: 0 | J62: 0 | K62: 0 | L62: 0
A63: Total | B63: =SUM(B3:B62) -> 15579 | C63: =SUM(C3:C62) -> 7985 | D63: =SUM(D3:D62) -> 3576 | E63: =SUM(E3:E62) -> 3583 | F63: =SUM(F3:F62) -> 19715 | G63: =SUM(G3:G62) -> 4629 | H63: =SUM(H3:H62) -> 26084 | I63: =SUM(I3:I62) -> 0 | ... L63: =SUM(L3:L62) -> 28112
A65: Population UN | B65: 725926.6 | C65: 740567.7 | D65: 754923.7 | E65: 772249 | F65: 789423.6 | G65: 807286.6 | H65: 825813.6 | I65: 843431.7 | J65: 862128.3 | K65: 883083.9 | L65: 903993.3

Sheet Mauritania
A1: Mauritania HRH Stock from 2012 to 2022
A2: Occupation | B2: 2012 | C2: 2013 | D2: 2014 | E2: 2015 | F2: 2016 | G2: 2017 | H2: 2018 | I2: 2019 | J2: 2020 | K2: 2021 | L2: 2022 | N2: HOME
A3: Medical Doctors | B3: 0 | C3: 0 | D3: 622 | E3: 692 | F3: 0 | G3: 791 | H3: 850 | I3: 897 | J3: 934 | K3: 1035 | L3: 1118
A4: Generalist Medical Practitioners (incl. Family medical practitioners) | B4: 0 | C4: 0 | D4: 0 | E4: 0 | F4: 0 | G4: 0 | H4: 487 | I4: 533 | J4: 532 | K4: 597 | L4: 616
A5: Medical group of Specialists Practitioners | B5: 0 | C5: 0 | D5: 0 | E5: 0 | F5: 0 | G5: 0 | H5: 0 | I5: 0 | J5: 0 | K5: 0 | L5: 0
A6: Nursing Personnel | B6: 0 | C6: 0 | D6: 3846 | E6: 4137 | F6: 0 | G6: 4571 | H6: 4066 | I6: 4369 | J6: 4290 | K6: 6156 | L6: 6503
A7: Midwifery personnel | B7: 0 | C7: 368 | D7: 0 | E7: 0 | F7: 0 | G7: 0 | H7: 671 | I7: 932 | J7: 1027 | K7: 1252 | L7: 1340
A8: Dentists | B8: 0 | C8: 0 | D8: 0 | E8: 0 | F8: 0 | G8: 0 | H8: 112 | I8: 118 | J8: 117 | K8: 121 | L8: 131
A9: Pharmacists | B9: 0 | C9: 0 | D9: 0 | E9: 0 | F9: 0 | G9: 0 | H9: 78 | I9: 74 | J9: 76 | K9: 75 | L9: 85
A10: Administrative staff | B10: 0 | C10: 0 | D10: 0 | E10: 0 | F10: 0 | G10: 0 | H10: 0 | I10: 0 | J10: 0 | K10: 0 | L10: 0
A11: Ambulance Workers | B11: 0 | C11: 0 | D11: 0 | E11: 0 | F11: 0 | G11: 0 | H11: 0 | I11: 0 | J11: 0 | K11: 0 | L11: 0
A12: Audiologists and Speech Therapists | B12: 0 | C12: 0 | D12: 0 | E12: 0 | F12: 0 | G12: 0 | H12: 0 | I12: 0 | J12: 0 | K12: 0 | L12: 0
A13: Biomedical engineer | B13: 0 | C13: 0 | D13: 0 | E13: 0 | F13: 0 | G13: 0 | H13: 0 | I13: 0 | J13: 0 | K13: 0 | L13: 0
A14: Community Health Workers | B14: 0 | C14: 0 | D14: 0 | E14: 0 | F14: 0 | G14: 0 | H14: 0 | I14: 0 | J14: 0 | K14: 0 | L14: 0
... A62: Traditional and Complementary Medicine Professionals | B62: 0 | C62: 0 | D62: 0 | E62: 0 | F62: 0 | G62: 0 | H62: 0 | I62: 0 | J62: 0 | K62: 0 | L62: 0
A63: Total | B63: =SUM(B3:B62) -> 0 | C63: =SUM(C3:C62) -> 736 | D63: =SUM(D3:D62) -> 8936 | E63: =SUM(E3:E62) -> 9658 | F63: =SUM(F3:F62) -> 0 | G63: =SUM(G3:G62) -> 10724 | H63: =SUM(H3:H62) -> 11460 | I63: =SUM(I3:I62) -> 12588 | ... L63: =SUM(L3:L62) -> 18138
A65: Population UN | B65: 140118.5 | C65: 137079.5 | D65: 133349.5 | E65: 135862.2 | F65: 138275.5 | G65: 140591.4 | H65: 143140.7 | I65: 145586.5 | J65: 147926 | K65: 150737.7 | L65: 153744

Sheet Mauritius
A1: Mauritius HRH Stock from 2012 to 2022
A2: Occupation | B2: 2012 | C2: 2013 | D2: 2014 | E2: 2015 | F2: 2016 | G2: 2017 | H2: 2018 | I2: 2019 | J2: 2020 | K2: 2021 | L2: 2022 | N2: HOME
A3: Medical Doctors | B3: 1722 | C3: 2046 | D3: 2429 | E3: 2550 | F3: 2769 | G3: 2927 | H3: 2395 | I3: 3290 | J3: 3450 | K3: 0 | L3: 1555
A4: Generalist Medical Practitioners (incl. Family medical practitioners) | B4: 0 | C4: 0 | D4: 0 | E4: 0 | F4: 0 | G4: 0 | H4: 1188 | I4: 0 | J4: 0 | K4: 0 | L4: 1207
A5: Medical group of Specialists Practitioners | B5: 0 | C5: 0 | D5: 0 | E5: 0 | F5: 0 | G5: 0 | H5: 0 | I5: 0 | J5: 0 | K5: 0 | L5: 34
A6: Nursing Personnel | B6: 3737 | C6: 3963 | D6: 4125 | E6: 4261 | F6: 4134 | G6: 4445 | H6: 4986 | I6: 0 | J6: 0 | K6: 0 | L6: 3900
A7: Midwifery personnel | B7: 0 | C7: 0 | D7: 0 | E7: 0 | F7: 0 | G7: 0 | H7: 0 | I7: 0 | J7: 0 | K7: 0 | L7: 0
A8: Dentists | B8: 301 | C8: 351 | D8: 366 | E8: 380 | F8: 385 | G8: 401 | H8: 466 | I8: 351 | J8: 0 | K8: 0 | L8: 0
A9: Pharmacists | B9: 432 | C9: 460 | D9: 494 | E9: 497 | F9: 514 | G9: 531 | H9: 748 | I9: 0 | J9: 0 | K9: 0 | L9: 35
A10: Administrative staff | B10: 0 | C10: 0 | D10: 0 | E10: 0 | F10: 0 | G10: 0 | H10: 0 | I10: 0 | J10: 0 | K10: 0 | L10: 0
A11: Ambulance Workers | B11: 0 | C11: 0 | D11: 0 | E11: 0 | F11: 0 | G11: 0 | H11: 0 | I11: 0 | J11: 0 | K11: 0 | L11: 293
A12: Audiologists and Speech Therapists | B12: 0 | C12: 0 | D12: 0 | E12: 0 | F12: 0 | G12: 0 | H12: 0 | I12: 0 | J12: 0 | K12: 0 | L12: 27
A13: Biomedical engineer | B13: 0 | C13: 0 | D13: 0 | E13: 0 | F13: 0 | G13: 0 | H13: 0 | I13: 0 | J13: 0 | K13: 0 | L13: 27
A14: Community Health Workers | B14: 0 | C14: 0 | D14: 0 | E14: 0 | F14: 0 | G14: 0 | H14: 180 | I14: 0 | J14: 163 | K14: 0 | L14: 916
... A62: Traditional and Complementary Medicine Professionals | B62: 0 | C62: 0 | D62: 0 | E62: 0 | F62: 0 | G62: 0 | H62: 0 | I62: 0 | J62: 0 | K62: 0 | L62: 0
A63: Total | B63: =SUM(B3:B62) -> 11651 | C63: =SUM(C3:C62) -> 12829 | D63: =SUM(D3:D62) -> 13968 | E63: =SUM(E3:E62) -> 14499 | F63: =SUM(F3:F62) -> 14705 | G63: =SUM(G3:G62) -> 15676 | H63: =SUM(H3:H62) -> 16447 | I63: =SUM(I3:I62) -> 6946 | ... L63: =SUM(L3:L62) -> 13648
A65: Population UN | B65: 16273.7 | C65: 15623.3 | D65: 15026.4 | E65: 14693.7 | F65: 14486.7 | G65: 14729.3 | H65: 14714 | I65: 14477.1 | J65: 14492.6 | K65: 14565.6 | L65: 14474.3

Sheet Mozambique
A1: Mozambique HRH Stock from 2012 to 2022
A2: Occupation | B2: 2012 | C2: 2013 | D2: 2014 | E2: 2015 | F2: 2016 | G2: 2017 | H2: 2018 | I2: 2019 | J2: 2020 | K2: 2021 | L2: 2022 | N2: HOME
A3: Medical Doctors | B3: 1358 | C3: 1452 | D3: 0 | E3: 0 | F3: 0 | G3: 2180 | H3: 2473 | I3: 2570 | J3: 2573 | K3: 2611 | L3: 2689
A4: Generalist Medical Practitioners (incl. Family medical practitioners) | B4: 0 | C4: 0 | D4: 0 | E4: 0 | F4: 0 | G4: 1555 | H4: 1695 | I4: 1715 | J4: 1655 | K4: 1807 | L4: 1933
A5: Medical group of Specialists Practitioners | B5: 0 | C5: 0 | D5: 0 | E5: 0 | F5: 0 | G5: 0 | H5: 0 | I5: 0 | J5: 0 | K5: 445 | L5: 0
A6: Nursing Personnel | B6: 5826 | C6: 6432 | D6: 6348 | E6: 6927 | F6: 7660 | G6: 7961 | H6: 8153 | I6: 8179 | J6: 8831 | K6: 10928 | L6: 9775
A7: Midwifery personnel | B7: 4261 | C7: 4265 | D7: 4649 | E7: 5158 | F7: 5705 | G7: 5820 | H7: 6021 | I7: 6175 | J7: 6324 | K7: 7278 | L7: 7120
A8: Dentists | B8: 69 | C8: 136 | D8: 0 | E8: 189 | F8: 0 | G8: 217 | H8: 255 | I8: 288 | J8: 277 | K8: 355 | L8: 348
A9: Pharmacists | B9: 72 | C9: 103 | D9: 0 | E9: 194 | F9: 0 | G9: 255 | H9: 305 | I9: 385 | J9: 423 | K9: 406 | L9: 498
A10: Administrative staff | B10: 0 | C10: 0 | D10: 0 | E10: 0 | F10: 0 | G10: 7242 | H10: 7169 | I10: 9444 | J10: 9913 | K10: 11559 | L10: 10769
A11: Ambulance Workers | B11: 0 | C11: 0 | D11: 0 | E11: 0 | F11: 0 | G11: 0 | H11: 0 | I11: 0 | J11: 0 | K11: 0 | L11: 133
A12: Audiologists and Speech Therapists | B12: 0 | C12: 0 | D12: 0 | E12: 0 | F12: 0 | G12: 2 | H12: 3 | I12: 2 | J12: 0 | K12: 0 | L12: 0
A13: Biomedical engineer | B13: 0 | C13: 0 | D13: 0 | E13: 0 | F13: 0 | G13: 0 | H13: 0 | I13: 0 | J13: 0 | K13: 0 | L13: 0
A14: Community Health Workers | B14: 1213 | C14: 1204 | D14: 0 | E14: 0 | F14: 0 | G14: 1991 | H14: 4787 | I14: 6632 | J14: 6696 | K14: 7329 | L14: 6992
... A62: Traditional and Complementary Medicine Professionals | B62: 0 | C62: 0 | D62: 0 | E62: 0 | F62: 0 | G62: 0 | H62: 0 | I62: 0 | J62: 0 | K62: 0 | L62: 3
A63: Total | B63: =SUM(B3:B62) -> 28021 | C63: =SUM(C3:C62) -> 29516 | D63: =SUM(D3:D62) -> 21994 | E63: =SUM(E3:E62) -> 24848 | F63: =SUM(F3:F62) -> 26787 | G63: =SUM(G3:G62) -> 119175 | H63: =SUM(H3:H62) -> 50322 | I63: =SUM(I3:I62) -> 85891 | ... L63: =SUM(L3:L62) -> 191728
A65: Population UN | B65: 970830.3 | C65: 989682.3 | D65: 999254.5 | E65: 1009693.4 | F65: 1032089.1 | G65: 1056956 | H65: 1081131.1 | I65: 1103037.8 | J65: 1124965.4 | K65: 1147375.7 | L65: 1166744.6

Sheet Namibia
A1: Namibia HRH Stock from 2012 to 2022
A2: Occupation | B2: 2012 | C2: 2013 | D2: 2014 | E2: 2015 | F2: 2016 | G2: 2017 | H2: 2018 | I2: 2019 | J2: 2020 | K2: 2021 | L2: 2022 | N2: HOME
A3: Medical Doctors | B3: 0 | C3: 0 | D3: 0 | E3: 0 | F3: 0 | G3: 1421 | H3: 806 | I3: 900 | J3: 1036 | K3: 1181 | L3: 1394
A4: Generalist Medical Practitioners (incl. Family medical practitioners) | B4: 0 | C4: 0 | D4: 0 | E4: 0 | F4: 0 | G4: 0 | H4: 806 | I4: 900 | J4: 1036 | K4: 1181 | L4: 1336
A5: Medical group of Specialists Practitioners | B5: 0 | C5: 0 | D5: 0 | E5: 0 | F5: 0 | G5: 0 | H5: 0 | I5: 0 | J5: 0 | K5: 0 | L5: 0
A6: Nursing Personnel | B6: 0 | C6: 4110 | D6: 4212 | E6: 4365 | F6: 4816 | G6: 4853 | H6: 5307 | I6: 5903 | J6: 6440 | K6: 7166 | L6: 8605
A7: Midwifery personnel | B7: 0 | C7: 0 | D7: 0 | E7: 0 | F7: 0 | G7: 0 | H7: 5 | I7: 5 | J7: 5 | K7: 6 | L7: 7
A8: Dentists | B8: 0 | C8: 0 | D8: 68 | E8: 0 | F8: 0 | G8: 0 | H8: 87 | I8: 117 | J8: 138 | K8: 161 | L8: 207
A9: Pharmacists | B9: 0 | C9: 0 | D9: 0 | E9: 0 | F9: 0 | G9: 0 | H9: 464 | I9: 514 | J9: 546 | K9: 603 | L9: 655
A10: Administrative staff | B10: 0 | C10: 0 | D10: 0 | E10: 0 | F10: 0 | G10: 0 | H10: 0 | I10: 0 | J10: 0 | K10: 0 | L10: 4865
A11: Ambulance Workers | B11: 0 | C11: 0 | D11: 0 | E11: 0 | F11: 0 | G11: 0 | H11: 0 | I11: 0 | J11: 0 | K11: 0 | L11: 0
A12: Audiologists and Speech Therapists | B12: 0 | C12: 0 | D12: 0 | E12: 0 | F12: 0 | G12: 0 | H12: 0 | I12: 0 | J12: 0 | K12: 0 | L12: 0
A13: Biomedical engineer | B13: 0 | C13: 0 | D13: 0 | E13: 0 | F13: 0 | G13: 0 | H13: 0 | I13: 0 | J13: 0 | K13: 0 | L13: 0
A14: Community Health Workers | B14: 0 | C14: 0 | D14: 0 | E14: 0 | F14: 0 | G14: 0 | H14: 2292 | I14: 0 | J14: 0 | K14: 0 | L14: 0
... A62: Traditional and Complementary Medicine Professionals | B62: 0 | C62: 0 | D62: 0 | E62: 0 | F62: 0 | G62: 0 | H62: 0 | I62: 0 | J62: 0 | K62: 0 | L62: 0
A63: Total | B63: =SUM(B3:B62) -> 0 | C63: =SUM(C3:C62) -> 8333 | D63: =SUM(D3:D62) -> 8516 | E63: =SUM(E3:E62) -> 8730 | F63: =SUM(F3:F62) -> 9632 | G63: =SUM(G3:G62) -> 12548 | H63: =SUM(H3:H62) -> 16016 | I63: =SUM(I3:I62) -> 16107 | ... L63: =SUM(L3:L62) -> 29335
A65: Population UN | B65: 66722.8 | C65: 67950.7 | D65: 68792.4 | E65: 69483.4 | F65: 69993.6 | G65: 70261.6 | H65: 70319.7 | I65: 70307.7 | J65: 70199.3 | K65: 70214.4 | L65: 70063.5

Sheet Niger
A1: Niger HRH Stock from 2012 to 2022
A2: Occupation | B2: 2012 | C2: 2013 | D2: 2014 | E2: 2015 | F2: 2016 | G2: 2017 | H2: 2018 | I2: 2019 | J2: 2020 | K2: 2021 | L2: 2022 | N2: HOME
A3: Medical Doctors | B3: 952 | C3: 946 | D3: 523 | E3: 634 | F3: 681 | G3: 472 | H3: 818 | I3: 888 | J3: 835 | K3: 0 | L3: 614
A4: Generalist Medical Practitioners (incl. Family medical practitioners) | B4: 0 | C4: 0 | D4: 0 | E4: 0 | F4: 0 | G4: 0 | H4: 0 | I4: 0 | J4: 0 | K4: 0 | L4: 316
A5: Medical group of Specialists Practitioners | B5: 0 | C5: 0 | D5: 0 | E5: 0 | F5: 0 | G5: 0 | H5: 0 | I5: 0 | J5: 0 | K5: 0 | L5: 0
A6: Nursing Personnel | B6: 0 | C6: 3289 | D6: 4940 | E6: 3253 | F6: 4746 | G6: 0 | H6: 4107 | I6: 0 | J6: 0 | K6: 0 | L6: 4565
A7: Midwifery personnel | B7: 894 | C7: 836 | D7: 959 | E7: 824 | F7: 856 | G7: 0 | H7: 906 | I7: 0 | J7: 0 | K7: 0 | L7: 718
A8: Dentists | B8: 0 | C8: 30 | D8: 21 | E8: 30 | F8: 18 | G8: 0 | H8: 30 | I8: 0 | J8: 0 | K8: 0 | L8: 24
A9: Pharmacists | B9: 53 | C9: 51 | D9: 0 | E9: 50 | F9: 24 | G9: 0 | H9: 60 | I9: 0 | J9: 0 | K9: 0 | L9: 43
A10: Administrative staff | B10: 0 | C10: 0 | D10: 0 | E10: 0 | F10: 0 | G10: 0 | H10: 0 | I10: 0 | J10: 0 | K10: 0 | L10: 0
A11: Ambulance Workers | B11: 0 | C11: 0 | D11: 0 | E11: 0 | F11: 0 | G11: 0 | H11: 0 | I11: 0 | J11: 0 | K11: 0 | L11: 0
A12: Audiologists and Speech Therapists | B12: 0 | C12: 0 | D12: 0 | E12: 0 | F12: 0 | G12: 0 | H12: 0 | I12: 0 | J12: 0 | K12: 0 | L12: 0
A13: Biomedical engineer | B13: 0 | C13: 0 | D13: 0 | E13: 0 | F13: 0 | G13: 0 | H13: 0 | I13: 0 | J13: 0 | K13: 0 | L13: 0
A14: Community Health Workers | B14: 0 | C14: 6560 | D14: 0 | E14: 0 | F14: 0 | G14: 0 | H14: 0 | I14: 0 | J14: 21429 | K14: 0 | L14: 2239
... A62: Traditional and Complementary Medicine Professionals | B62: 0 | C62: 0 | D62: 0 | E62: 0 | F62: 0 | G62: 0 | H62: 0 | I62: 0 | J62: 0 | K62: 0 | L62: 0
A63: Total | B63: =SUM(B3:B62) -> 3745 | C63: =SUM(C3:C62) -> 16783 | D63: =SUM(D3:D62) -> 12938 | E63: =SUM(E3:E62) -> 9502 | F63: =SUM(F3:F62) -> 12608 | G63: =SUM(G3:G62) -> 950 | H63: =SUM(H3:H62) -> 13113 | I63: =SUM(I3:I62) -> 1776 | ... L63: =SUM(L3:L62) -> 16562
A65: Population UN | B65: 819636.9 | C65: 845295.7 | D65: 873411.1 | E65: 903031.3 | F65: 937299.4 | G65: 973023.7 | H65: 1007593.1 | I65: 1041927.9 | J65: 1076476.4 | K65: 1111347.5 | L65: 1147745.3

Sheet Nigeria
A1: Nigeria HRH Stock from 2012 to 2022
A2: Occupation | B2: 2012 | C2: 2013 | D2: 2014 | E2: 2015 | F2: 2016 | G2: 2017 | H2: 2018 | I2: 2019 | J2: 2020 | K2: 2021 | L2: 2022 | N2: HOME
A3: Medical Doctors | B3: 0 | C3: 65759 | D3: 0 | E3: 0 | F3: 83565 | G3: 0 | H3: 74543 | I3: 74543 | J3: 0 | K3: 84277 | L3: 86181
A4: Generalist Medical Practitioners (incl. Family medical practitioners) | B4: 0 | C4: 0 | D4: 0 | E4: 0 | F4: 0 | G4: 0 | H4: 71508 | I4: 0 | J4: 0 | K4: 84277 | L4: 85719
A5: Medical group of Specialists Practitioners | B5: 0 | C5: 0 | D5: 0 | E5: 0 | F5: 0 | G5: 0 | H5: 0 | I5: 0 | J5: 0 | K5: 0 | L5: 0
A6: Nursing Personnel | B6: 0 | C6: 74920 | D6: 0 | E6: 0 | F6: 185101 | G6: 0 | H6: 110105 | I6: 180709 | J6: 0 | K6: 201735 | L6: 220681
A7: Midwifery personnel | B7: 0 | C7: 101275 | D7: 0 | E7: 0 | F7: 141275 | G7: 0 | H7: 71237 | I7: 120870 | J7: 0 | K7: 131922 | L7: 146787
A8: Dentists | B8: 0 | C8: 0 | D8: 0 | E8: 0 | F8: 4081 | G8: 0 | H8: 4358 | I8: 4358 | J8: 0 | K8: 4358 | L8: 5048
A9: Pharmacists | B9: 0 | C9: 0 | D9: 0 | E9: 20035 | F9: 0 | G9: 0 | H9: 24668 | I9: 24668 | J9: 0 | K9: 17331 | L9: 18277
A10: Administrative staff | B10: 0 | C10: 0 | D10: 0 | E10: 0 | F10: 0 | G10: 0 | H10: 0 | I10: 0 | J10: 0 | K10: 0 | L10: 0
A11: Ambulance Workers | B11: 0 | C11: 0 | D11: 0 | E11: 0 | F11: 0 | G11: 0 | H11: 0 | I11: 0 | J11: 0 | K11: 0 | L11: 0
A12: Audiologists and Speech Therapists | B12: 0 | C12: 0 | D12: 0 | E12: 0 | F12: 0 | G12: 0 | H12: 56 | I12: 79 | J12: 0 | K12: 0 | L12: 168
A13: Biomedical engineer | B13: 0 | C13: 0 | D13: 0 | E13: 0 | F13: 0 | G13: 0 | H13: 0 | I13: 0 | J13: 0 | K13: 0 | L13: 0
A14: Community Health Workers | B14: 0 | C14: 0 | D14: 0 | E14: 0 | F14: 0 | G14: 0 | H14: 116454 | I14: 116454 | J14: 0 | K14: 7912 | L14: 154477
... A62: Traditional and Complementary Medicine Professionals | B62: 0 | C62: 262512 | D62: 0 | E62: 0 | F62: 0 | G62: 0 | H62: 0 | I62: 32 | J62: 0 | K62: 0 | L62: 0
A63: Total | B63: =SUM(B3:B62) -> 144 | C63: =SUM(C3:C62) -> 814985 | D63: =SUM(D3:D62) -> 2281 | E63: =SUM(E3:E62) -> 20035 | F63: =SUM(F3:F62) -> 823963 | G63: =SUM(G3:G62) -> 0 | H63: =SUM(H3:H62) -> 758732 | I63: =SUM(I3:I62) -> 1037114 | ... L63: =SUM(L3:L62) -> 1557397
A65: Population UN | B65: 6713643.8 | C65: 6805083.1 | D65: 6894101.6 | E65: 6983906.1 | F65: 7083326.4 | G65: 7193818.6 | H65: 7300350.5 | I65: 7409670.9 | J65: 7523678.7 | K65: 7641925.4 | L65: 7745147.1

Sheet Rwanda
A1: Rwanda HRH Stock from 2012 to 2022
A2: Occupation | B2: 2012 | C2: 2013 | D2: 2014 | E2: 2015 | F2: 2016 | G2: 2017 | H2: 2018 | I2: 2019 | J2: 2020 | K2: 2021 | L2: 2022 | N2: HOME
A3: Medical Doctors | B3: 0 | C3: 1104 | D3: 1008 | E3: 1284 | F3: 1431 | G3: 1648 | H3: 1648 | I3: 1492 | J3: 0 | K3: 0 | L3: 0
A4: Generalist Medical Practitioners (incl. Family medical practitioners) | B4: 0 | C4: 609 | D4: 834 | E4: 1042 | F4: 1107 | G4: 1114 | H4: 1114 | I4: 0 | J4: 0 | K4: 0 | L4: 0
A5: Medical group of Specialists Practitioners | B5: 0 | C5: 0 | D5: 0 | E5: 0 | F5: 0 | G5: 0 | H5: 0 | I5: 0 | J5: 0 | K5: 0 | L5: 0
A6: Nursing Personnel | B6: 0 | C6: 0 | D6: 9625 | E6: 10367 | F6: 11281 | G6: 0 | H6: 13345 | I6: 10409 | J6: 0 | K6: 0 | L6: 0
A7: Midwifery personnel | B7: 0 | C7: 622 | D7: 692 | E7: 868 | F7: 1070 | G7: 2144 | H7: 1471 | I7: 1561 | J7: 0 | K7: 0 | L7: 0
A8: Dentists | B8: 0 | C8: 0 | D8: 0 | E8: 127 | F8: 0 | G8: 236 | H8: 228 | I8: 0 | J8: 0 | K8: 0 | L8: 0
A9: Pharmacists | B9: 0 | C9: 0 | D9: 0 | E9: 114 | F9: 0 | G9: 879 | H9: 886 | I9: 0 | J9: 0 | K9: 0 | L9: 0
A10: Administrative staff | B10: 0 | C10: 0 | D10: 0 | E10: 4006 | F10: 0 | G10: 0 | H10: 0 | I10: 0 | J10: 0 | K10: 0 | L10: 0
A11: Ambulance Workers | B11: 0 | C11: 0 | D11: 0 | E11: 0 | F11: 0 | G11: 0 | H11: 0 | I11: 0 | J11: 0 | K11: 0 | L11: 0
A12: Audiologists and Speech Therapists | B12: 0 | C12: 0 | D12: 0 | E12: 0 | F12: 0 | G12: 0 | H12: 0 | I12: 0 | J12: 0 | K12: 0 | L12: 0
A13: Biomedical engineer | B13: 0 | C13: 0 | D13: 0 | E13: 0 | F13: 0 | G13: 0 | H13: 0 | I13: 0 | J13: 0 | K13: 0 | L13: 0
A14: Community Health Workers | B14: 0 | C14: 0 | D14: 0 | E14: 0 | F14: 0 | G14: 0 | H14: 45000 | I14: 0 | J14: 58567 | K14: 0 | L14: 0
... A62: Traditional and Complementary Medicine Professionals | B62: 0 | C62: 0 | D62: 0 | E62: 0 | F62: 0 | G62: 0 | H62: 0 | I62: 0 | J62: 0 | K62: 0 | L62: 0
A63: Total | B63: =SUM(B3:B62) -> 0 | C63: =SUM(C3:C62) -> 3452 | D63: =SUM(D3:D62) -> 22732 | E63: =SUM(E3:E62) -> 32413 | F63: =SUM(F3:F62) -> 27620 | G63: =SUM(G3:G62) -> 13097 | H63: =SUM(H3:H62) -> 81732 | I63: =SUM(I3:I62) -> 26924 | ... L63: =SUM(L3:L62) -> 0
A65: Population UN | B65: 352562.3 | C65: 357235.9 | D65: 362267.2 | E65: 368170.1 | F65: 375065.4 | G65: 382138 | H65: 388863.1 | I65: 394736.7 | J65: 399189.9 | K65: 403959 | L65: 408235.8

Sheet Sao Tome and Principe
A1: Sao Tome and Principe HRH Stock from 2012 to 2022
A2: Occupation | B2: 2012 | C2: 2013 | D2: 2014 | E2: 2015 | F2: 2016 | G2: 2017 | H2: 2018 | I2: 2019 | J2: 2020 | K2: 2021 | L2: 2022 | N2: HOME
A3: Medical Doctors | B3: 0 | C3: 0 | D3: 0 | E3: 63 | F3: 0 | G3: 0 | H3: 0 | I3: 105 | J3: 0 | K3: 0 | L3: 0
A4: Generalist Medical Practitioners (incl. Family medical practitioners) | B4: 0 | C4: 0 | D4: 0 | E4: 0 | F4: 0 | G4: 0 | H4: 0 | I4: 0 | J4: 0 | K4: 0 | L4: 0
A5: Medical group of Specialists Practitioners | B5: 0 | C5: 0 | D5: 0 | E5: 0 | F5: 0 | G5: 0 | H5: 0 | I5: 0 | J5: 0 | K5: 0 | L5: 0
A6: Nursing Personnel | B6: 0 | C6: 0 | D6: 0 | E6: 442 | F6: 0 | G6: 0 | H6: 406 | I6: 440 | J6: 0 | K6: 0 | L6: 0
A7: Midwifery personnel | B7: 0 | C7: 31 | D7: 0 | E7: 0 | F7: 0 | G7: 0 | H7: 0 | I7: 22 | J7: 0 | K7: 0 | L7: 0
A8: Dentists | B8: 0 | C8: 0 | D8: 0 | E8: 0 | F8: 0 | G8: 0 | H8: 0 | I8: 6 | J8: 0 | K8: 0 | L8: 0
A9: Pharmacists | B9: 0 | C9: 0 | D9: 0 | E9: 0 | F9: 0 | G9: 0 | H9: 0 | I9: 37 | J9: 0 | K9: 0 | L9: 0
A10: Administrative staff | B10: 0 | C10: 0 | D10: 0 | E10: 0 | F10: 0 | G10: 0 | H10: 0 | I10: 0 | J10: 0 | K10: 0 | L10: 0
A11: Ambulance Workers | B11: 0 | C11: 0 | D11: 0 | E11: 0 | F11: 0 | G11: 0 | H11: 0 | I11: 0 | J11: 0 | K11: 0 | L11: 0
A12: Audiologists and Speech Therapists | B12: 0 | C12: 0 | D12: 0 | E12: 0 | F12: 0 | G12: 0 | H12: 0 | I12: 0 | J12: 0 | K12: 0 | L12: 0
A13: Biomedical engineer | B13: 0 | C13: 0 | D13: 0 | E13: 0 | F13: 0 | G13: 0 | H13: 0 | I13: 0 | J13: 0 | K13: 0 | L13: 0
A14: Community Health Workers | B14: 0 | C14: 0 | D14: 0 | E14: 0 | F14: 0 | G14: 0 | H14: 0 | I14: 0 | J14: 0 | K14: 0 | L14: 0
... A62: Traditional and Complementary Medicine Professionals | B62: 0 | C62: 0 | D62: 0 | E62: 0 | F62: 0 | G62: 0 | H62: 0 | I62: 0 | J62: 0 | K62: 0 | L62: 0
A63: Total | B63: =SUM(B3:B62) -> 0 | C63: =SUM(C3:C62) -> 62 | D63: =SUM(D3:D62) -> 0 | E63: =SUM(E3:E62) -> 1010 | F63: =SUM(F3:F62) -> 0 | G63: =SUM(G3:G62) -> 0 | H63: =SUM(H3:H62) -> 812 | I63: =SUM(I3:I62) -> 1180 | ... L63: =SUM(L3:L62) -> 0
A65: Population UN | B65: 6575.5 | C65: 6883.1 | D65: 6820.9 | E65: 6722.6 | F65: 6608.2 | G65: 6489.7 | H65: 6389.2 | I65: 6338.5 | J65: 6343.5 | K65: 6406.9 | L65: 6481.1

Sheet Senegal
A1: Senegal HRH Stock from 2012 to 2022
A2: Occupation | B2: 2012 | C2: 2013 | D2: 2014 | E2: 2015 | F2: 2016 | G2: 2017 | H2: 2018 | I2: 2019 | J2: 2020 | K2: 2021 | L2: 2022 | N2: HOME
A3: Medical Doctors | B3: 0 | C3: 0 | D3: 0 | E3: 0 | F3: 1154 | G3: 1066 | H3: 0 | I3: 1435 | J3: 1384 | K3: 1707 | L3: 2188
A4: Generalist Medical Practitioners (incl. Family medical practitioners) | B4: 0 | C4: 0 | D4: 0 | E4: 0 | F4: 267 | G4: 0 | H4: 0 | I4: 353 | J4: 308 | K4: 487 | L4: 703
A5: Medical group of Specialists Practitioners | B5: 0 | C5: 0 | D5: 0 | E5: 0 | F5: 0 | G5: 0 | H5: 0 | I5: 1082 | J5: 450 | K5: 810 | L5: 0
A6: Nursing Personnel | B6: 0 | C6: 0 | D6: 0 | E6: 1682 | F6: 2490 | G6: 2820 | H6: 0 | I6: 6151 | J6: 3800 | K6: 6477 | L6: 4737
A7: Midwifery personnel | B7: 0 | C7: 3946 | D7: 0 | E7: 1116 | F7: 2002 | G7: 2002 | H7: 0 | I7: 2656 | J7: 2061 | K7: 2739 | L7: 2803
A8: Dentists | B8: 0 | C8: 54 | D8: 0 | E8: 0 | F8: 121 | G8: 121 | H8: 0 | I8: 219 | J8: 134 | K8: 176 | L8: 223
A9: Pharmacists | B9: 0 | C9: 0 | D9: 0 | E9: 143 | F9: 170 | G9: 170 | H9: 0 | I9: 188 | J9: 212 | K9: 293 | L9: 352
A10: Administrative staff | B10: 0 | C10: 0 | D10: 0 | E10: 0 | F10: 0 | G10: 0 | H10: 0 | I10: 2663 | J10: 5427 | K10: 5833 | L10: 3584
A11: Ambulance Workers | B11: 0 | C11: 0 | D11: 0 | E11: 0 | F11: 0 | G11: 0 | H11: 0 | I11: 445 | J11: 35 | K11: 36 | L11: 31
A12: Audiologists and Speech Therapists | B12: 0 | C12: 0 | D12: 0 | E12: 0 | F12: 0 | G12: 0 | H12: 0 | I12: 2 | J12: 1 | K12: 0 | L12: 0
A13: Biomedical engineer | B13: 0 | C13: 0 | D13: 0 | E13: 0 | F13: 0 | G13: 0 | H13: 0 | I13: 12 | J13: 19 | K13: 15 | L13: 17
A14: Community Health Workers | B14: 0 | C14: 0 | D14: 0 | E14: 770 | F14: 5 | G14: 5 | H14: 17417 | I14: 1116 | J14: 0 | K14: 16443 | L14: 18757
... A62: Traditional and Complementary Medicine Professionals | B62: 0 | C62: 32 | D62: 0 | E62: 0 | F62: 0 | G62: 0 | H62: 0 | I62: 0 | J62: 0 | K62: 0 | L62: 0
A63: Total | B63: =SUM(B3:B62) -> 0 | C63: =SUM(C3:C62) -> 9091 | D63: =SUM(D3:D62) -> 0 | E63: =SUM(E3:E62) -> 6581 | F63: =SUM(F3:F62) -> 12793 | G63: =SUM(G3:G62) -> 12312 | H63: =SUM(H3:H62) -> 17745 | I63: =SUM(I3:I62) -> 59338 | ... L63: =SUM(L3:L62) -> 49541
A65: Population UN | B65: 485442.2 | C65: 494983.7 | D65: 503266.5 | E65: 507578.5 | F65: 510487.1 | G65: 516925.5 | H65: 526366.6 | I65: 535460.8 | J65: 543180.8 | K65: 550908.2 | L65: 558327.9

Sheet Seychelles
A1: Seychelles HRH Stock from 2012 to 2022
A2: Occupation | B2: 2012 | C2: 2013 | D2: 2014 | E2: 2015 | F2: 2016 | G2: 2017 | H2: 2018 | I2: 2019 | J2: 2020 | K2: 2021 | L2: 2022 | N2: HOME
A3: Medical Doctors | B3: 93 | C3: 0 | D3: 0 | E3: 0 | F3: 203 | G3: 0 | H3: 240 | I3: 220 | J3: 0 | K3: 0 | L3: 409
A4: Generalist Medical Practitioners (incl. Family medical practitioners) | B4: 0 | C4: 0 | D4: 0 | E4: 0 | F4: 82 | G4: 0 | H4: 125 | I4: 0 | J4: 0 | K4: 0 | L4: 57
A5: Medical group of Specialists Practitioners | B5: 0 | C5: 0 | D5: 0 | E5: 0 | F5: 0 | G5: 0 | H5: 0 | I5: 0 | J5: 0 | K5: 0 | L5: 0
A6: Nursing Personnel | B6: 419 | C6: 0 | D6: 0 | E6: 0 | F6: 684 | G6: 0 | H6: 951 | I6: 0 | J6: 0 | K6: 0 | L6: 623
A7: Midwifery personnel | B7: 0 | C7: 0 | D7: 0 | E7: 0 | F7: 89 | G7: 0 | H7: 158 | I7: 0 | J7: 0 | K7: 0 | L7: 156
A8: Dentists | B8: 14 | C8: 0 | D8: 0 | E8: 0 | F8: 34 | G8: 0 | H8: 0 | I8: 42 | J8: 0 | K8: 0 | L8: 44
A9: Pharmacists | B9: 4 | C9: 0 | D9: 0 | E9: 0 | F9: 45 | G9: 0 | H9: 124 | I9: 0 | J9: 0 | K9: 0 | L9: 35
A10: Administrative staff | B10: 0 | C10: 0 | D10: 0 | E10: 0 | F10: 0 | G10: 0 | H10: 0 | I10: 0 | J10: 0 | K10: 0 | L10: 0
A11: Ambulance Workers | B11: 0 | C11: 0 | D11: 0 | E11: 0 | F11: 0 | G11: 0 | H11: 0 | I11: 0 | J11: 0 | K11: 19 | L11: 0
A12: Audiologists and Speech Therapists | B12: 0 | C12: 0 | D12: 0 | E12: 0 | F12: 0 | G12: 0 | H12: 0 | I12: 0 | J12: 0 | K12: 5 | L12: 0
A13: Biomedical engineer | B13: 0 | C13: 0 | D13: 0 | E13: 0 | F13: 0 | G13: 0 | H13: 0 | I13: 0 | J13: 0 | K13: 0 | L13: 0
A14: Community Health Workers | B14: 0 | C14: 0 | D14: 0 | E14: 0 | F14: 0 | G14: 0 | H14: 0 | I14: 0 | J14: 0 | K14: 0 | L14: 0
... A62: Traditional and Complementary Medicine Professionals | B62: 0 | C62: 0 | D62: 0 | E62: 0 | F62: 0 | G62: 0 | H62: 0 | I62: 0 | J62: 0 | K62: 0 | L62: 0
A63: Total | B63: =SUM(B3:B62) -> 1042 | C63: =SUM(C3:C62) -> 0 | D63: =SUM(D3:D62) -> 0 | E63: =SUM(E3:E62) -> 4 | F63: =SUM(F3:F62) -> 2099 | G63: =SUM(G3:G62) -> 39 | H63: =SUM(H3:H62) -> 3271 | I63: =SUM(I3:I62) -> 572 | ... L63: =SUM(L3:L62) -> 2560
A65: Population UN | B65: 1803.6 | C65: 1775 | D65: 1726.4 | E65: 1743.6 | F65: 1795.8 | G65: 1837.1 | H65: 1833.4 | I65: 1804.7 | J65: 1773.9 | K65: 1744.8 | L65: 1715.5

Sheet Sierra Leone
A1: Sierra Leone HRH Stock from 2012 to 2022
A2: Occupation | B2: 2012 | C2: 2013 | D2: 2014 | E2: 2015 | F2: 2016 | G2: 2017 | H2: 2018 | I2: 2019 | J2: 2020 | K2: 2021 | L2: 2022 | N2: HOME
A3: Medical Doctors | B3: 0 | C3: 0 | D3: 0 | E3: 0 | F3: 0 | G3: 0 | H3: 566 | I3: 256 | J3: 576 | K3: 0 | L3: 366
A4: Generalist Medical Practitioners (incl. Family medical practitioners) | B4: 0 | C4: 0 | D4: 0 | E4: 0 | F4: 0 | G4: 0 | H4: 500 | I4: 231 | J4: 515 | K4: 0 | L4: 338
A5: Medical group of Specialists Practitioners | B5: 0 | C5: 0 | D5: 0 | E5: 0 | F5: 0 | G5: 0 | H5: 0 | I5: 10 | J5: 0 | K5: 0 | L5: 11
A6: Nursing Personnel | B6: 0 | C6: 6106 | D6: 6108 | E6: 5873 | F6: 5160 | G6: 5980 | H6: 5757 | I6: 4311 | J6: 1040 | K6: 0 | L6: 7356
A7: Midwifery personnel | B7: 0 | C7: 2187 | D7: 585 | E7: 0 | F7: 313 | G7: 0 | H7: 0 | I7: 2373 | J7: 639 | K7: 0 | L7: 2271
A8: Dentists | B8: 0 | C8: 0 | D8: 0 | E8: 0 | F8: 53 | G8: 0 | H8: 15 | I8: 7 | J8: 15 | K8: 0 | L8: 6
A9: Pharmacists | B9: 0 | C9: 0 | D9: 0 | E9: 0 | F9: 82 | G9: 0 | H9: 156 | I9: 164 | J9: 193 | K9: 0 | L9: 89
A10: Administrative staff | B10: 0 | C10: 0 | D10: 0 | E10: 0 | F10: 0 | G10: 0 | H10: 0 | I10: 0 | J10: 0 | K10: 0 | L10: 0
A11: Ambulance Workers | B11: 0 | C11: 0 | D11: 0 | E11: 0 | F11: 0 | G11: 0 | H11: 0 | I11: 0 | J11: 0 | K11: 0 | L11: 0
A12: Audiologists and Speech Therapists | B12: 0 | C12: 0 | D12: 0 | E12: 0 | F12: 0 | G12: 0 | H12: 0 | I12: 0 | J12: 0 | K12: 0 | L12: 0
A13: Biomedical engineer | B13: 0 | C13: 0 | D13: 0 | E13: 0 | F13: 0 | G13: 0 | H13: 0 | I13: 0 | J13: 22 | K13: 0 | L13: 0
A14: Community Health Workers | B14: 0 | C14: 0 | D14: 0 | E14: 0 | F14: 14622 | G14: 0 | H14: 0 | I14: 15000 | J14: 13966 | K14: 0 | L14: 0
... A62: Traditional and Complementary Medicine Professionals | B62: 0 | C62: 0 | D62: 0 | E62: 0 | F62: 0 | G62: 0 | H62: 0 | I62: 0 | J62: 0 | K62: 0 | L62: 0
A63: Total | B63: =SUM(B3:B62) -> 8 | C63: =SUM(C3:C62) -> 16586 | D63: =SUM(D3:D62) -> 17944 | E63: =SUM(E3:E62) -> 11746 | F63: =SUM(F3:F62) -> 25703 | G63: =SUM(G3:G62) -> 11960 | H63: =SUM(H3:H62) -> 13128 | I63: =SUM(I3:I62) -> 30583 | ... L63: =SUM(L3:L62) -> 21400
A65: Population UN | B65: 243297.8 | C65: 244461.1 | D65: 244533.1 | E65: 244577.3 | F65: 245921.2 | G65: 248976 | H65: 252080.8 | I65: 254698.9 | J65: 256574.4 | K65: 258166.6 | L65: 259656.4

Sheet South Africa
A1: South Africa HRH Stock from 2012 to 2022
A2: Occupation | B2: 2012 | C2: 2013 | D2: 2014 | E2: 2015 | F2: 2016 | G2: 2017 | H2: 2018 | I2: 2019 | J2: 2020 | K2: 2021 | L2: 2022 | N2: HOME
A3: Medical Doctors | B3: 0 | C3: 0 | D3: 0 | E3: 0 | F3: 43141 | G3: 44653 | H3: 43503 | I3: 46393 | J3: 0 | K3: 48021 | L3: 0
A4: Generalist Medical Practitioners (incl. Family medical practitioners) | B4: 0 | C4: 0 | D4: 0 | E4: 0 | F4: 0 | G4: 0 | H4: 29311 | I4: 0 | J4: 0 | K4: 0 | L4: 0
A5: Medical group of Specialists Practitioners | B5: 0 | C5: 0 | D5: 0 | E5: 0 | F5: 0 | G5: 0 | H5: 0 | I5: 0 | J5: 0 | K5: 0 | L5: 0
A6: Nursing Personnel | B6: 58722 | C6: 0 | D6: 0 | E6: 0 | F6: 0 | G6: 0 | H6: 70552 | I6: 64638 | J6: 61028 | K6: 0 | L6: 0
A7: Midwifery personnel | B7: 0 | C7: 0 | D7: 0 | E7: 0 | F7: 1284 | G7: 0 | H7: 0 | I7: 0 | J7: 0 | K7: 0 | L7: 0
A8: Dentists | B8: 5554 | C8: 5770 | D8: 5817 | E8: 5985 | F8: 6158 | G8: 6314 | H8: 6433 | I8: 6365 | J8: 0 | K8: 6586 | L8: 1348
A9: Pharmacists | B9: 13642 | C9: 0 | D9: 14994 | E9: 15784 | F9: 15267 | G9: 0 | H9: 0 | I9: 0 | J9: 0 | K9: 0 | L9: 3609
A10: Administrative staff | B10: 0 | C10: 0 | D10: 0 | E10: 0 | F10: 0 | G10: 0 | H10: 0 | I10: 0 | J10: 0 | K10: 0 | L10: 33735
A11: Ambulance Workers | B11: 61920 | C11: 64876 | D11: 67335 | E11: 69276 | F11: 0 | G11: 0 | H11: 0 | I11: 0 | J11: 0 | K11: 41029 | L11: 2025
A12: Audiologists and Speech Therapists | B12: 2285 | C12: 2586 | D12: 2746 | E12: 2913 | F12: 3140 | G12: 3323 | H12: 3512 | I12: 3676 | J12: 0 | K12: 4037 | L12: 586
A13: Biomedical engineer | B13: 1 | C13: 2 | D13: 2 | E13: 2 | F13: 2 | G13: 2 | H13: 2 | I13: 2 | J13: 0 | K13: 1 | L13: 53
A14: Community Health Workers | B14: 0 | C14: 0 | D14: 0 | E14: 0 | F14: 0 | G14: 0 | H14: 54180 | I14: 0 | J14: 0 | K14: 0 | L14: 63290
... A62: Traditional and Complementary Medicine Professionals | B62: 0 | C62: 0 | D62: 0 | E62: 0 | F62: 0 | G62: 49732 | H62: 0 | I62: 0 | J62: 0 | K62: 0 | L62: 9
A63: Total | B63: =SUM(B3:B62) -> 235258 | C63: =SUM(C3:C62) -> 102072 | D63: =SUM(D3:D62) -> 143834 | E63: =SUM(E3:E62) -> 145206 | F63: =SUM(F3:F62) -> 187030 | G63: =SUM(G3:G62) -> 254488 | H63: =SUM(H3:H62) -> 340269 | I63: =SUM(I3:I62) -> 270528 | ... L63: =SUM(L3:L62) -> 193870
A65: Population UN | B65: 1201525.5 | C65: 1214423.9 | D65: 1224226.9 | E65: 1224304.9 | F65: 1193987.6 | G65: 1185951.8 | H65: 1221592.2 | I65: 1253306.6 | J65: 1247502 | K65: 1219311.2 | L65: 1197906.7

Sheet South Sudan
A1: South Sudan HRH Stock from 2012 to 2022
A2: Occupation | B2: 2012 | C2: 2013 | D2: 2014 | E2: 2015 | F2: 2016 | G2: 2017 | H2: 2018 | I2: 2019 | J2: 2020 | K2: 2021 | L2: 2022 | N2: HOME
A3: Medical Doctors | B3: 0 | C3: 0 | D3: 0 | E3: 0 | F3: 0 | G3: 0 | H3: 411 | I3: 342 | J3: 456 | K3: 0 | L3: 0
A4: Generalist Medical Practitioners (incl. Family medical practitioners) | B4: 0 | C4: 0 | D4: 0 | E4: 0 | F4: 0 | G4: 0 | H4: 338 | I4: 274 | J4: 383 | K4: 0 | L4: 0
A5: Medical group of Specialists Practitioners | B5: 0 | C5: 0 | D5: 0 | E5: 0 | F5: 0 | G5: 0 | H5: 0 | I5: 9 | J5: 13 | K5: 0 | L5: 0
A6: Nursing Personnel | B6: 0 | C6: 0 | D6: 0 | E6: 0 | F6: 0 | G6: 0 | H6: 3726 | I6: 3714 | J6: 4530 | K6: 0 | L6: 0
A7: Midwifery personnel | B7: 0 | C7: 0 | D7: 0 | E7: 0 | F7: 0 | G7: 0 | H7: 0 | I7: 2380 | J7: 3020 | K7: 0 | L7: 0
A8: Dentists | B8: 0 | C8: 0 | D8: 0 | E8: 0 | F8: 0 | G8: 0 | H8: 32 | I8: 20 | J8: 28 | K8: 0 | L8: 0
A9: Pharmacists | B9: 0 | C9: 0 | D9: 0 | E9: 0 | F9: 0 | G9: 0 | H9: 360 | I9: 98 | J9: 139 | K9: 0 | L9: 0
A10: Administrative staff | B10: 0 | C10: 0 | D10: 0 | E10: 0 | F10: 0 | G10: 0 | H10: 0 | I10: 0 | J10: 0 | K10: 0 | L10: 0
A11: Ambulance Workers | B11: 0 | C11: 0 | D11: 0 | E11: 0 | F11: 0 | G11: 0 | H11: 0 | I11: 0 | J11: 0 | K11: 0 | L11: 0
A12: Audiologists and Speech Therapists | B12: 0 | C12: 0 | D12: 0 | E12: 0 | F12: 0 | G12: 0 | H12: 0 | I12: 0 | J12: 0 | K12: 0 | L12: 0
A13: Biomedical engineer | B13: 0 | C13: 0 | D13: 0 | E13: 0 | F13: 0 | G13: 0 | H13: 0 | I13: 9 | J13: 7 | K13: 0 | L13: 0
A14: Community Health Workers | B14: 0 | C14: 0 | D14: 0 | E14: 0 | F14: 0 | G14: 0 | H14: 1455 | I14: 850 | J14: 2826 | K14: 0 | L14: 0
... A62: Traditional and Complementary Medicine Professionals | B62: 0 | C62: 0 | D62: 0 | E62: 0 | F62: 0 | G62: 0 | H62: 0 | I62: 0 | J62: 0 | K62: 0 | L62: 0
A63: Total | B63: =SUM(B3:B62) -> 0 | C63: =SUM(C3:C62) -> 32 | D63: =SUM(D3:D62) -> 0 | E63: =SUM(E3:E62) -> 0 | F63: =SUM(F3:F62) -> 0 | G63: =SUM(G3:G62) -> 1 | H63: =SUM(H3:H62) -> 10417 | I63: =SUM(I3:I62) -> 22259 | ... L63: =SUM(L3:L62) -> 0
A65: Population UN | B65: 408449.5 | C65: 420676 | D65: 423842.2 | E65: 409891.2 | F65: 389229.6 | G65: 360673.9 | H65: 323958.4 | I65: 303184.6 | J65: 301708.8 | K65: 306239.5 | L65: 309372.4

Sheet Tanzania
A1: Tanzania HRH Stock from 2012 to 2022
A2: Occupation | B2: 2012 | C2: 2013 | D2: 2014 | E2: 2015 | F2: 2016 | G2: 2017 | H2: 2018 | I2: 2019 | J2: 2020 | K2: 2021 | L2: 2022 | N2: HOME
A3: Medical Doctors | B3: 1481 | C3: 98355 | D3: 3015 | E3: 0 | F3: 0 | G3: 0 | H3: 2885 | I3: 0 | J3: 0 | K3: 0 | L3: 8693
A4: Generalist Medical Practitioners (incl. Family medical practitioners) | B4: 0 | C4: 4123 | D4: 0 | E4: 0 | F4: 0 | G4: 0 | H4: 2434 | I4: 0 | J4: 0 | K4: 0 | L4: 6701
A5: Medical group of Specialists Practitioners | B5: 0 | C5: 0 | D5: 0 | E5: 0 | F5: 0 | G5: 0 | H5: 0 | I5: 0 | J5: 0 | K5: 0 | L5: 0
A6: Nursing Personnel | B6: 20800 | C6: 307230 | D6: 21552 | E6: 0 | F6: 0 | G6: 31940 | H6: 31940 | I6: 0 | J6: 0 | K6: 0 | L6: 0
A7: Midwifery personnel | B7: 0 | C7: 162049 | D7: 0 | E7: 0 | F7: 0 | G7: 0 | H7: 0 | I7: 0 | J7: 0 | K7: 0 | L7: 0
A8: Dentists | B8: 99 | C8: 7737 | D8: 104 | E8: 0 | F8: 0 | G8: 0 | H8: 682 | I8: 0 | J8: 0 | K8: 0 | L8: 583
A9: Pharmacists | B9: 339 | C9: 5289 | D9: 707 | E9: 0 | F9: 0 | G9: 0 | H9: 1845 | I9: 0 | J9: 0 | K9: 0 | L9: 1746
A10: Administrative staff | B10: 317 | C10: 5334 | D10: 0 | E10: 0 | F10: 0 | G10: 0 | H10: 0 | I10: 0 | J10: 0 | K10: 0 | L10: 0
A11: Ambulance Workers | B11: 0 | C11: 64876 | D11: 0 | E11: 0 | F11: 0 | G11: 0 | H11: 0 | I11: 0 | J11: 0 | K11: 0 | L11: 0
A12: Audiologists and Speech Therapists | B12: 0 | C12: 2586 | D12: 0 | E12: 0 | F12: 0 | G12: 0 | H12: 0 | I12: 0 | J12: 0 | K12: 0 | L12: 2
A13: Biomedical engineer | B13: 28 | C13: 2 | D13: 0 | E13: 0 | F13: 0 | G13: 0 | H13: 0 | I13: 0 | J13: 0 | K13: 0 | L13: 96
A14: Community Health Workers | B14: 0 | C14: 13057 | D14: 0 | E14: 0 | F14: 0 | G14: 0 | H14: 0 | I14: 0 | J14: 0 | K14: 0 | L14: 20737
... A62: Traditional and Complementary Medicine Professionals | B62: 0 | C62: 276910 | D62: 0 | E62: 0 | F62: 0 | G62: 0 | H62: 0 | I62: 0 | J62: 0 | K62: 0 | L62: 0
A63: Total | B63: =SUM(B3:B62) -> 58860 | C63: =SUM(C3:C62) -> 1646770 | D63: =SUM(D3:D62) -> 67477 | E63: =SUM(E3:E62) -> 0 | F63: =SUM(F3:F62) -> 67 | G63: =SUM(G3:G62) -> 63880 | H63: =SUM(H3:H62) -> 77395 | I63: =SUM(I3:I62) -> 0 | ... L63: =SUM(L3:L62) -> 137286
A65: Population UN | B65: 1802575.6 | C65: 1850826.3 | D65: 1924245.2 | E65: 1988487.9 | F65: 2044971.2 | G65: 2100281 | H65: 2149250.2 | I65: 2192621.7 | J65: 2235369.7 | K65: 2277499.2 | L65: 2323148.8

Sheet Togo
A1: Togo HRH Stock from 2012 to 2022
A2: Occupation | B2: 2012 | C2: 2013 | D2: 2014 | E2: 2015 | F2: 2016 | G2: 2017 | H2: 2018 | I2: 2019 | J2: 2020 | K2: 2021 | L2: 2022 | N2: HOME
A3: Medical Doctors | B3: 0 | C3: 0 | D3: 0 | E3: 361 | F3: 347 | G3: 583 | H3: 611 | I3: 627 | J3: 685 | K3: 506 | L3: 730
A4: Generalist Medical Practitioners (incl. Family medical practitioners) | B4: 0 | C4: 0 | D4: 0 | E4: 97 | F4: 0 | G4: 230 | H4: 219 | I4: 230 | J4: 354 | K4: 149 | L4: 331
A5: Medical group of Specialists Practitioners | B5: 0 | C5: 0 | D5: 0 | E5: 0 | F5: 0 | G5: 0 | H5: 0 | I5: 0 | J5: 0 | K5: 0 | L5: 0
A6: Nursing Personnel | B6: 0 | C6: 0 | D6: 0 | E6: 1341 | F6: 1419 | G6: 1966 | H6: 1951 | I6: 2134 | J6: 2455 | K6: 1946 | L6: 2630
A7: Midwifery personnel | B7: 0 | C7: 795 | D7: 0 | E7: 869 | F7: 961 | G7: 1268 | H7: 1285 | I7: 1619 | J7: 1743 | K7: 1482 | L7: 1864
A8: Dentists | B8: 0 | C8: 0 | D8: 0 | E8: 18 | F8: 0 | G8: 57 | H8: 21 | I8: 0 | J8: 0 | K8: 13 | L8: 18
A9: Pharmacists | B9: 0 | C9: 0 | D9: 0 | E9: 17 | F9: 13 | G9: 218 | H9: 213 | I9: 222 | J9: 232 | K9: 21 | L9: 255
A10: Administrative staff | B10: 0 | C10: 0 | D10: 0 | E10: 1107 | F10: 688 | G10: 1431 | H10: 1050 | I10: 884 | J10: 1411 | K10: 991 | L10: 0
A11: Ambulance Workers | B11: 0 | C11: 0 | D11: 0 | E11: 0 | F11: 0 | G11: 0 | H11: 0 | I11: 0 | J11: 0 | K11: 0 | L11: 0
A12: Audiologists and Speech Therapists | B12: 0 | C12: 0 | D12: 0 | E12: 0 | F12: 9 | G12: 21 | H12: 25 | I12: 35 | J12: 83 | K12: 33 | L12: 0
A13: Biomedical engineer | B13: 0 | C13: 0 | D13: 0 | E13: 0 | F13: 9 | G13: 22 | H13: 23 | I13: 16 | J13: 20 | K13: 5 | L13: 19
A14: Community Health Workers | B14: 0 | C14: 0 | D14: 0 | E14: 0 | F14: 0 | G14: 7545 | H14: 7086 | I14: 0 | J14: 7386 | K14: 7500 | L14: 0
... A62: Traditional and Complementary Medicine Professionals | B62: 0 | C62: 0 | D62: 0 | E62: 0 | F62: 0 | G62: 0 | H62: 0 | I62: 0 | J62: 0 | K62: 0 | L62: 0
A63: Total | B63: =SUM(B3:B62) -> 49 | C63: =SUM(C3:C62) -> 1643 | D63: =SUM(D3:D62) -> 0 | E63: =SUM(E3:E62) -> 6922 | F63: =SUM(F3:F62) -> 13034 | G63: =SUM(G3:G62) -> 26376 | H63: =SUM(H3:H62) -> 25806 | I63: =SUM(I3:I62) -> 19882 | ... L63: =SUM(L3:L62) -> 14959
A65: Population UN | B65: 243236.1 | C65: 245420.7 | D65: 248497.9 | E65: 251850.6 | F65: 255832.9 | G65: 259750.6 | H65: 262963.5 | I65: 266152.9 | J65: 269323.4 | K65: 272351.9 | L65: 275519.8

Sheet Uganda
A1: Uganda HRH Stock from 2012 to 2022
A2: Occupation | B2: 2012 | C2: 2013 | D2: 2014 | E2: 2015 | F2: 2016 | G2: 2017 | H2: 2018 | I2: 2019 | J2: 2020 | K2: 2021 | L2: 2022 | N2: HOME
A3: Medical Doctors | B3: 3370 | C3: 0 | D3: 0 | E3: 3645 | F3: 0 | G3: 6918 | H3: 0 | I3: 0 | J3: 7031 | K3: 0 | L3: 7941
A4: Generalist Medical Practitioners (incl. Family medical practitioners) | B4: 0 | C4: 0 | D4: 0 | E4: 0 | F4: 0 | G4: 0 | H4: 0 | I4: 0 | J4: 0 | K4: 0 | L4: 6369
A5: Medical group of Specialists Practitioners | B5: 0 | C5: 0 | D5: 0 | E5: 0 | F5: 0 | G5: 0 | H5: 0 | I5: 0 | J5: 0 | K5: 0 | L5: 338
A6: Nursing Personnel | B6: 40816 | C6: 40149 | D6: 45388 | E6: 50681 | F6: 55228 | G6: 60456 | H6: 52907 | I6: 0 | J6: 51327 | K6: 0 | L6: 74197
A7: Midwifery personnel | B7: 0 | C7: 7000 | D7: 0 | E7: 8815 | F7: 9802 | G7: 0 | H7: 0 | I7: 0 | J7: 23546 | K7: 0 | L7: 32957
A8: Dentists | B8: 0 | C8: 0 | D8: 0 | E8: 276 | F8: 0 | G8: 0 | H8: 26 | I8: 310 | J8: 255 | K8: 0 | L8: 1440
A9: Pharmacists | B9: 550 | C9: 0 | D9: 0 | E9: 45 | F9: 0 | G9: 0 | H9: 324 | I9: 0 | J9: 1717 | K9: 0 | L9: 1712
A10: Administrative staff | B10: 0 | C10: 0 | D10: 0 | E10: 0 | F10: 0 | G10: 0 | H10: 0 | I10: 0 | J10: 0 | K10: 0 | L10: 0
A11: Ambulance Workers | B11: 0 | C11: 0 | D11: 0 | E11: 0 | F11: 0 | G11: 0 | H11: 0 | I11: 0 | J11: 0 | K11: 0 | L11: 0
A12: Audiologists and Speech Therapists | B12: 0 | C12: 0 | D12: 0 | E12: 0 | F12: 0 | G12: 0 | H12: 0 | I12: 0 | J12: 0 | K12: 0 | L12: 0
A13: Biomedical engineer | B13: 0 | C13: 0 | D13: 0 | E13: 0 | F13: 0 | G13: 0 | H13: 0 | I13: 0 | J13: 0 | K13: 0 | L13: 0
A14: Community Health Workers | B14: 0 | C14: 0 | D14: 0 | E14: 179175 | F14: 0 | G14: 0 | H14: 0 | I14: 179000 | J14: 0 | K14: 0 | L14: 0
... A62: Traditional and Complementary Medicine Professionals | B62: 0 | C62: 0 | D62: 0 | E62: 0 | F62: 0 | G62: 0 | H62: 0 | I62: 0 | J62: 0 | K62: 0 | L62: 0
A63: Total | B63: =SUM(B3:B62) -> 115409 | C63: =SUM(C3:C62) -> 94298 | D63: =SUM(D3:D62) -> 90776 | E63: =SUM(E3:E62) -> 310612 | F63: =SUM(F3:F62) -> 130102 | G63: =SUM(G3:G62) -> 134748 | H63: =SUM(H3:H62) -> 110038 | I63: =SUM(I3:I62) -> 180240 | ... L63: =SUM(L3:L62) -> 274137
A65: Population UN | B65: 1402343.9 | C65: 1420776.7 | D65: 1437486 | E65: 1456401 | F65: 1479060.5 | G65: 1511805.9 | H65: 1554009.4 | I65: 1595456 | J65: 1634390 | K65: 1671156.9 | L65: 1701068.1

Sheet Zambia
A1: Zambia HRH Stock from 2012 to 2022
A2: Occupation | B2: 2012 | C2: 2013 | D2: 2014 | E2: 2015 | F2: 2016 | G2: 2017 | H2: 2018 | I2: 2019 | J2: 2020 | K2: 2021 | L2: 2022 | N2: HOME
A3: Medical Doctors | B3: 0 | C3: 0 | D3: 0 | E3: 0 | F3: 1514 | G3: 0 | H3: 4021 | I3: 4386 | J3: 4818 | K3: 5773 | L3: 5243
A4: Generalist Medical Practitioners (incl. Family medical practitioners) | B4: 0 | C4: 0 | D4: 0 | E4: 0 | F4: 0 | G4: 0 | H4: 0 | I4: 0 | J4: 0 | K4: 0 | L4: 4709
A5: Medical group of Specialists Practitioners | B5: 0 | C5: 0 | D5: 0 | E5: 0 | F5: 0 | G5: 0 | H5: 0 | I5: 0 | J5: 0 | K5: 0 | L5: 101
A6: Nursing Personnel | B6: 0 | C6: 0 | D6: 0 | E6: 0 | F6: 0 | G6: 15691 | H6: 20746 | I6: 23035 | J6: 27674 | K6: 32542 | L6: 33779
A7: Midwifery personnel | B7: 0 | C7: 2773 | D7: 0 | E7: 0 | F7: 3333 | G7: 0 | H7: 2137 | I7: 3223 | J7: 3312 | K7: 3746 | L7: 9202
A8: Dentists | B8: 0 | C8: 0 | D8: 0 | E8: 0 | F8: 312 | G8: 0 | H8: 160 | I8: 180 | J8: 205 | K8: 269 | L8: 261
A9: Pharmacists | B9: 409 | C9: 0 | D9: 0 | E9: 0 | F9: 1159 | G9: 0 | H9: 727 | I9: 856 | J9: 1082 | K9: 1376 | L9: 639
A10: Administrative staff | B10: 0 | C10: 0 | D10: 0 | E10: 0 | F10: 19254 | G10: 0 | H10: 0 | I10: 0 | J10: 0 | K10: 0 | L10: 0
A11: Ambulance Workers | B11: 17 | C11: 0 | D11: 0 | E11: 0 | F11: 0 | G11: 0 | H11: 0 | I11: 0 | J11: 0 | K11: 0 | L11: 18
A12: Audiologists and Speech Therapists | B12: 0 | C12: 0 | D12: 0 | E12: 0 | F12: 0 | G12: 0 | H12: 0 | I12: 0 | J12: 0 | K12: 0 | L12: 2
A13: Biomedical engineer | B13: 0 | C13: 0 | D13: 0 | E13: 0 | F13: 0 | G13: 0 | H13: 0 | I13: 0 | J13: 0 | K13: 0 | L13: 3
A14: Community Health Workers | B14: 0 | C14: 0 | D14: 0 | E14: 0 | F14: 0 | G14: 0 | H14: 1283 | I14: 1846 | J14: 41669 | K14: 0 | L14: 2421
... A62: Traditional and Complementary Medicine Professionals | B62: 0 | C62: 0 | D62: 0 | E62: 0 | F62: 0 | G62: 0 | H62: 0 | I62: 0 | J62: 0 | K62: 0 | L62: 0
A63: Total | B63: =SUM(B3:B62) -> 7800 | C63: =SUM(C3:C62) -> 5546 | D63: =SUM(D3:D62) -> 0 | E63: =SUM(E3:E62) -> 0 | F63: =SUM(F3:F62) -> 36049 | G63: =SUM(G3:G62) -> 31382 | H63: =SUM(H3:H62) -> 67254 | I63: =SUM(I3:I62) -> 77497 | ... L63: =SUM(L3:L62) -> 121450
A65: Population UN | B65: 581879 | C65: 589977.7 | D65: 597001.9 | E65: 604047.8 | F65: 613228.7 | G65: 622980.8 | H65: 632342.8 | I65: 641968.3 | J65: 652088.9 | K65: 663224.7 | L65: 675227.8

Sheet Zimbabwe
A1: Zimbabwe HRH Stock from 2012 to 2022
A2: Occupation | B2: 2012 | C2: 2013 | D2: 2014 | E2: 2015 | F2: 2016 | G2: 2017 | H2: 2018 | I2: 2019 | J2: 2020 | K2: 2021 | L2: 2022 | N2: HOME
A3: Medical Doctors | B3: 1059 | C3: 1114 | D3: 1685 | E3: 2508 | F3: 2508 | G3: 2646 | H3: 3026 | I3: 0 | J3: 2957 | K3: 0 | L3: 2708
A4: Generalist Medical Practitioners (incl. Family medical practitioners) | B4: 0 | C4: 0 | D4: 1458 | E4: 1754 | F4: 1754 | G4: 1754 | H4: 1863 | I4: 0 | J4: 0 | K4: 0 | L4: 2032
A5: Medical group of Specialists Practitioners | B5: 0 | C5: 0 | D5: 0 | E5: 83 | F5: 84 | G5: 84 | H5: 116 | I5: 0 | J5: 0 | K5: 0 | L5: 92
A6: Nursing Personnel | B6: 15536 | C6: 18722 | D6: 20885 | E6: 19099 | F6: 19642 | G6: 28170 | H6: 27874 | I6: 0 | J6: 22499 | K6: 0 | L6: 32182
A7: Midwifery personnel | B7: 0 | C7: 0 | D7: 0 | E7: 0 | F7: 0 | G7: 8806 | H7: 0 | I7: 0 | J7: 9293 | K7: 0 | L7: 2796
A8: Dentists | B8: 233 | C8: 236 | D8: 107 | E8: 66 | F8: 136 | G8: 109 | H8: 104 | I8: 248 | J8: 234 | K8: 0 | L8: 2703
A9: Pharmacists | B9: 378 | C9: 394 | D9: 193 | E9: 141 | F9: 219 | G9: 272 | H9: 1397 | I9: 0 | J9: 1600 | K9: 0 | L9: 1902
A10: Administrative staff | B10: 5226 | C10: 5334 | D10: 5218 | E10: 8424 | F10: 9368 | G10: 11460 | H10: 12259 | I10: 0 | J10: 0 | K10: 0 | L10: 0
A11: Ambulance Workers | B11: 0 | C11: 0 | D11: 0 | E11: 0 | F11: 0 | G11: 0 | H11: 419 | I11: 0 | J11: 0 | K11: 0 | L11: 0
A12: Audiologists and Speech Therapists | B12: 0 | C12: 0 | D12: 0 | E12: 0 | F12: 0 | G12: 0 | H12: 0 | I12: 0 | J12: 0 | K12: 0 | L12: 0
A13: Biomedical engineer | B13: 0 | C13: 0 | D13: 0 | E13: 0 | F13: 0 | G13: 0 | H13: 0 | I13: 0 | J13: 0 | K13: 0 | L13: 63
A14: Community Health Workers | B14: 0 | C14: 0 | D14: 0 | E14: 11200 | F14: 0 | G14: 15000 | H14: 15888 | I14: 0 | J14: 0 | K14: 0 | L14: 19722
... A62: Traditional and Complementary Medicine Professionals | B62: 0 | C62: 0 | D62: 0 | E62: 0 | F62: 0 | G62: 596 | H62: 1215 | I62: 0 | J62: 0 | K62: 0 | L62: 0
A63: Total | B63: =SUM(B3:B62) -> 42776 | C63: =SUM(C3:C62) -> 49393 | D63: =SUM(D3:D62) -> 61439 | E63: =SUM(E3:E62) -> 72338 | F63: =SUM(F3:F62) -> 63696 | G63: =SUM(G3:G62) -> 119077 | H63: =SUM(H3:H62) -> 116800 | I63: =SUM(I3:I62) -> 602 | ... L63: =SUM(L3:L62) -> 106917
A65: Population UN | B65: 481316.8 | C65: 485648.9 | D65: 485908.2 | E65: 481447.2 | F65: 478618.1 | G65: 478807.6 | H65: 481109.7 | I65: 483729.8 | J65: 485539.3 | K65: 487965.1 | L65: 490571.8

Sheet AFRO Stock 20240123
A1: HOME
A2: periodid | B2: periodname | C2: periodcode | D2: perioddescription | E2: organisationunitid | F2: organisationunitname | G2: organisationunitcode | H2: organisationunitdescription | I2: Population UN | J2: NHWA_Medical Doctors Stock Total | K2: NHWA_Generalist Medical Practitioners (incl. Family medical practitioners) Stock Total | L2: NHWA_Medical group of Specialists Practitioners Stock Total | M2: NHWA_Nursing Personnel Stock Total | N2: NHWA_Midwifery personnel Stock Total | O2: NHWA_Dentists Stock Total | P2: NHWA_Pharmacists Stock Total | Q2: NHWA_Administrative staff Stock Total | R2: NHWA_Ambulance Workers Stock Total | S2: NHWA_Audiologists and Speech Therapists Stock Total | T2: NHWA_Biomedical engineer Stock Total | U2: NHWA_Community Health Workers Stock Total | V2: NHWA_Dental Assistants and Therapists Stock Total | W2: NHWA_Dental Prosthetic Technicians Stock Total | X2: NHWA_Dieticians Stock Total | Y2: NHWA_Dispensing Opticians Stock Total | Z2: NHWA_Engineering and maintenance staff Stock Total | AA2: NHWA_Environmental and Occupational Health Inspectors and Associates Stock Total | AB2: NHWA_Environmental and Occupational Health and Hygiene Professionals Stock Total | AC2: NHWA_General Paediatricians Practitioners Stock Total | AD2: NHWA_Health Care Assistants Stock Total | AE2: NHWA_Health information systems personnel Stock Total | AF2: NHWA_Home-based Personal Care Workers Stock Total | AG2: NHWA_Medical Imaging and Therapeutic Equipment Technicians Stock Total | AH2: NHWA_Managerial staff Stock Total | AI2: NHWA_Medical Assistants Stock Total | AJ2: NHWA_Medical and Pathology Laboratory Technicians Stock Total | AK2: NHWA_Medical and Pathology Laboratory scientists Stock Total | AL2: NHWA_Medical Prosthetic Technicians Stock Total | AM2: NHWA_Medical Records and Health Information Technicians Stock Total | AN2: NHWA_Medical doctors not further defined Stock Total | AO2: NHWA_Medical secretaries stock Total | AP2: NHWA_Midwifery Associate Professionals Stock Total | AQ2: NHWA_Midwifery Professionals Stock Total | AR2: NHWA_Midwives not further defined Stock Total | AS2: NHWA_Nurses not further defined Stock Total | AT2: NHWA_Nursing Associate Professionals Stock Total | AU2: NHWA_Nursing Professionals Stock Total | AV2: NHWA_Nursing Professionals Stock with additional midwifery training Total | AW2: NHWA_Nursing Associate Professionals Stock with additional midwifery training Total | AX2: NHWA_Nutritionists Stock Total | AY2: NHWA_Obstetricians and Gynaecologists Practitioners Stock Total | AZ2: NHWA_Optometrists and Ophthalmic Opticians Stock Total | BA2: NHWA_Other Specialists Practitioners Stock Total | BB2: NHWA_Other non-medical professional staff Stock Total | BC2: NHWA_Other non-medical support staff Stock Total | BD2: NHWA_Paramedical Practitioners Stock Total | BE2: NHWA_Personal care workers Stock Total | BF2: NHWA_Personal care workers in health services n.e.c Stock Total | BG2: NHWA_Pharmaceutical Technicians and Assistants Stock Total | BH2: NHWA_Physiotherapists Stock Total | BI2: NHWA_Physiotherapy Technicians and Assistants Stock Total | BJ2: NHWA_Psychiatrists Practitioners Stock Total | BK2: NHWA_Psychologists Stock Total | BL2: NHWA_Social work associate professionals Stock Total | BM2: NHWA_Social work and counselling professionals Stock Total | BN2: NHWA_Specialist Medical Practitioners Stock Total | BO2: NHWA_Surgical group of Specialists Practitioners Stock Total | BP2: NHWA_Traditional and Complementary Medicine Associate Professionals Stock Total | BQ2: NHWA_Traditional and Complementary Medicine Professionals Stock Total
A3: 2022 | B3: 2022 | C3: 2022 | E3: hmZE3mVAZFf | F3: Burkina Faso | G3: BFA | I3: 780085.6 | J3: 3323 | K3: 2372 | L3: 32 | M3: 13961 | N3: 9294 | O3: 39 | P3: 575 | R3: 275 | T3: 18 | U3: 3145 | W3: 7 | X3: 57 | AB3: 1791 | AC3: 102 | AL3: 7 | AM3: 44 | AO3: 2 | AP3: 3608 | AQ3: 5686 | AT3: 67 | AU3: 13894 | AX3: 71 | AY3: 127 | AZ3: 2 | BA3: 555 | BD3: 1698 | BE3: 886 | BG3: 210 | BJ3: 13 | BK3: 9 | BM3: 39 | BN3: 951 | BO3: 112
A4: 2022 | B4: 2022 | C4: 2022 | E4: ZcrjvJaYQb7 | F4: Central African Republic | G4: CAF | I4: 228677.8
A5: 2022 | B5: 2022 | C5: 2022 | E5: FNduj2N3e8s | F5: Democratic Republic of Sao Tome and Principe | G5: STP | I5: 6481.1
A6: 2022 | B6: 2022 | C6: 2022 | E6: EDHO4qOyY88 | F6: Democratic Republic of the Congo | G6: COD | I6: 4011145.2 | J6: 18493 | K6: 18493 | M6: 115316 | N6: 2640 | O6: 392 | P6: 806 | Q6: 101117 | AB6: 718 | AG6: 528 | AH6: 4695 | AQ6: 2640 | AU6: 115316 | AX6: 1688 | BB6: 1803 | BG6: 378 | BH6: 793
A7: 2022 | B7: 2022 | C7: 2022 | E7: zEYrsiNUGIo | F7: Federal Democratic Republic of Ethiopia | G7: ETH | I7: 3920543 | J7: 13327 | K7: 8860 | L7: 540 | M7: 70246 | N7: 21993 | O7: 271 | P7: 5871 | Q7: 121853 | T7: 1086 | U7: 41101 | V7: 195 | W7: 65 | X7: 310 | AA7: 0 | AB7: 2367 | AC7: 352 | AE7: 5283 | AG7: 1469 | AJ7: 13915 | AK7: 0 | AL7: 65 | AP7: 0 | AQ7: 21993 | AR7: 0 | AS7: 0 | AT7: 0 | AU7: 70246 | AX7: 630 | AY7: 454 | AZ7: 383 | BA7: 2440 | BD7: 1205 | BG7: 11220 | BH7: 231 | BJ7: 4658 | BN7: 4467 | BO7: 656 | BP7: 0 | BQ7: 0
A8: 2022 | B8: 2022 | C8: 2022 | E8: I3NxIqG7bD4 | F8: Federal Republic of Nigeria | G8: NGA | I8: 7745147.1 | J8: 86181 | K8: 85719 | M8: 220681 | N8: 146787 | O8: 5048 | P8: 18277 | S8: 168 | U8: 154477 | Y8: 2660 | AB8: 20392 | AC8: 45 | AE8: 354339 | AG8: 4262 | AJ8: 38712 | AK8: 36833 | AL8: 280 | AQ8: 146787 | AU8: 220681 | AY8: 81 | AZ8: 5632 | BG8: 2326 | BH8: 6282 | BI8: 197 | BJ8: 27 | BN8: 462 | BO8: 61
A9: 2022 | B9: 2022 | C9: 2022 | E9: EGLpIMSAWhx | F9: Gabonese Republic | G9: GAB | I9: 64514.8 | J9: 1139 | K9: 612 | L9: 137 | M9: 4277 | N9: 920 | O9: 44 | P9: 168 | U9: 98 | V9: 67 | W9: 17 | AA9: 2 | AB9: 155 | AC9: 154 | AG9: 478 | AJ9: 228 | AK9: 231 | AN9: 0 | AP9: 43 | AQ9: 867 | AR9: 10 | AS9: 84 | AT9: 3201 | AU9: 992 | AY9: 134 | BA9: 22 | BD9: 84 | BE9: 70 | BG9: 233 | BH9: 2 | BJ9: 4 | BK9: 175 | BN9: 527 | BO9: 103
A10: 2022 | B10: 2022 | C10: 2022 | E10: XYpsN5j30R9 | F10: Islamic Republic of Mauritania | G10: MRT | I10: 153744 | J10: 1118 | K10: 616 | M10: 6503 | N10: 1340 | O10: 131 | P10: 85 | AQ10: 1340 | AS10: 5840 | AU10: 663 | BN10: 502
A11: 2022 | B11: 2022 | C11: 2022 | E11: G3thRWUQAX9 | F11: Kingdom of Eswatini | G11: SWZ | I11: 28860 | J11: 1912 | K11: 623 | M11: 3824 | AC11: 87 | AT11: 680 | AU11: 3144 | AY11: 152 | BN11: 1289
A12: 2022 | B12: 2022 | C12: 2022 | E12: D4JnxOsqwE4 | F12: Kingdom of Lesotho | G12: LSO | I12: 58859.2 | J12: 347 | K12: 281 | L12: 0 | M12: 0 | N12: 0 | O12: 31 | P12: 201 | Q12: 343 | R12: 0 | S12: 0 | T12: 1 | U12: 9196 | V12: 49 | W12: 5 | X12: 15 | Y12: 0 | Z12: 4 | AA12: 0 | AB12: 31 | AC12: 9 | AD12: 0 | AE12: 3 | AF12: 0 | AG12: 76 | AH12: 33 | AI12: 5 | AJ12: 28 | AK12: 0 | AL12: 0 | AM12: 0 | AN12: 0 | AO12: 0 | AP12: 0 | AQ12: 0 | AR12: 0 | AS12: 0 | AT12: 0 | AU12: 0 | AX12: 0 | AY12: 9 | AZ12: 3 | BA12: 30 | BB12: 620 | BC12: 0 | BD12: 2 | BE12: 0 | BF12: 0 | BG12: 31 | BH12: 5 | BI12: 2 | BJ12: 0 | BK12: 0 | BL12: 0 | BM12: 0 | BN12: 66 | BO12: 6 | BP12: 0 | BQ12: 0
A13: 2022 | B13: 2022 | C13: 2022 | E13: mNa42CHbkO7 | F13: People's Democratic Republic of Algeria | G13: DZA | I13: 966316.9
A14: 2022 | B14: 2022 | C14: 2022 | E14: jFOZHDZpjPL | F14: Republic of Angola | G14: AGO | I14: 1332678.6 | J14: 8693 | K14: 4778 | L14: 2510 | M14: 44989 | N14: 22 | O14: 171 | P14: 967 | Q14: 13442 | R14: 1045 | S14: 1 | T14: 16 | U14: 5 | V14: 0 | W14: 0 | X14: 0 | AA14: 0 | AB14: 11 | AC14: 273 | AE14: 110 | AG14: 107 | AH14: 2072 | AJ14: 12 | AK14: 9 | AM14: 117 | AP14: 20 | AQ14: 2 | AR14: 0 | AS14: 1597 | AT14: 37151 | AU14: 6241 | AX14: 15 | AY14: 279 | AZ14: 6 | BA14: 599 | BC14: 8431 | BD14: 0 | BG14: 636 | BH14: 705 | BI14: 490 | BJ14: 44 | BK14: 767 | BM14: 41 | BN14: 3915 | BO14: 210 | BP14: 0 | BQ14: 0
A15: 2022 | B15: 2022 | C15: 2022 | E15: DzAOqCf0ots | F15: Republic of Benin | G15: BEN | I15: 470912.8 | J15: 2608 | K15: 1753 | M15: 5893 | N15: 2055 | O15: 50 | P15: 382 | Q15: 5106 | U15: 21 | AB15: 257 | AC15: 97 | AJ15: 1602 | AO15: 4 | AQ15: 2055 | AU15: 5893 | AX15: 44 | AY15: 157 | BD15: 382 | BH15: 187 | BN15: 855 | BO15: 97
A16: 2022 | B16: 2022 | C16: 2022 | E16: c82mDnhUQly | F16: Republic of Botswana | G16: BWA | I16: 61665.2 | J16: 992 | K16: 898 | M16: 8028 | O16: 86 | P16: 125 | Q16: 449 | R16: 848 | S16: 11 | T16: 13 | V16: 24 | W16: 33 | X16: 40 | Z16: 106 | AD16: 1563 | AE16: 113 | AG16: 82 | AH16: 159 | AI16: 63 | AJ16: 318 | AK16: 191 | AM16: 74 | AU16: 8028 | AX16: 4 | AZ16: 4 | BB16: 1579 | BC16: 3204 | BD16: 6 | BG16: 449 | BH16: 30 | BK16: 17 | BN16: 94
A17: 2022 | B17: 2022 | C17: 2022 | E17: Xz7rnovuiOx | F17: Republic of Burundi | G17: BDI | I17: 437298.7
A18: 2022 | B18: 2022 | C18: 2022 | E18: bGWaeVBrOcc | F18: Republic of Cabo Verde | G18: CPV | I18: 10405.3 | J18: 2644 | K18: 187 | L18: 100 | M18: 941 | N18: 0 | O18: 10 | P18: 23 | Q18: 0 | R18: 0 | S18: 0 | T18: 0 | U18: 155 | V18: 0 | W18: 0 | X18: 0 | Y18: 0 | Z18: 0 | AA18: 0 | AB18: 0 | AC18: 23 | AD18: 0 | AE18: 0 | AF18: 0 | AG18: 0 | AH18: 0 | AI18: 0 | AJ18: 0 | AK18: 0 | AL18: 0 | AM18: 0 | AN18: 2349 | AO18: 0 | AP18: 0 | AQ18: 0 | AR18: 0 | AS18: 0 | AT18: 95 | AU18: 846 | AX18: 11 | AY18: 33 | AZ18: 4 | BA18: 24 | BB18: 0 | BC18: 0 | BD18: 0 | BE18: 0 | BF18: 0 | BG18: 6 | BH18: 10 | BI18: 0 | BJ18: 8 | BK18: 0 | BL18: 0 | BM18: 0 | BN18: 108 | BO18: 56 | BP18: 0 | BQ18: 0
A19: 2022 | B19: 2022 | C19: 2022 | E19: VPesUmegQpP | F19: Republic of Cameroon | G19: CMR | I19: 946149.4 | J19: 3759 | K19: 2467 | L19: 639 | M19: 16473 | N19: 1674 | O19: 317 | P19: 602 | Q19: 3699 | R19: 61 | S19: 0 | T19: 85 | U19: 310 | V19: 88 | W19: 11 | X19: 6 | Y19: 1 | Z19: 89 | AA19: 1 | AB19: 668 | AC19: 87 | AD19: 132 | AE19: 20 | AF19: 0 | AG19: 4864 | AH19: 1195 | AI19: 118 | AJ19: 161 | AK19: 293 | AL19: 8 | AM19: 85 | AN19: 3 | AO19: 83 | AP19: 77 | AQ19: 1578 | AR19: 19 | AS19: 63 | AT19: 4925 | AU19: 11485 | AX19: 49 | AY19: 152 | AZ19: 10 | BA19: 158 | BB19: 5 | BC19: 74 | BD19: 34 | BE19: 14 | BF19: 0 | BG19: 369 | BH19: 24 | BI19: 167 | BJ19: 10 | BK19: 32 | BL19: 11 | BM19: 595 | BN19: 1289 | BO19: 301 | BP19: 11 | BQ19: 5
A20: 2022 | B20: 2022 | C20: 2022 | E20: tV0rWhHr9cj | F20: Republic of Chad | G20: TCD | I20: 734070.3 | J20: 1507 | K20: 1197 | M20: 2933 | N20: 783 | O20: 21 | P20: 163 | Q20: 431 | W20: 11 | Z20: 30 | AC20: 28 | AE20: 18 | AI20: 104 | AJ20: 1028 | AK20: 1028 | AP20: 126 | AQ20: 657 | AT20: 1265 | AU20: 1668 | AX20: 77 | AY20: 57 | BA20: 183 | BG20: 320 | BJ20: 1 | BN20: 310 | BO20: 28 | BQ20: 21983
A21: 2022 | B21: 2022 | C21: 2022 | E21: WXGcnQWJ0Qd | F21: Republic of CÃ´te d'Ivoire | G21: CIV | I21: 924980.8 | J21: 4930 | K21: 4412 | M21: 14979 | N21: 7425 | O21: 418 | P21: 1162 | V21: 28 | AD21: 4140 | AO21: 148 | AP21: 4 | AQ21: 7421 | AS21: 45 | AU21: 14934 | BD21: 3896 | BG21: 200 | BH21: 95 | BN21: 518
A22: 2022 | B22: 2022 | C22: 2022 | E22: Fi5lLVwe1Th | F22: Republic of Equatorial Guinea | G22: GNQ | I22: 49447.1 | J22: 239 | K22: 182 | M22: 1375 | N22: 23 | P22: 14 | U22: 146 | AI22: 282 | AJ22: 228 | AQ22: 23 | AS22: 1078 | AU22: 297 | BD22: 101 | BG22: 91 | BN22: 57
A23: 2022 | B23: 2022 | C23: 2022 | E23: z51rgcc5R8V | F23: Republic of Gambia | G23: GMB | I23: 88529.1
A24: 2022 | B24: 2022 | C24: 2022 | E24: WC5rU5fLMzY | F24: Republic of Ghana | G24: GHA | I24: 913289.2 | J24: 4726 | K24: 3344 | L24: 0 | M24: 102943 | N24: 23882 | O24: 0 | P24: 1188 | Q24: 4065 | R24: 3583 | S24: 30 | T24: 0 | U24: 0 | V24: 488 | W24: 0 | X24: 153 | Y24: 0 | Z24: 436 | AA24: 0 | AB24: 47 | AC24: 0 | AD24: 0 | AE24: 0 | AF24: 0 | AG24: 2703 | AH24: 0 | AI24: 2471 | AJ24: 477 | AK24: 2139 | AL24: 0 | AM24: 3555 | AN24: 0 | AO24: 0 | AP24: 0 | AQ24: 23882 | AR24: 0 | AS24: 0 | AT24: 56484 | AU24: 46459 | AX24: 1481 | AY24: 0 | AZ24: 309 | BA24: 0 | BB24: 0 | BC24: 0 | BD24: 0 | BE24: 3602 | BF24: 0 | BG24: 1507 | BH24: 196 | BI24: 185 | BJ24: 0 | BK24: 65 | BL24: 0 | BM24: 0 | BN24: 1382 | BO24: 0 | BP24: 0 | BQ24: 0
A25: 2022 | B25: 2022 | C25: 2022 | E25: quQpOfBIDFC | F25: Republic of Guinea | G25: GIN | I25: 458014.7 | J25: 297 | L25: 5 | M25: 4367 | N25: 777 | O25: 34 | V25: 50 | AC25: 30 | AN25: 1 | AP25: 0 | AQ25: 777 | AR25: 0 | AS25: 0 | AT25: 2680 | AU25: 1687 | AY25: 31 | BA25: 111 | BJ25: 5 | BN25: 296 | BO25: 80
A26: 2022 | B26: 2022 | C26: 2022 | E26: G9o5ad4oJJX | F26: Republic of Guinea-Bissau | G26: GNB | I26: 63757.9 | J26: 438 | K26: 428 | L26: 0 | M26: 1879 | N26: 197 | O26: 20 | P26: 2 | Q26: 181 | R26: 0 | S26: 0 | T26: 11 | U26: 3975 | V26: 2 | W26: 2 | X26: 3 | Y26: 1 | Z26: 1 | AA26: 24 | AB26: 0 | AC26: 5 | AD26: 0 | AE26: 0 | AF26: 0 | AG26: 51 | AH26: 0 | AI26: 0 | AJ26: 197 | AK26: 1 | AL26: 0 | AM26: 0 | AN26: 0 | AO26: 0 | AP26: 171 | AQ26: 26 | AR26: 0 | AS26: 3 | AT26: 889 | AU26: 987 | AX26: 1 | AY26: 4 | AZ26: 0 | BA26: 0 | BB26: 10 | BC26: 64 | BD26: 0 | BE26: 0 | BF26: 0 | BG26: 80 | BH26: 5 | BI26: 0 | BJ26: 0 | BK26: 11 | BL26: 68 | BM26: 0 | BN26: 10 | BO26: 0 | BP26: 0 | BQ26: 0
A27: 2022 | B27: 2022 | C27: 2022 | E27: HfVjCurKxh2 | F27: Republic of Kenya | G27: KEN | I27: 1487676.4 | J27: 5517 | K27: 3544 | L27: 333 | M27: 34634 | N27: 137 | O27: 273 | P27: 886 | Q27: 0 | R27: 141 | S27: 0 | T27: 603 | U27: 86423 | V27: 255 | W27: 181 | X27: 0 | Y27: 0 | Z27: 0 | AA27: 0 | AB27: 4286 | AC27: 206 | AD27: 0 | AE27: 2153 | AF27: 0 | AG27: 0 | AH27: 0 | AI27: 0 | AJ27: 636 | AK27: 4663 | AL27: 0 | AM27: 0 | AN27: 0 | AO27: 0 | AP27: 0 | AQ27: 137 | AR27: 0 | AS27: 0 | AT27: 0 | AU27: 34634 | AX27: 2217 | AY27: 285 | AZ27: 0 | BA27: 812 | BB27: 0 | BC27: 0 | BD27: 8639 | BE27: 0 | BF27: 0 | BG27: 1797 | BH27: 631 | BI27: 0 | BJ27: 77 | BK27: 0 | BL27: 0 | BM27: 642 | BN27: 1973 | BO27: 593 | BP27: 0 | BQ27: 0
A28: 2022 | B28: 2022 | C28: 2022 | E28: JEHwU064LAj | F28: Republic of Liberia | G28: LBR | I28: 161499.3 | J28: 954 | K28: 840 | L28: 37 | M28: 3440 | N28: 769 | O28: 6 | P28: 170 | AC28: 20 | AQ28: 769 | AT28: 1423 | AU28: 2017 | AY28: 30 | BG28: 447 | BJ28: 0 | BN28: 114 | BO28: 30
A29: 2022 | B29: 2022 | C29: 2022 | E29: bcy4159FETR | F29: Republic of Madagascar | G29: MDG | I29: 903175.3 | O29: 225 | P29: 27
A30: 2022 | B30: 2022 | C30: 2022 | E30: G037PAPU5dO | F30: Republic of Malawi | G30: MWI | I30: 663702.4 | J30: 996 | K30: 843 | L30: 32 | M30: 9592 | N30: 616 | O30: 91 | P30: 111 | Q30: 82 | R30: 272 | S30: 0 | T30: 56 | U30: 10747 | V30: 173 | W30: 12 | X30: 33 | Y30: 0 | Z30: 71 | AA30: 0 | AB30: 548 | AC30: 33 | AD30: 0 | AE30: 68 | AF30: 0 | AG30: 610 | AH30: 561 | AI30: 1661 | AJ30: 189 | AK30: 81 | AL30: 0 | AM30: 0 | AN30: 12 | AO30: 0 | AP30: 0 | AQ30: 0 | AR30: 616 | AS30: 227 | AT30: 6474 | AU30: 2891 | AX30: 28 | AY30: 21 | AZ30: 73 | BA30: 13 | BB30: 0 | BC30: 11178 | BD30: 37 | BE30: 0 | BF30: 0 | BG30: 710 | BH30: 160 | BI30: 88 | BJ30: 4 | BK30: 11 | BL30: 48 | BM30: 24 | BN30: 141 | BO30: 26 | BP30: 0 | BQ30: 2
A31: 2022 | B31: 2022 | C31: 2022 | E31: EubjsxqlA4d | F31: Republic of Mali | G31: MLI | I31: 903993.3 | J31: 4402 | K31: 3557 | M31: 6327 | N31: 1629 | P31: 1721 | AC31: 69 | AI31: 1481 | AQ31: 1629 | AT31: 6327 | AY31: 50 | BN31: 845 | BO31: 75
A32: 2022 | B32: 2022 | C32: 2022 | E32: EB4aSZN0eQr | F32: Republic of Mauritius | G32: MUS | I32: 14474.3 | J32: 1555 | K32: 1207 | L32: 34 | M32: 3900 | P32: 35 | R32: 293 | S32: 27 | T32: 27 | U32: 916 | V32: 78 | AB32: 26 | AC32: 25 | AJ32: 224 | AK32: 270 | AM32: 378 | AT32: 185 | AU32: 3715 | AX32: 14 | AY32: 30 | AZ32: 6 | BG32: 314 | BK32: 16 | BN32: 348 | BO32: 25
A33: 2022 | B33: 2022 | C33: 2022 | E33: Gan3VYicAWe | F33: Republic of Mozambique | G33: MOZ | I33: 1166744.6 | J33: 2689 | K33: 1933 | M33: 9775 | N33: 7120 | O33: 348 | P33: 498 | Q33: 10769 | R33: 133 | U33: 6992 | V33: 341 | Z33: 120 | AC33: 55 | AE33: 302 | AG33: 276 | AH33: 3337 | AJ33: 2040 | AK33: 335 | AL33: 72 | AM33: 172 | AP33: 7082 | AQ33: 38 | AT33: 7983 | AU33: 1792 | AX33: 1344 | AY33: 58 | AZ33: 154 | BA33: 525 | BB33: 696 | BC33: 12261 | BD33: 6873 | BG33: 3299 | BH33: 114 | BI33: 383 | BJ33: 11 | BK33: 655 | BL33: 232 | BM33: 110 | BN33: 756 | BO33: 113 | BP33: 99939 | BQ33: 3
A34: 2022 | B34: 2022 | C34: 2022 | E34: rtLnlu4GUI2 | F34: Republic of Namibia | G34: NAM | I34: 70063.5 | J34: 1394 | K34: 1336 | M34: 8605 | N34: 7 | O34: 207 | P34: 655 | Q34: 4865 | V34: 49 | X34: 44 | AB34: 245 | AC34: 44 | AD34: 889 | AG34: 289 | AH34: 51 | AI34: 5 | AJ34: 1065 | AQ34: 7 | AT34: 45 | AU34: 8560 | AY34: 65 | AZ34: 107 | BA34: 57 | BD34: 82 | BG34: 402 | BH34: 144 | BN34: 58 | BO34: 58
A35: 2022 | B35: 2022 | C35: 2022 | E35: UlQiEogy3wG | F35: Republic of Rwanda | G35: RWA | I35: 408235.8
A36: 2022 | B36: 2022 | C36: 2022 | E36: wj7iV08dvFq | F36: Republic of Senegal | G36: SEN | I36: 558327.9 | J36: 2188 | K36: 703 | M36: 4737 | N36: 2803 | O36: 223 | P36: 352 | Q36: 3584 | R36: 31 | T36: 17 | U36: 18757 | V36: 64 | W36: 15 | X36: 12 | AB36: 634 | AC36: 144 | AD36: 3378 | AE36: 122 | AG36: 237 | AJ36: 252 | AO36: 109 | AQ36: 2803 | AT36: 1968 | AU36: 2769 | AX36: 7 | AY36: 164 | BD36: 1083 | BG36: 57 | BH36: 90 | BI36: 4 | BJ36: 37 | BK36: 14 | BM36: 543 | BN36: 1485 | BO36: 155
A37: 2022 | B37: 2022 | C37: 2022 | E37: wimH12ukPK5 | F37: Republic of Seychelles | G37: SYC | I37: 1715.5 | J37: 409 | K37: 57 | L37: 0 | M37: 623 | N37: 156 | O37: 44 | P37: 35 | Q37: 0 | R37: 0 | S37: 0 | T37: 0 | U37: 0 | V37: 0 | W37: 0 | X37: 0 | Y37: 0 | Z37: 0 | AA37: 0 | AB37: 0 | AC37: 12 | AD37: 0 | AE37: 0 | AF37: 0 | AG37: 0 | AH37: 0 | AI37: 0 | AJ37: 0 | AK37: 0 | AL37: 0 | AM37: 0 | AN37: 6 | AO37: 0 | AP37: 0 | AQ37: 156 | AR37: 0 | AS37: 0 | AT37: 0 | AU37: 623 | AX37: 0 | AY37: 16 | AZ37: 0 | BA37: 62 | BB37: 0 | BC37: 0 | BD37: 0 | BE37: 0 | BF37: 0 | BG37: 0 | BH37: 0 | BI37: 0 | BJ37: 5 | BK37: 0 | BL37: 0 | BM37: 0 | BN37: 346 | BO37: 10 | BP37: 0 | BQ37: 0
A38: 2022 | B38: 2022 | C38: 2022 | E38: qbqrFLCJewu | F38: Republic of Sierra Leone | G38: SLE | I38: 259656.4 | J38: 366 | K38: 338 | L38: 11 | M38: 7356 | N38: 2271 | O38: 6 | P38: 89 | V38: 126 | W38: 13 | X38: 100 | Y38: 14 | AB38: 163 | AC38: 2 | AG38: 38 | AJ38: 298 | AM38: 195 | AP38: 2087 | AQ38: 184 | AT38: 5907 | AU38: 1449 | AX38: 261 | AZ38: 2 | BG38: 88 | BJ38: 1 | BN38: 28 | BO38: 7
A39: 2022 | B39: 2022 | C39: 2022 | E39: lVPoUAKCdmU | F39: Republic of South Africa | G39: ZAF | I39: 1197906.7 | O39: 1348 | P39: 3609 | Q39: 33735 | R39: 2025 | S39: 586 | T39: 53 | U39: 63290 | V39: 1550 | W39: 54 | X39: 1549 | Y39: 2 | Z39: 339 | AB39: 1168 | AH39: 26692 | AK39: 13 | AL39: 275 | AX39: 643 | AZ39: 255 | BB39: 15459 | BD39: 20327 | BE39: 2857 | BH39: 1446 | BI39: 109 | BK39: 723 | BL39: 6656 | BM39: 9098 | BQ39: 9
A40: 2022 | B40: 2022 | C40: 2022 | E40: mhWSEv79IJW | F40: Republic of South Sudan | G40: SSD | I40: 309372.4
A41: 2022 | B41: 2022 | C41: 2022 | E41: shRXArPWh8H | F41: Republic of the Congo | G41: COG | I41: 180285.9 | J41: 1042 | K41: 787 | L41: 169 | M41: 5573 | N41: 907 | O41: 9 | P41: 28 | Q41: 2442 | AC41: 24 | AJ41: 777 | AQ41: 907 | AU41: 5573 | AY41: 31 | BG41: 80 | BN41: 255 | BO41: 31
A42: 2022 | B42: 2022 | C42: 2022 | E42: O0hWoXlHhIS | F42: Republic of the Niger | G42: NER | I42: 1147745.3 | J42: 614 | K42: 316 | M42: 4565 | N42: 718 | O42: 24 | P42: 43 | U42: 2239 | W42: 6 | AB42: 136 | AC42: 69 | AJ42: 418 | AQ42: 718 | AU42: 4565 | AX42: 119 | AY42: 118 | BD42: 1592 | BG42: 4 | BN42: 298
A43: 2022 | B43: 2022 | C43: 2022 | E43: SnYHrnchKjL | F43: Republic of Uganda | G43: UGA | I43: 1701068.1 | J43: 7941 | K43: 6369 | L43: 338 | M43: 74197 | N43: 32957 | O43: 1440 | P43: 1712 | AA43: 3936 | AB43: 426 | AC43: 273 | AG43: 1249 | AI43: 14531 | AJ43: 13380 | AK43: 3309 | AP43: 8698 | AR43: 24259 | AS43: 52772 | AT43: 21425 | AY43: 315 | BA43: 158 | BG43: 1820 | BH43: 572 | BJ43: 59 | BN43: 1572 | BO43: 429
A44: 2022 | B44: 2022 | C44: 2022 | E44: gb7vWtO7Wjp | F44: Republic of Zambia | G44: ZMB | I44: 675227.8 | J44: 5243 | K44: 4709 | L44: 101 | M44: 33779 | N44: 9202 | O44: 261 | P44: 639 | Q44: 0 | R44: 18 | S44: 2 | T44: 3 | U44: 2421 | V44: 743 | W44: 23 | X44: 3 | Y44: 0 | Z44: 0 | AA44: 3325 | AB44: 463 | AC44: 61 | AD44: 0 | AE44: 0 | AF44: 0 | AG44: 2633 | AH44: 0 | AI44: 7144 | AJ44: 1474 | AK44: 388 | AL44: 5 | AM44: 0 | AN44: 0 | AO44: 0 | AP44: 0 | AQ44: 9202 | AR44: 0 | AS44: 0 | AT44: 0 | AU44: 33779 | AX44: 773 | AY44: 85 | AZ44: 137 | BA44: 79 | BB44: 0 | BC44: 0 | BD44: 970 | BE44: 0 | BF44: 0 | BG44: 1800 | BH44: 269 | BI44: 970 | BJ44: 12 | BK44: 4 | BL44: 0 | BM44: 0 | BN44: 534 | BO44: 196 | BP44: 0 | BQ44: 0
A45: 2022 | B45: 2022 | C45: 2022 | E45: buSEeeViTo3 | F45: Republic of Zimbabwe | G45: ZWE | I45: 490571.8 | J45: 2708 | K45: 2032 | L45: 92 | M45: 32182 | N45: 2796 | O45: 2703 | P45: 1902 | T45: 63 | U45: 19722 | V45: 178 | X45: 14 | AA45: 1994 | AB45: 690 | AC45: 55 | AE45: 265 | AJ45: 795 | AK45: 757 | AQ45: 2796 | AU45: 32182 | AX45: 77 | AY45: 141 | BA45: 351 | BG45: 588 | BH45: 400 | BI45: 557 | BJ45: 23 | BK45: 39 | BM45: 84 | BN45: 676 | BO45: 55
A46: 2022 | B46: 2022 | C46: 2022 | E46: vnbnnSZXGTv | F46: State of Eritrea | G46: ERI | I46: 105140.5 | J46: 260 | K46: 260 | L46: 19 | M46: 5007 | N46: 67 | O46: 58 | P46: 199 | Q46: 4713 | T46: 11 | U46: 2626 | V46: 157 | Z46: 8 | AB46: 233 | AC46: 10 | AE46: 49 | AG46: 141 | AH46: 381 | AJ46: 267 | AK46: 296 | AQ46: 67 | AS46: 188 | AT46: 3372 | AU46: 1447 | AY46: 10 | AZ46: 96 | BG46: 288 | BH46: 1 | BI46: 129 | BK46: 7 | BM46: 6 | BO46: 25
A47: 2022 | B47: 2022 | C47: 2022 | E47: WtcZBCTspgM | F47: Togolese Republic | G47: TGO | I47: 275519.8 | J47: 730 | K47: 331 | M47: 2630 | N47: 1864 | O47: 18 | P47: 255 | T47: 19 | V47: 1 | W47: 19 | AB47: 461 | AC47: 37 | AH47: 1377 | AI47: 595 | AJ47: 887 | AP47: 821 | AQ47: 1043 | AT47: 931 | AU47: 1699 | AX47: 50 | AY47: 43 | AZ47: 2 | BD47: 390 | BG47: 73 | BH47: 183 | BN47: 399 | BO47: 101
A48: 2022 | B48: 2022 | C48: 2022 | E48: RTdjvXHJdnH | F48: Union of the Comoros | G48: COM | I48: 24120.5
A49: 2022 | B49: 2022 | C49: 2022 | E49: S52uSY3lb8V | F49: United Republic of Tanzania | G49: TZA | I49: 2323148.8 | J49: 8693 | K49: 6701 | O49: 583 | P49: 1746 | S49: 2 | T49: 96 | U49: 20737 | V49: 449 | AA49: 2313 | AB49: 657 | AE49: 787 | AG49: 543 | AI49: 2337 | AJ49: 4743 | AK49: 1198 | AL49: 12 | AM49: 724 | AZ49: 201 | BC49: 2 | BD49: 71119 | BG49: 5583 | BH49: 526 | BI49: 832 | BN49: 1992 | BP49: 4710
A50: 2021 | B50: 2021 | C50: 2021 | E50: hmZE3mVAZFf | F50: Burkina Faso | G50: BFA | I50: 770961.1 | J50: 2221 | K50: 1220 | M50: 12189 | N50: 8052 | O50: 107 | P50: 691 | U50: 2947 | V50: 168 | Z50: 19 | AC50: 105 | AG50: 209 | AI50: 8 | AK50: 899 | AO50: 16 | AP50: 3066 | AQ50: 4986 | AT50: 1486 | AU50: 10703 | AX50: 35 | AY50: 126 | AZ50: 3 | BG50: 203 | BI50: 47 | BJ50: 11 | BK50: 8 | BN50: 1001 | BQ50: 50
A51: 2021 | B51: 2021 | C51: 2021 | E51: ZcrjvJaYQb7 | F51: Central African Republic | G51: CAF | I51: 223125.3 | J51: 114 | K51: 108 | L51: 1 | M51: 505 | N51: 537 | O51: 2 | P51: 2 | Q51: 12 | U51: 1595 | AA51: 39 | AB51: 25 | AD51: 121 | AJ51: 47 | AN51: 2 | AP51: 197 | AQ51: 130 | AR51: 210 | AS51: 255 | AT51: 1 | AU51: 249 | AY51: 5 | BA51: 322 | BE51: 187 | BI51: 155 | BN51: 4 | BO51: 5
A52: 2021 | B52: 2021 | C52: 2021 | E52: FNduj2N3e8s | F52: Democratic Republic of Sao Tome and Principe | G52: STP | I52: 6406.9
A53: 2021 | B53: 2021 | C53: 2021 | E53: EDHO4qOyY88 | F53: Democratic Republic of the Congo | G53: COD | I53: 3905396.8 | J53: 16989 | K53: 16989 | M53: 101752 | N53: 2093 | O53: 268 | P53: 682 | Q53: 87086 | AB53: 665 | AG53: 439 | AH53: 3724 | AQ53: 2093 | AU53: 101752 | AX53: 1385 | BB53: 1785 | BG53: 313 | BH53: 680
A54: 2021 | B54: 2021 | C54: 2021 | E54: zEYrsiNUGIo | F54: Federal Democratic Republic of Ethiopia | G54: ETH | I54: 3870531 | J54: 12174 | K54: 9361 | M54: 69824 | N54: 20355 | P54: 15498 | Q54: 113189 | T54: 987 | U54: 42630 | AE54: 4921 | AL54: 17 | AQ54: 20355 | AU54: 69824 | AZ54: 567 | BJ54: 1076 | BN54: 2813
A55: 2021 | B55: 2021 | C55: 2021 | E55: I3NxIqG7bD4 | F55: Federal Republic of Nigeria | G55: NGA | I55: 7641925.4 | J55: 84277 | K55: 84277 | M55: 201735 | N55: 131922 | O55: 4358 | P55: 17331 | U55: 7912 | V55: 11781 | W55: 11408 | Y55: 2071 | AB55: 1234 | AC55: 36 | AE55: 9205 | AJ55: 34554 | AK55: 37181 | AL55: 37181 | AQ55: 131922 | AU55: 201735 | AV55: 131922 | AY55: 49 | AZ55: 5485 | BJ55: 14 | BO55: 42
A56: 2021 | B56: 2021 | C56: 2021 | E56: EGLpIMSAWhx | F56: Gabonese Republic | G56: GAB | I56: 64185.3
A57: 2021 | B57: 2021 | C57: 2021 | E57: XYpsN5j30R9 | F57: Islamic Republic of Mauritania | G57: MRT | I57: 150737.7 | J57: 1035 | K57: 597 | M57: 6156 | N57: 1252 | O57: 121 | P57: 75 | AQ57: 1252 | AS57: 5510 | AU57: 646 | BN57: 438
A58: 2021 | B58: 2021 | C58: 2021 | E58: G3thRWUQAX9 | F58: Kingdom of Eswatini | G58: SWZ | I58: 29226.2
A59: 2021 | B59: 2021 | C59: 2021 | E59: D4JnxOsqwE4 | F59: Kingdom of Lesotho | G59: LSO | I59: 58852.8
A60: 2021 | B60: 2021 | C60: 2021 | E60: mNa42CHbkO7 | F60: People's Democratic Republic of Algeria | G60: DZA | I60: 989535.7
A61: 2021 | B61: 2021 | C61: 2021 | E61: jFOZHDZpjPL | F61: Republic of Angola | G61: AGO | I61: 1308712.3
A62: 2021 | B62: 2021 | C62: 2021 | E62: DzAOqCf0ots | F62: Republic of Benin | G62: BEN | I62: 464321.1 | J62: 2755 | K62: 1797 | M62: 5484 | N62: 2086 | O62: 50 | P62: 403 | Q62: 5903 | U62: 21 | V62: 6 | AB62: 311 | AC62: 97 | AD62: 6809 | AG62: 352 | AJ62: 1744 | AO62: 4 | AQ62: 2086 | AU62: 5484 | AX62: 44 | AY62: 157 | BD62: 382 | BG62: 56 | BH62: 187 | BN62: 958 | BO62: 97
A63: 2021 | B63: 2021 | C63: 2021 | E63: c82mDnhUQly | F63: Republic of Botswana | G63: BWA | I63: 62086.9 | J63: 1014 | K63: 900 | M63: 7886 | O63: 89 | P63: 158 | Q63: 465 | R63: 845 | S63: 8 | T63: 12 | V63: 26 | W63: 35 | X63: 45 | Z63: 35 | AD63: 1519 | AE63: 203 | AG63: 123 | AH63: 147 | AI63: 66 | AJ63: 337 | AK63: 161 | AM63: 62 | AU63: 7886 | AX63: 3 | AZ63: 6 | BB63: 1355 | BC63: 3629 | BD63: 11 | BG63: 413 | BH63: 42 | BK63: 15 | BN63: 114
A64: 2021 | B64: 2021 | C64: 2021 | E64: Xz7rnovuiOx | F64: Republic of Burundi | G64: BDI | I64: 434393 | J64: 812 | K64: 725 | L64: 96 | M64: 9372 | N64: 143 | P64: 99 | Q64: 1750 | S64: 5 | AC64: 14 | AE64: 1352 | AG64: 81 | AJ64: 729 | AQ64: 143 | AU64: 9372 | AX64: 7 | AY64: 7 | BA64: 61 | BB64: 7805 | BG64: 6 | BK64: 15 | BN64: 87 | BO64: 14
A65: 2021 | B65: 2021 | C65: 2021 | E65: bGWaeVBrOcc | F65: Republic of Cabo Verde | G65: CPV | I65: 10447
A66: 2021 | B66: 2021 | C66: 2021 | E66: VPesUmegQpP | F66: Republic of Cameroon | G66: CMR | I66: 935437.5 | J66: 3378 | K66: 2477 | L66: 486 | M66: 4543 | N66: 704 | O66: 133 | P66: 264 | Q66: 3229 | R66: 37 | T66: 22 | V66: 97 | W66: 3 | X66: 6 | Z66: 364 | AC66: 59 | AE66: 339 | AG66: 267 | AH66: 4216 | AJ66: 249 | AK66: 2247 | AN66: 4 | AO66: 639 | AQ66: 704 | AS66: 981 | AT66: 43 | AU66: 3519 | AV66: 131 | AW66: 37 | AX66: 65 | AY66: 125 | BA66: 40 | BG66: 324 | BH66: 21 | BJ66: 7 | BK66: 44 | BM66: 584 | BN66: 897 | BO66: 180
A67: 2021 | B67: 2021 | C67: 2021 | E67: tV0rWhHr9cj | F67: Republic of Chad | G67: TCD | I67: 715665.6 | J67: 1000 | K67: 740 | L67: 174 | M67: 2677 | N67: 721 | O67: 19 | P67: 142 | U67: 8077 | V67: 11 | W67: 4 | Z67: 30 | AC67: 17 | AE67: 18 | AH67: 371 | AI67: 104 | AJ67: 848 | AK67: 848 | AP67: 104 | AQ67: 617 | AT67: 1140 | AU67: 1537 | AX67: 77 | AY67: 56 | BG67: 277 | BJ67: 1 | BN67: 260 | BO67: 12
A68: 2021 | B68: 2021 | C68: 2021 | E68: WXGcnQWJ0Qd | F68: Republic of CÃ´te d'Ivoire | G68: CIV | I68: 911396.5 | J68: 4951 | K68: 4623 | M68: 12887 | N68: 7074 | O68: 416 | P68: 1117 | AD68: 4221 | AO68: 139 | AQ68: 7074 | AS68: 0 | AU68: 12887 | BD68: 3480 | BG68: 215 | BH68: 97 | BN68: 328
A69: 2021 | B69: 2021 | C69: 2021 | E69: Fi5lLVwe1Th | F69: Republic of Equatorial Guinea | G69: GNQ | I69: 49221.8
A70: 2021 | B70: 2021 | C70: 2021 | E70: z51rgcc5R8V | F70: Republic of Gambia | G70: GMB | I70: 87525.9 | J70: 269 | K70: 156 | L70: 69 | M70: 1404 | N70: 379 | O70: 9 | P70: 4 | Q70: 0 | R70: 0 | S70: 0 | T70: 3 | U70: 0 | V70: 16 | W70: 6 | X70: 0 | Y70: 2 | Z70: 0 | AA70: 252 | AB70: 44 | AC70: 10 | AD70: 0 | AE70: 0 | AF70: 0 | AG70: 172 | AH70: 522 | AI70: 0 | AJ70: 0 | AK70: 18 | AL70: 0 | AM70: 0 | AN70: 0 | AO70: 0 | AP70: 278 | AQ70: 101 | AR70: 0 | AS70: 47 | AT70: 449 | AU70: 908 | AX70: 0 | AY70: 20 | AZ70: 18 | BA70: 0 | BB70: 0 | BC70: 2193 | BD70: 0 | BE70: 0 | BF70: 0 | BG70: 94 | BH70: 1 | BI70: 23 | BJ70: 1 | BK70: 0 | BL70: 0 | BM70: 0 | BN70: 113 | BO70: 13 | BP70: 0 | BQ70: 0
A71: 2021 | B71: 2021 | C71: 2021 | E71: WC5rU5fLMzY | F71: Republic of Ghana | G71: GHA | I71: 910102.9 | J71: 4169 | K71: 3034 | L71: 0 | M71: 93144 | N71: 19141 | O71: 0 | P71: 1035 | Q71: 4274 | R71: 2091 | S71: 9 | T71: 0 | U71: 0 | V71: 396 | W71: 0 | X71: 112 | Y71: 0 | Z71: 380 | AA71: 0 | AB71: 6 | AC71: 0 | AD71: 0 | AE71: 0 | AF71: 0 | AG71: 1673 | AH71: 0 | AI71: 2352 | AJ71: 6276 | AK71: 1759 | AL71: 0 | AM71: 3238 | AN71: 0 | AO71: 0 | AP71: 0 | AQ71: 19141 | AR71: 0 | AS71: 0 | AT71: 51836 | AU71: 41308 | AX71: 887 | AY71: 0 | AZ71: 235 | BA71: 0 | BB71: 0 | BC71: 0 | BD71: 0 | BE71: 3453 | BF71: 0 | BG71: 1096 | BH71: 159 | BI71: 149 | BJ71: 0 | BK71: 48 | BL71: 0 | BM71: 0 | BN71: 1135 | BO71: 0 | BP71: 0 | BQ71: 7
A72: 2021 | B72: 2021 | C72: 2021 | E72: quQpOfBIDFC | F72: Republic of Guinea | G72: GIN | I72: 453737.3
A73: 2021 | B73: 2021 | C73: 2021 | E73: G9o5ad4oJJX | F73: Republic of Guinea-Bissau | G73: GNB | I73: 63310.4 | J73: 453 | K73: 444 | L73: 0 | M73: 1956 | N73: 213 | O73: 2 | P73: 2 | Q73: 196 | R73: 0 | S73: 0 | T73: 0 | U73: 0 | V73: 21 | W73: 3 | X73: 2 | Y73: 0 | Z73: 0 | AA73: 28 | AB73: 1 | AC73: 5 | AD73: 0 | AE73: 0 | AF73: 0 | AG73: 2 | AH73: 0 | AI73: 0 | AJ73: 1 | AK73: 200 | AL73: 0 | AM73: 0 | AN73: 0 | AO73: 0 | AP73: 0 | AQ73: 213 | AR73: 0 | AS73: 2 | AT73: 951 | AU73: 1003 | AV73: 0 | AW73: 0 | AX73: 2 | AY73: 4 | AZ73: 10 | BA73: 0 | BB73: 0 | BC73: 86 | BD73: 0 | BE73: 0 | BF73: 0 | BG73: 76 | BH73: 6 | BI73: 0 | BJ73: 0 | BK73: 12 | BL73: 0 | BM73: 16 | BN73: 9 | BO73: 1 | BP73: 0 | BQ73: 0
A74: 2021 | B74: 2021 | C74: 2021 | E74: HfVjCurKxh2 | F74: Republic of Kenya | G74: KEN | I74: 1466518.7 | J74: 5203 | K74: 3252 | L74: 447 | M74: 34588 | P74: 1137 | T74: 725 | U74: 86490 | V74: 246 | W74: 261 | AB74: 5029 | AC74: 199 | AE74: 2137 | AG74: 717 | AK74: 5019 | AU74: 34588 | AX74: 1985 | AY74: 242 | BA74: 426 | BB74: 3295 | BC74: 11129 | BD74: 8087 | BG74: 1780 | BH74: 718 | BJ74: 92 | BM74: 749 | BN74: 1951 | BO74: 565
A75: 2021 | B75: 2021 | C75: 2021 | E75: JEHwU064LAj | F75: Republic of Liberia | G75: LBR | I75: 159834.6 | J75: 887 | K75: 800 | L75: 26 | M75: 1761 | N75: 795 | O75: 6 | P75: 124 | AC75: 15 | AQ75: 795 | AU75: 1761 | AY75: 23 | BG75: 472 | BN75: 87 | BO75: 23
A76: 2021 | B76: 2021 | C76: 2021 | E76: bcy4159FETR | F76: Republic of Madagascar | G76: MDG | I76: 890888.8 | U76: 41616
A77: 2021 | B77: 2021 | C77: 2021 | E77: G037PAPU5dO | F77: Republic of Malawi | G77: MWI | I77: 652416.6
A78: 2021 | B78: 2021 | C78: 2021 | E78: EubjsxqlA4d | F78: Republic of Mali | G78: MLI | I78: 883083.9
A79: 2021 | B79: 2021 | C79: 2021 | E79: EB4aSZN0eQr | F79: Republic of Mauritius | G79: MUS | I79: 14565.6
A80: 2021 | B80: 2021 | C80: 2021 | E80: Gan3VYicAWe | F80: Republic of Mozambique | G80: MOZ | I80: 1147375.7 | J80: 2611 | K80: 1807 | L80: 445 | M80: 10928 | N80: 7278 | O80: 355 | P80: 406 | Q80: 11559 | U80: 7329 | V80: 340 | Z80: 105 | AC80: 57 | AE80: 264 | AG80: 264 | AH80: 3318 | AJ80: 301 | AK80: 1912 | AP80: 7236 | AQ80: 42 | AT80: 8781 | AU80: 2147 | AX80: 1172 | AY80: 63 | AZ80: 151 | BB80: 3530 | BC80: 10717 | BG80: 3039 | BH80: 123 | BI80: 412 | BJ80: 11 | BK80: 610 | BL80: 399 | BM80: 153 | BN80: 804 | BO80: 218
A81: 2021 | B81: 2021 | C81: 2021 | E81: rtLnlu4GUI2 | F81: Republic of Namibia | G81: NAM | I81: 70214.4 | J81: 1181 | K81: 1181 | M81: 7166 | N81: 6 | O81: 161 | P81: 603 | V81: 48 | X81: 35 | AB81: 209 | AC81: 34 | AI81: 3 | AJ81: 99 | AQ81: 6 | AT81: 45 | AU81: 7121 | AY81: 56 | AZ81: 99 | BA81: 47 | BD81: 63 | BG81: 372 | BH81: 140 | BO81: 50
A82: 2021 | B82: 2021 | C82: 2021 | E82: UlQiEogy3wG | F82: Republic of Rwanda | G82: RWA | I82: 403959
A83: 2021 | B83: 2021 | C83: 2021 | E83: wj7iV08dvFq | F83: Republic of Senegal | G83: SEN | I83: 550908.2 | J83: 1707 | K83: 487 | L83: 810 | M83: 6477 | N83: 2739 | O83: 176 | P83: 293 | Q83: 5833 | R83: 36 | T83: 15 | U83: 16443 | V83: 28 | W83: 94 | X83: 4 | Z83: 87 | AB83: 53 | AC83: 107 | AD83: 949 | AE83: 103 | AG83: 123 | AH83: 188 | AJ83: 14 | AK83: 434 | AL83: 4 | AM83: 2 | AO83: 104 | AP83: 29 | AQ83: 2710 | AS83: 1781 | AT83: 2173 | AU83: 2523 | AX83: 8 | AY83: 133 | AZ83: 107 | BB83: 16 | BC83: 344 | BD83: 917 | BG83: 40 | BJ83: 35 | BM83: 173 | BN83: 1220 | BO83: 135
A84: 2021 | B84: 2021 | C84: 2021 | E84: wimH12ukPK5 | F84: Republic of Seychelles | G84: SYC | I84: 1744.8 | J84: 0 | K84: 0 | L84: 0 | M84: 0 | N84: 0 | O84: 0 | P84: 0 | Q84: 0 | R84: 19 | S84: 5 | T84: 0 | U84: 0 | V84: 0 | W84: 0 | X84: 1 | Y84: 4 | Z84: 0 | AA84: 0 | AB84: 0 | AC84: 0 | AD84: 0 | AE84: 0 | AF84: 0 | AG84: 0 | AH84: 0 | AI84: 0 | AJ84: 0 | AK84: 0 | AL84: 4 | AM84: 0 | AN84: 0 | AO84: 0 | AP84: 0 | AQ84: 0 | AR84: 0 | AS84: 0 | AT84: 0 | AU84: 0 | AX84: 3 | AY84: 0 | AZ84: 22 | BA84: 0 | BB84: 0 | BC84: 0 | BD84: 0 | BE84: 0 | BF84: 0 | BG84: 0 | BH84: 20 | BI84: 40 | BJ84: 0 | BK84: 6 | BL84: 0 | BM84: 2 | BN84: 0 | BO84: 0 | BP84: 2 | BQ84: 0
A85: 2021 | B85: 2021 | C85: 2021 | E85: qbqrFLCJewu | F85: Republic of Sierra Leone | G85: SLE | I85: 258166.6
A86: 2021 | B86: 2021 | C86: 2021 | E86: lVPoUAKCdmU | F86: Republic of South Africa | G86: ZAF | I86: 1219311.2 | J86: 48021 | O86: 6586 | R86: 41029 | S86: 4037 | T86: 1 | V86: 6165 | X86: 3822 | Y86: 135 | AA86: 549 | AB86: 4196 | AC86: 1015 | AG86: 9281 | AJ86: 6353 | AK86: 6166 | AN86: 48021 | AX86: 216 | AY86: 1183 | AZ86: 4012 | BD86: 3870 | BH86: 8345 | BI86: 164 | BJ86: 853 | BK86: 9125
A87: 2021 | B87: 2021 | C87: 2021 | E87: mhWSEv79IJW | F87: Republic of South Sudan | G87: SSD | I87: 306239.5
A88: 2021 | B88: 2021 | C88: 2021 | E88: shRXArPWh8H | F88: Republic of the Congo | G88: COG | I88: 179200.3
A89: 2021 | B89: 2021 | C89: 2021 | E89: O0hWoXlHhIS | F89: Republic of the Niger | G89: NER | I89: 1111347.5
A90: 2021 | B90: 2021 | C90: 2021 | E90: SnYHrnchKjL | F90: Republic of Uganda | G90: UGA | I90: 1671156.9
A91: 2021 | B91: 2021 | C91: 2021 | E91: gb7vWtO7Wjp | F91: Republic of Zambia | G91: ZMB | I91: 663224.7 | J91: 5773 | M91: 32542 | N91: 3746 | O91: 269 | P91: 1376 | V91: 499 | AB91: 4646 | AG91: 1375 | AJ91: 3182 | AK91: 19 | AN91: 5773 | AQ91: 3746 | AU91: 32542 | BD91: 8281 | BG91: 1944 | BH91: 1324
A92: 2021 | B92: 2021 | C92: 2021 | E92: buSEeeViTo3 | F92: Republic of Zimbabwe | G92: ZWE | I92: 487965.1
A93: 2021 | B93: 2021 | C93: 2021 | E93: vnbnnSZXGTv | F93: State of Eritrea | G93: ERI | I93: 103744.1 | J93: 286 | K93: 276 | L93: 19 | M93: 4681 | N93: 67 | O93: 60 | P93: 208 | T93: 11 | U93: 2626 | V93: 154 | Z93: 8 | AA93: 234 | AC93: 10 | AE93: 44 | AG93: 137 | AJ93: 267 | AK93: 298 | AQ93: 67 | AS93: 182 | AT93: 3050 | AU93: 1449 | AY93: 10 | AZ93: 99 | BG93: 280 | BH93: 131 | BK93: 7 | BM93: 6 | BN93: 10 | BO93: 25
A94: 2021 | B94: 2021 | C94: 2021 | E94: WtcZBCTspgM | F94: Togolese Republic | G94: TGO | I94: 272351.9 | J94: 506 | K94: 149 | M94: 1946 | N94: 1482 | O94: 13 | P94: 21 | Q94: 991 | S94: 33 | T94: 5 | U94: 7500 | W94: 2 | X94: 1 | Z94: 104 | AA94: 86 | AB94: 342 | AC94: 38 | AD94: 2974 | AG94: 95 | AJ94: 149 | AK94: 446 | AL94: 17 | AP94: 709 | AQ94: 773 | AT94: 759 | AU94: 1187 | AX94: 14 | AY94: 34 | AZ94: 1 | BA94: 190 | BB94: 2139 | BD94: 813 | BG94: 44 | BH94: 161 | BJ94: 5 | BK94: 69 | BL94: 33 | BM94: 23 | BN94: 357 | BO94: 90
A95: 2021 | B95: 2021 | C95: 2021 | E95: RTdjvXHJdnH | F95: Union of the Comoros | G95: COM | I95: 24060.4
A96: 2021 | B96: 2021 | C96: 2021 | E96: S52uSY3lb8V | F96: United Republic of Tanzania | G96: TZA | I96: 2277499.2
A97: 2020 | B97: 2020 | C97: 2020 | E97: hmZE3mVAZFf | F97: Burkina Faso | G97: BFA | I97: 761670.7 | J97: 2061 | K97: 1088 | M97: 11874 | N97: 7804 | O97: 103 | P97: 718 | T97: 8 | U97: 2923 | V97: 172 | AB97: 275 | AC97: 101 | AD97: 68 | AG97: 274 | AK97: 906 | AO97: 16 | AP97: 2977 | AQ97: 4827 | AT97: 1646 | AU97: 10228 | AX97: 31 | AY97: 126 | AZ97: 3 | BG97: 203 | BH97: 22 | BJ97: 11 | BK97: 8 | BN97: 973
A98: 2020 | B98: 2020 | C98: 2020 | E98: ZcrjvJaYQb7 | F98: Central African Republic | G98: CAF | I98: 215791.4
A99: 2020 | B99: 2020 | C99: 2020 | E99: FNduj2N3e8s | F99: Democratic Republic of Sao Tome and Principe | G99: STP | I99: 6343.5
A100: 2020 | B100: 2020 | C100: 2020 | E100: EDHO4qOyY88 | F100: Democratic Republic of the Congo | G100: COD | I100: 3804138.2
...

Sheet AFRO Stock 2022
A1: Year : 2022 | AK1: HOME
B2: Burkina Faso | C2: CAR | D2: Sao Tome and Principe | E2: DRC | F2: Ethiopia | G2: Nigeria | H2: Gabon | I2: Mauritania | J2: Eswatini | K2: Lesotho | L2: Algeria | M2: Angola | N2: Benin | O2: Botswana | P2: Burundi | Q2: Cabo Verde | R2: Cameroon | S2: Chad | T2: Côte d'Ivoire | U2: Equatorial Guinea | V2: Gambia | W2: Ghana | X2: Guinea | Y2: Guinea-Bissau | Z2: Kenya | AA2: Liberia | AB2: Madagascar | AC2: Malawi | AD2: Mali | AE2: Mauritius | AF2: Mozambique | AG2: Namibia | AH2: Rwanda | AI2: Senegal | AJ2: Seychelles | AK2: Sierra Leone | AL2: South Africa | AM2: South Sudan | AN2: Congo | AO2: Niger | AP2: Uganda | AQ2: Zambia | AR2: Zimbabwe | AS2: Eritrea | AT2: Togo | AU2: Comoros | AV2: Tanzania
A3: Occupation | B3: BFA | C3: CAF | D3: STP | E3: COD | F3: ETH | G3: NGA | H3: GAB | I3: MRT | J3: SWZ | K3: LSO | L3: DZA | M3: AGO | N3: BEN | O3: BWA | P3: BDI | Q3: CPV | R3: CMR | S3: TCD | T3: CIV | U3: GNQ | V3: GMB | W3: GHA | X3: GIN | Y3: GNB | Z3: KEN | AA3: LBR | AB3: MDG | AC3: MWI | AD3: MLI | AE3: MUS | AF3: MOZ | AG3: NAM | AH3: RWA | AI3: SEN | AJ3: SYC | AK3: SLE | AL3: ZAF | AM3: SSD | AN3: COG | AO3: NER | AP3: UGA | AQ3: ZMB | AR3: ZWE | AS3: ERI | AT3: TGO | AU3: COM | AV3: TZA
A4: Medical Doctors | B4: 3323 | E4: 18493 | F4: 13327 | G4: 86181 | H4: 1139 | I4: 1118 | J4: 1912 | K4: 347 | M4: 8693 | N4: 2608 | O4: 992 | Q4: 2644 | R4: 3759 | S4: 1507 | T4: 4930 | U4: 239 | W4: 4726 | X4: 297 | Y4: 438 | Z4: 5517 | AA4: 954 | AC4: 996 | AD4: 4402 | AE4: 1555 | AF4: 2689 | AG4: 1394 | AI4: 2188 | AJ4: 409 | AK4: 366 | AN4: 1042 | AO4: 614 | AP4: 7941 | AQ4: 5243 | AR4: 2708 | AS4: 260 | AT4: 730 | AV4: 8693
A5: Generalist Medical Practitioners (incl. Family medical practitioners) | B5: 2372 | E5: 18493 | F5: 8860 | G5: 85719 | H5: 612 | I5: 616 | J5: 623 | K5: 281 | M5: 4778 | N5: 1753 | O5: 898 | Q5: 187 | R5: 2467 | S5: 1197 | T5: 4412 | U5: 182 | W5: 3344 | Y5: 428 | Z5: 3544 | AA5: 840 | AC5: 843 | AD5: 3557 | AE5: 1207 | AF5: 1933 | AG5: 1336 | AI5: 703 | AJ5: 57 | AK5: 338 | AN5: 787 | AO5: 316 | AP5: 6369 | AQ5: 4709 | AR5: 2032 | AS5: 260 | AT5: 331 | AV5: 6701
A6: Medical group of Specialists Practitioners | B6: 32 | F6: 540 | H6: 137 | K6: 0 | M6: 2510 | Q6: 100 | R6: 639 | W6: 0 | X6: 5 | Y6: 0 | Z6: 333 | AA6: 37 | AC6: 32 | AE6: 34 | AJ6: 0 | AK6: 11 | AN6: 169 | AP6: 338 | AQ6: 101 | AR6: 92 | AS6: 19
A7: Nursing Personnel | B7: 13961 | E7: 115316 | F7: 70246 | G7: 220681 | H7: 4277 | I7: 6503 | J7: 3824 | K7: 0 | M7: 44989 | N7: 5893 | O7: 8028 | Q7: 941 | R7: 16473 | S7: 2933 | T7: 14979 | U7: 1375 | W7: 102943 | X7: 4367 | Y7: 1879 | Z7: 34634 | AA7: 3440 | AC7: 9592 | AD7: 6327 | AE7: 3900 | AF7: 9775 | AG7: 8605 | AI7: 4737 | AJ7: 623 | AK7: 7356 | AN7: 5573 | AO7: 4565 | AP7: 74197 | AQ7: 33779 | AR7: 32182 | AS7: 5007 | AT7: 2630
A8: Midwifery personnel | B8: 9294 | E8: 2640 | F8: 21993 | G8: 146787 | H8: 920 | I8: 1340 | K8: 0 | M8: 22 | N8: 2055 | Q8: 0 | R8: 1674 | S8: 783 | T8: 7425 | U8: 23 | W8: 23882 | X8: 777 | Y8: 197 | Z8: 137 | AA8: 769 | AC8: 616 | AD8: 1629 | AF8: 7120 | AG8: 7 | AI8: 2803 | AJ8: 156 | AK8: 2271 | AN8: 907 | AO8: 718 | AP8: 32957 | AQ8: 9202 | AR8: 2796 | AS8: 67 | AT8: 1864
A9: Dentists | B9: 39 | E9: 392 | F9: 271 | G9: 5048 | H9: 44 | I9: 131 | K9: 31 | M9: 171 | N9: 50 | O9: 86 | Q9: 10 | R9: 317 | S9: 21 | T9: 418 | W9: 0 | X9: 34 | Y9: 20 | Z9: 273 | AA9: 6 | AB9: 225 | AC9: 91 | AF9: 348 | AG9: 207 | AI9: 223 | AJ9: 44 | AK9: 6 | AL9: 1348 | AN9: 9 | AO9: 24 | AP9: 1440 | AQ9: 261 | AR9: 2703 | AS9: 58 | AT9: 18 | AV9: 583
A10: Pharmacists | B10: 575 | E10: 806 | F10: 5871 | G10: 18277 | H10: 168 | I10: 85 | K10: 201 | M10: 967 | N10: 382 | O10: 125 | Q10: 23 | R10: 602 | S10: 163 | T10: 1162 | U10: 14 | W10: 1188 | Y10: 2 | Z10: 886 | AA10: 170 | AB10: 27 | AC10: 111 | AD10: 1721 | AE10: 35 | AF10: 498 | AG10: 655 | AI10: 352 | AJ10: 35 | AK10: 89 | AL10: 3609 | AN10: 28 | AO10: 43 | AP10: 1712 | AQ10: 639 | AR10: 1902 | AS10: 199 | AT10: 255 | AV10: 1746
A11: Administrative staff | E11: 101117 | F11: 121853 | K11: 343 | M11: 13442 | N11: 5106 | O11: 449 | Q11: 0 | R11: 3699 | S11: 431 | W11: 4065 | Y11: 181 | Z11: 0 | AC11: 82 | AF11: 10769 | AG11: 4865 | AI11: 3584 | AJ11: 0 | AL11: 33735 | AN11: 2442 | AQ11: 0 | AS11: 4713
A12: Ambulance Workers | B12: 275 | K12: 0 | M12: 1045 | O12: 848 | Q12: 0 | R12: 61 | W12: 3583 | Y12: 0 | Z12: 141 | AC12: 272 | AE12: 293 | AF12: 133 | AI12: 31 | AJ12: 0 | AL12: 2025 | AQ12: 18
A13: Audiologists and Speech Therapists | G13: 168 | K13: 0 | M13: 1 | O13: 11 | Q13: 0 | R13: 0 | W13: 30 | Y13: 0 | Z13: 0 | AC13: 0 | AE13: 27 | AJ13: 0 | AL13: 586 | AQ13: 2 | AV13: 2
A14: Biomedical engineer | B14: 18 | F14: 1086 | K14: 1 | M14: 16 | O14: 13 | Q14: 0 | R14: 85 | W14: 0 | Y14: 11 | Z14: 603 | AC14: 56 | AE14: 27 | AI14: 17 | AJ14: 0 | AL14: 53 | AQ14: 3 | AR14: 63 | AS14: 11 | AT14: 19 | AV14: 96
A15: Community Health Workers | B15: 3145 | F15: 41101 | G15: 154477 | H15: 98 | K15: 9196 | M15: 5 | N15: 21 | Q15: 155 | R15: 310 | U15: 146 | W15: 0 | Y15: 3975 | Z15: 86423 | AC15: 10747 | AE15: 916 | AF15: 6992 | AI15: 18757 | AJ15: 0 | AL15: 63290 | AO15: 2239 | AQ15: 2421 | AR15: 19722 | AS15: 2626 | AV15: 20737
A16: Dental Assistants and Therapists | F16: 195 | H16: 67 | K16: 49 | M16: 0 | O16: 24 | Q16: 0 | R16: 88 | T16: 28 | W16: 488 | X16: 50 | Y16: 2 | Z16: 255 | AC16: 173 | AE16: 78 | AF16: 341 | AG16: 49 | AI16: 64 | AJ16: 0 | AK16: 126 | AL16: 1550 | AQ16: 743 | AR16: 178 | AS16: 157 | AT16: 1 | AV16: 449
A17: Dental Prosthetic Technicians | B17: 7 | F17: 65 | H17: 17 | K17: 5 | M17: 0 | O17: 33 | Q17: 0 | R17: 11 | S17: 11 | W17: 0 | Y17: 2 | Z17: 181 | AC17: 12 | AI17: 15 | AJ17: 0 | AK17: 13 | AL17: 54 | AO17: 6 | AQ17: 23 | AT17: 19
A18: Dieticians | B18: 57 | F18: 310 | K18: 15 | M18: 0 | O18: 40 | Q18: 0 | R18: 6 | W18: 153 | Y18: 3 | Z18: 0 | AC18: 33 | AG18: 44 | AI18: 12 | AJ18: 0 | AK18: 100 | AL18: 1549 | AQ18: 3 | AR18: 14
A19: Dispensing Opticians | G19: 2660 | K19: 0 | Q19: 0 | R19: 1 | W19: 0 | Y19: 1 | Z19: 0 | AC19: 0 | AJ19: 0 | AK19: 14 | AL19: 2 | AQ19: 0
A20: Engineering and maintenance staff | K20: 4 | O20: 106 | Q20: 0 | R20: 89 | S20: 30 | W20: 436 | Y20: 1 | Z20: 0 | AC20: 71 | AF20: 120 | AJ20: 0 | AL20: 339 | AQ20: 0 | AS20: 8
A21: Environmental and Occupational Health Inspectors and Associates | F21: 0 | H21: 2 | K21: 0 | M21: 0 | Q21: 0 | R21: 1 | W21: 0 | Y21: 24 | Z21: 0 | AC21: 0 | AJ21: 0 | AP21: 3936 | AQ21: 3325 | AR21: 1994 | AV21: 2313
A22: Environmental and Occupational Health and Hygiene Professionals | B22: 1791 | E22: 718 | F22: 2367 | G22: 20392 | H22: 155 | K22: 31 | M22: 11 | N22: 257 | Q22: 0 | R22: 668 | W22: 47 | Y22: 0 | Z22: 4286 | AC22: 548 | AE22: 26 | AG22: 245 | AI22: 634 | AJ22: 0 | AK22: 163 | AL22: 1168 | AO22: 136 | AP22: 426 | AQ22: 463 | AR22: 690 | AS22: 233 | AT22: 461 | AV22: 657
A23: General Paediatricians Practitioners | B23: 102 | F23: 352 | G23: 45 | H23: 154 | J23: 87 | K23: 9 | M23: 273 | N23: 97 | Q23: 23 | R23: 87 | S23: 28 | W23: 0 | X23: 30 | Y23: 5 | Z23: 206 | AA23: 20 | AC23: 33 | AD23: 69 | AE23: 25 | AF23: 55 | AG23: 44 | AI23: 144 | AJ23: 12 | AK23: 2 | AN23: 24 | AO23: 69 | AP23: 273 | AQ23: 61 | AR23: 55 | AS23: 10 | AT23: 37
A24: Health Care Assistants | K24: 0 | O24: 1563 | Q24: 0 | R24: 132 | T24: 4140 | W24: 0 | Y24: 0 | Z24: 0 | AC24: 0 | AG24: 889 | AI24: 3378 | AJ24: 0 | AQ24: 0
A25: Health information systems personnel | F25: 5283 | G25: 354339 | K25: 3 | M25: 110 | O25: 113 | Q25: 0 | R25: 20 | S25: 18 | W25: 0 | Y25: 0 | Z25: 2153 | AC25: 68 | AF25: 302 | AI25: 122 | AJ25: 0 | AQ25: 0 | AR25: 265 | AS25: 49 | AV25: 787
A26: Home-based Personal Care Workers | K26: 0 | Q26: 0 | R26: 0 | W26: 0 | Y26: 0 | Z26: 0 | AC26: 0 | AJ26: 0 | AQ26: 0
A27: Medical Imaging and Therapeutic Equipment Technicians | E27: 528 | F27: 1469 | G27: 4262 | H27: 478 | K27: 76 | M27: 107 | O27: 82 | Q27: 0 | R27: 4864 | W27: 2703 | Y27: 51 | Z27: 0 | AC27: 610 | AF27: 276 | AG27: 289 | AI27: 237 | AJ27: 0 | AK27: 38 | AP27: 1249 | AQ27: 2633 | AS27: 141 | AV27: 543
A28: Managerial staff | E28: 4695 | K28: 33 | M28: 2072 | O28: 159 | Q28: 0 | R28: 1195 | W28: 0 | Y28: 0 | Z28: 0 | AC28: 561 | AF28: 3337 | AG28: 51 | AJ28: 0 | AL28: 26692 | AQ28: 0 | AS28: 381 | AT28: 1377
A29: Medical Assistants | K29: 5 | O29: 63 | Q29: 0 | R29: 118 | S29: 104 | U29: 282 | W29: 2471 | Y29: 0 | Z29: 0 | AC29: 1661 | AD29: 1481 | AG29: 5 | AJ29: 0 | AP29: 14531 | AQ29: 7144 | AT29: 595 | AV29: 2337
A30: Medical and Pathology Laboratory Technicians | F30: 13915 | G30: 38712 | H30: 228 | K30: 28 | M30: 12 | N30: 1602 | O30: 318 | Q30: 0 | R30: 161 | S30: 1028 | U30: 228 | W30: 477 | Y30: 197 | Z30: 636 | AC30: 189 | AE30: 224 | AF30: 2040 | AG30: 1065 | AI30: 252 | AJ30: 0 | AK30: 298 | AN30: 777 | AO30: 418 | AP30: 13380 | AQ30: 1474 | AR30: 795 | AS30: 267 | AT30: 887 | AV30: 4743
A31: Medical and Pathology Laboratory scientists | F31: 0 | G31: 36833 | H31: 231 | K31: 0 | M31: 9 | O31: 191 | Q31: 0 | R31: 293 | S31: 1028 | W31: 2139 | Y31: 1 | Z31: 4663 | AC31: 81 | AE31: 270 | AF31: 335 | AJ31: 0 | AL31: 13 | AP31: 3309 | AQ31: 388 | AR31: 757 | AS31: 296 | AV31: 1198
A32: Medical Prosthetic Technicians | B32: 7 | F32: 65 | G32: 280 | K32: 0 | Q32: 0 | R32: 8 | W32: 0 | Y32: 0 | Z32: 0 | AC32: 0 | AF32: 72 | AJ32: 0 | AL32: 275 | AQ32: 5 | AV32: 12
A33: Medical Records and Health Information Technicians | B33: 44 | K33: 0 | M33: 117 | O33: 74 | Q33: 0 | R33: 85 | W33: 3555 | Y33: 0 | Z33: 0 | AC33: 0 | AE33: 378 | AF33: 172 | AJ33: 0 | AK33: 195 | AQ33: 0 | AV33: 724
A34: Medical doctors not further defined | H34: 0 | K34: 0 | Q34: 2349 | R34: 3 | W34: 0 | X34: 1 | Y34: 0 | Z34: 0 | AC34: 12 | AJ34: 6 | AQ34: 0
A35: Medical secretaries | B35: 2 | K35: 0 | N35: 4 | Q35: 0 | R35: 83 | T35: 148 | W35: 0 | Y35: 0 | Z35: 0 | AC35: 0 | AI35: 109 | AJ35: 0 | AQ35: 0
A36: Midwifery Associate Professionals | B36: 3608 | F36: 0 | H36: 43 | K36: 0 | M36: 20 | Q36: 0 | R36: 77 | S36: 126 | T36: 4 | W36: 0 | X36: 0 | Y36: 171 | Z36: 0 | AC36: 0 | AF36: 7082 | AJ36: 0 | AK36: 2087 | AP36: 8698 | AQ36: 0 | AT36: 821
A37: Midwifery Professionals | B37: 5686 | E37: 2640 | F37: 21993 | G37: 146787 | H37: 867 | I37: 1340 | K37: 0 | M37: 2 | N37: 2055 | Q37: 0 | R37: 1578 | S37: 657 | T37: 7421 | U37: 23 | W37: 23882 | X37: 777 | Y37: 26 | Z37: 137 | AA37: 769 | AC37: 0 | AD37: 1629 | AF37: 38 | AG37: 7 | AI37: 2803 | AJ37: 156 | AK37: 184 | AN37: 907 | AO37: 718 | AQ37: 9202 | AR37: 2796 | AS37: 67 | AT37: 1043
A38: Midwives not further defined | F38: 0 | H38: 10 | K38: 0 | M38: 0 | Q38: 0 | R38: 19 | W38: 0 | X38: 0 | Y38: 0 | Z38: 0 | AC38: 616 | AJ38: 0 | AP38: 24259 | AQ38: 0
A39: Nurses not further defined | F39: 0 | H39: 84 | I39: 5840 | K39: 0 | M39: 1597 | Q39: 0 | R39: 63 | T39: 45 | U39: 1078 | W39: 0 | X39: 0 | Y39: 3 | Z39: 0 | AC39: 227 | AJ39: 0 | AP39: 52772 | AQ39: 0 | AS39: 188
A40: Nursing Associate Professionals | B40: 67 | F40: 0 | H40: 3201 | J40: 680 | K40: 0 | M40: 37151 | Q40: 95 | R40: 4925 | S40: 1265 | W40: 56484 | X40: 2680 | Y40: 889 | Z40: 0 | AA40: 1423 | AC40: 6474 | AD40: 6327 | AE40: 185 | AF40: 7983 | AG40: 45 | AI40: 1968 | AJ40: 0 | AK40: 5907 | AP40: 21425 | AQ40: 0 | AS40: 3372 | AT40: 931
A41: Nursing Professionals | B41: 13894 | E41: 115316 | F41: 70246 | G41: 220681 | H41: 992 | I41: 663 | J41: 3144 | K41: 0 | M41: 6241 | N41: 5893 | O41: 8028 | Q41: 846 | R41: 11485 | S41: 1668 | T41: 14934 | U41: 297 | W41: 46459 | X41: 1687 | Y41: 987 | Z41: 34634 | AA41: 2017 | AC41: 2891 | AE41: 3715 | AF41: 1792 | AG41: 8560 | AI41: 2769 | AJ41: 623 | AK41: 1449 | AN41: 5573 | AO41: 4565 | AQ41: 33779 | AR41: 32182 | AS41: 1447 | AT41: 1699
A42: Nursing Professionals Stock with additional midwifery training Total
A43: Nursing Associate Professionals Stock with additional midwifery training Total
A44: Nutritionists | B44: 71 | E44: 1688 | F44: 630 | K44: 0 | M44: 15 | N44: 44 | O44: 4 | Q44: 11 | R44: 49 | S44: 77 | W44: 1481 | Y44: 1 | Z44: 2217 | AC44: 28 | AE44: 14 | AF44: 1344 | AI44: 7 | AJ44: 0 | AK44: 261 | AL44: 643 | AO44: 119 | AQ44: 773 | AR44: 77 | AT44: 50
A45: Obstetricians and Gynaecologists Practitioners | B45: 127 | F45: 454 | G45: 81 | H45: 134 | J45: 152 | K45: 9 | M45: 279 | N45: 157 | Q45: 33 | R45: 152 | S45: 57 | W45: 0 | X45: 31 | Y45: 4 | Z45: 285 | AA45: 30 | AC45: 21 | AD45: 50 | AE45: 30 | AF45: 58 | AG45: 65 | AI45: 164 | AJ45: 16 | AN45: 31 | AO45: 118 | AP45: 315 | AQ45: 85 | AR45: 141 | AS45: 10 | AT45: 43
A46: Optometrists and Ophthalmic Opticians | B46: 2 | F46: 383 | G46: 5632 | K46: 3 | M46: 6 | O46: 4 | Q46: 4 | R46: 10 | W46: 309 | Y46: 0 | Z46: 0 | AC46: 73 | AE46: 6 | AF46: 154 | AG46: 107 | AJ46: 0 | AK46: 2 | AL46: 255 | AQ46: 137 | AS46: 96 | AT46: 2 | AV46: 201
A47: Other Specialists Practitioners | B47: 555 | F47: 2440 | H47: 22 | K47: 30 | M47: 599 | Q47: 24 | R47: 158 | S47: 183 | W47: 0 | X47: 111 | Y47: 0 | Z47: 812 | AC47: 13 | AF47: 525 | AG47: 57 | AJ47: 62 | AP47: 158 | AQ47: 79 | AR47: 351
A48: Other non-medical professional staff | E48: 1803 | K48: 620 | O48: 1579 | Q48: 0 | R48: 5 | W48: 0 | Y48: 10 | Z48: 0 | AC48: 0 | AF48: 696 | AJ48: 0 | AL48: 15459 | AQ48: 0
A49: Other non-medical support staff | K49: 0 | M49: 8431 | O49: 3204 | Q49: 0 | R49: 74 | W49: 0 | Y49: 64 | Z49: 0 | AC49: 11178 | AF49: 12261 | AJ49: 0 | AQ49: 0 | AV49: 2
A50: Paramedical Practitioners | B50: 1698 | F50: 1205 | H50: 84 | K50: 2 | M50: 0 | N50: 382 | O50: 6 | Q50: 0 | R50: 34 | T50: 3896 | U50: 101 | W50: 0 | Y50: 0 | Z50: 8639 | AC50: 37 | AF50: 6873 | AG50: 82 | AI50: 1083 | AJ50: 0 | AL50: 20327 | AO50: 1592 | AQ50: 970 | AT50: 390 | AV50: 71119
A51: Personal care workers | B51: 886 | H51: 70 | K51: 0 | Q51: 0 | R51: 14 | W51: 3602 | Y51: 0 | Z51: 0 | AC51: 0 | AJ51: 0 | AL51: 2857 | AQ51: 0
A52: Personal care workers in health services n.e.c | K52: 0 | Q52: 0 | R52: 0 | W52: 0 | Y52: 0 | Z52: 0 | AC52: 0 | AJ52: 0 | AQ52: 0
A53: Pharmaceutical Technicians and Assistants | B53: 210 | E53: 378 | F53: 11220 | G53: 2326 | H53: 233 | K53: 31 | M53: 636 | O53: 449 | Q53: 6 | R53: 369 | S53: 320 | T53: 200 | U53: 91 | W53: 1507 | Y53: 80 | Z53: 1797 | AA53: 447 | AC53: 710 | AE53: 314 | AF53: 3299 | AG53: 402 | AI53: 57 | AJ53: 0 | AK53: 88 | AN53: 80 | AO53: 4 | AP53: 1820 | AQ53: 1800 | AR53: 588 | AS53: 288 | AT53: 73 | AV53: 5583
A54: Physiotherapists | E54: 793 | F54: 231 | G54: 6282 | H54: 2 | K54: 5 | M54: 705 | N54: 187 | O54: 30 | Q54: 10 | R54: 24 | T54: 95 | W54: 196 | Y54: 5 | Z54: 631 | AC54: 160 | AF54: 114 | AG54: 144 | AI54: 90 | AJ54: 0 | AL54: 1446 | AP54: 572 | AQ54: 269 | AR54: 400 | AS54: 1 | AT54: 183 | AV54: 526
A55: Physiotherapy Technicians and Assistants | G55: 197 | K55: 2 | M55: 490 | Q55: 0 | R55: 167 | W55: 185 | Y55: 0 | Z55: 0 | AC55: 88 | AF55: 383 | AI55: 4 | AJ55: 0 | AL55: 109 | AQ55: 970 | AR55: 557 | AS55: 129 | AV55: 832
A56: Psychiatrists Practitioners | B56: 13 | F56: 4658 | G56: 27 | H56: 4 | K56: 0 | M56: 44 | Q56: 8 | R56: 10 | S56: 1 | W56: 0 | X56: 5 | Y56: 0 | Z56: 77 | AA56: 0 | AC56: 4 | AF56: 11 | AI56: 37 | AJ56: 5 | AK56: 1 | AP56: 59 | AQ56: 12 | AR56: 23
A57: Psychologists | B57: 9 | H57: 175 | K57: 0 | M57: 767 | O57: 17 | Q57: 0 | R57: 32 | W57: 65 | Y57: 11 | Z57: 0 | AC57: 11 | AE57: 16 | AF57: 655 | AI57: 14 | AJ57: 0 | AL57: 723 | AQ57: 4 | AR57: 39 | AS57: 7
A58: Social work associate professionals | K58: 0 | Q58: 0 | R58: 11 | W58: 0 | Y58: 68 | Z58: 0 | AC58: 48 | AF58: 232 | AJ58: 0 | AL58: 6656 | AQ58: 0
A59: Social work and counselling professionals | B59: 39 | K59: 0 | M59: 41 | Q59: 0 | R59: 595 | W59: 0 | Y59: 0 | Z59: 642 | AC59: 24 | AF59: 110 | AI59: 543 | AJ59: 0 | AL59: 9098 | AQ59: 0 | AR59: 84 | AS59: 6
A60: Specialist Medical Practitioners | B60: 951 | F60: 4467 | G60: 462 | H60: 527 | I60: 502 | J60: 1289 | K60: 66 | M60: 3915 | N60: 855 | O60: 94 | Q60: 108 | R60: 1289 | S60: 310 | T60: 518 | U60: 57 | W60: 1382 | X60: 296 | Y60: 10 | Z60: 1973 | AA60: 114 | AC60: 141 | AD60: 845 | AE60: 348 | AF60: 756 | AG60: 58 | AI60: 1485 | AJ60: 346 | AK60: 28 | AN60: 255 | AO60: 298 | AP60: 1572 | AQ60: 534 | AR60: 676 | AT60: 399 | AV60: 1992
A61: Surgical group of Specialists Practitioners | B61: 112 | F61: 656 | G61: 61 | H61: 103 | K61: 6 | M61: 210 | N61: 97 | Q61: 56 | R61: 301 | S61: 28 | W61: 0 | X61: 80 | Y61: 0 | Z61: 593 | AA61: 30 | AC61: 26 | AD61: 75 | AE61: 25 | AF61: 113 | AG61: 58 | AI61: 155 | AJ61: 10 | AK61: 7 | AN61: 31 | AP61: 429 | AQ61: 196 | AR61: 55 | AS61: 25 | AT61: 101
A62: Traditional and Complementary Medicine Associate Professionals | F62: 0 | K62: 0 | M62: 0 | Q62: 0 | R62: 11 | W62: 0 | Y62: 0 | Z62: 0 | AC62: 0 | AF62: 99939 | AJ62: 0 | AQ62: 0 | AV62: 4710
A63: Traditional and Complementary Medicine Professionals | F63: 0 | K63: 0 | M63: 0 | Q63: 0 | R63: 5 | S63: 21983 | W63: 0 | Y63: 0 | Z63: 0 | AC63: 2 | AF63: 3 | AJ63: 0 | AL63: 9 | AQ63: 0
A64: Total | B64: =SUM(B4:B63) -> 62972 | C64: =SUM(C4:C63) -> 0 | D64: =SUM(D4:D63) -> 0 | E64: =SUM(E4:E63) -> 385816 | F64: =SUM(F4:F63) -> 427752 | G64: =SUM(G4:G63) -> 1557397 | H64: =SUM(H4:H63) -> 15278 | I64: =SUM(I4:I63) -> 18138 | ... AV64: =SUM(AV4:AV63) -> 137286
A66: Population UN | B66: 780085.6 | C66: 228677.8 | D66: 6481.1 | E66: 4011145.2 | F66: 3920543 | G66: 7745147.1 | H66: 64514.8 | I66: 153744 | J66: 28860 | K66: 58859.2 | L66: 966316.9 | M66: 1332678.6 | N66: 470912.8 | O66: 61665.2 | P66: 437298.7 | Q66: 10405.3 | R66: 946149.4 | S66: 734070.3 | T66: 924980.8 | U66: 49447.1 | V66: 88529.1 | W66: 913289.2 | X66: 458014.7 | Y66: 63757.9 | Z66: 1487676.4 | AA66: 161499.3 | AB66: 903175.3 | AC66: 663702.4 | AD66: 903993.3 | AE66: 14474.3 | AF66: 1166744.6 | AG66: 70063.5 | AH66: 408235.8 | AI66: 558327.9 | AJ66: 1715.5 | AK66: 259656.4 | AL66: 1197906.7 | AM66: 309372.4 | AN66: 180285.9 | AO66: 1147745.3 | AP66: 1701068.1 | AQ66: 675227.8 | AR66: 490571.8 | AS66: 105140.5 | AT66: 275519.8 | AU66: 24120.5 | AV66: 2323148.8

Sheet AFRO Stock 2021
A1: Year : 2021 | B1: HOME
B2: Burkina Faso | C2: CAR | D2: Sao Tome and Principe | E2: DRC | F2: Ethiopia | G2: Nigeria | H2: Gabon | I2: Mauritania | J2: Eswatini | K2: Lesotho | L2: Algeria | M2: Angola | N2: Benin | O2: Botswana | P2: Burundi | Q2: Cabo Verde | R2: Cameroon | S2: Chad | T2: Côte d'Ivoire | U2: Equatorial Guinea | V2: Gambia | W2: Ghana | X2: Guinea | Y2: Guinea-Bissau | Z2: Kenya | AA2: Liberia | AB2: Madagascar | AC2: Malawi | AD2: Mali | AE2: Mauritius | AF2: Mozambique | AG2: Namibia | AH2: Rwanda | AI2: Senegal | AJ2: Seychelles | AK2: Sierra Leone | AL2: South Africa | AM2: South Sudan | AN2: Congo | AO2: Niger | AP2: Uganda | AQ2: Zambia | AR2: Zimbabwe | AS2: Eritrea | AT2: Togo | AU2: Comoros | AV2: Tanzania
A3: Occupation | B3: BFA | C3: CAF | D3: STP | E3: COD | F3: ETH | G3: NGA | H3: GAB | I3: MRT | J3: SWZ | K3: LSO | L3: DZA | M3: AGO | N3: BEN | O3: BWA | P3: BDI | Q3: CPV | R3: CMR | S3: TCD | T3: CIV | U3: GNQ | V3: GMB | W3: GHA | X3: GIN | Y3: GNB | Z3: KEN | AA3: LBR | AB3: MDG | AC3: MWI | AD3: MLI | AE3: MUS | AF3: MOZ | AG3: NAM | AH3: RWA | AI3: SEN | AJ3: SYC | AK3: SLE | AL3: ZAF | AM3: SSD | AN3: COG | AO3: NER | AP3: UGA | AQ3: ZMB | AR3: ZWE | AS3: ERI | AT3: TGO | AU3: COM | AV3: TZA
A4: Medical Doctors | B4: 2221 | C4: 114 | E4: 16989 | F4: 12174 | G4: 84277 | I4: 1035 | N4: 2755 | O4: 1014 | P4: 812 | R4: 3378 | S4: 1000 | T4: 4951 | V4: 269 | W4: 4169 | Y4: 453 | Z4: 5203 | AA4: 887 | AF4: 2611 | AG4: 1181 | AI4: 1707 | AJ4: 0 | AL4: 48021 | AQ4: 5773 | AS4: 286 | AT4: 506
A5: Generalist Medical Practitioners (incl. Family medical practitioners) | B5: 1220 | C5: 108 | E5: 16989 | F5: 9361 | G5: 84277 | I5: 597 | N5: 1797 | O5: 900 | P5: 725 | R5: 2477 | S5: 740 | T5: 4623 | V5: 156 | W5: 3034 | Y5: 444 | Z5: 3252 | AA5: 800 | AF5: 1807 | AG5: 1181 | AI5: 487 | AJ5: 0 | AS5: 276 | AT5: 149
A6: Medical group of Specialists Practitioners | C6: 1 | P6: 96 | R6: 486 | S6: 174 | V6: 69 | W6: 0 | Y6: 0 | Z6: 447 | AA6: 26 | AF6: 445 | AI6: 810 | AJ6: 0 | AS6: 19
A7: Nursing Personnel | B7: 12189 | C7: 505 | E7: 101752 | F7: 69824 | G7: 201735 | I7: 6156 | N7: 5484 | O7: 7886 | P7: 9372 | R7: 4543 | S7: 2677 | T7: 12887 | V7: 1404 | W7: 93144 | Y7: 1956 | Z7: 34588 | AA7: 1761 | AF7: 10928 | AG7: 7166 | AI7: 6477 | AJ7: 0 | AQ7: 32542 | AS7: 4681 | AT7: 1946
A8: Midwifery personnel | B8: 8052 | C8: 537 | E8: 2093 | F8: 20355 | G8: 131922 | I8: 1252 | N8: 2086 | P8: 143 | R8: 704 | S8: 721 | T8: 7074 | V8: 379 | W8: 19141 | Y8: 213 | AA8: 795 | AF8: 7278 | AG8: 6 | AI8: 2739 | AJ8: 0 | AQ8: 3746 | AS8: 67 | AT8: 1482
A9: Dentists | B9: 107 | C9: 2 | E9: 268 | G9: 4358 | I9: 121 | N9: 50 | O9: 89 | R9: 133 | S9: 19 | T9: 416 | V9: 9 | W9: 0 | Y9: 2 | AA9: 6 | AF9: 355 | AG9: 161 | AI9: 176 | AJ9: 0 | AL9: 6586 | AQ9: 269 | AS9: 60 | AT9: 13
A10: Pharmacists | B10: 691 | C10: 2 | E10: 682 | F10: 15498 | G10: 17331 | I10: 75 | N10: 403 | O10: 158 | P10: 99 | R10: 264 | S10: 142 | T10: 1117 | V10: 4 | W10: 1035 | Y10: 2 | Z10: 1137 | AA10: 124 | AF10: 406 | AG10: 603 | AI10: 293 | AJ10: 0 | AQ10: 1376 | AS10: 208 | AT10: 21
A11: Administrative staff | C11: 12 | E11: 87086 | F11: 113189 | N11: 5903 | O11: 465 | P11: 1750 | R11: 3229 | V11: 0 | W11: 4274 | Y11: 196 | AF11: 11559 | AI11: 5833 | AJ11: 0 | AT11: 991
A12: Ambulance Workers | O12: 845 | R12: 37 | V12: 0 | W12: 2091 | Y12: 0 | AI12: 36 | AJ12: 19 | AL12: 41029
A13: Audiologists and Speech Therapists | O13: 8 | P13: 5 | V13: 0 | W13: 9 | Y13: 0 | AJ13: 5 | AL13: 4037 | AT13: 33
A14: Biomedical engineer | F14: 987 | O14: 12 | R14: 22 | V14: 3 | W14: 0 | Y14: 0 | Z14: 725 | AI14: 15 | AJ14: 0 | AL14: 1 | AS14: 11 | AT14: 5
A15: Community Health Workers | B15: 2947 | C15: 1595 | F15: 42630 | G15: 7912 | N15: 21 | S15: 8077 | V15: 0 | W15: 0 | Y15: 0 | Z15: 86490 | AB15: 41616 | AF15: 7329 | AI15: 16443 | AJ15: 0 | AS15: 2626 | AT15: 7500
A16: Dental Assistants and Therapists | B16: 168 | G16: 11781 | N16: 6 | O16: 26 | R16: 97 | S16: 11 | V16: 16 | W16: 396 | Y16: 21 | Z16: 246 | AF16: 340 | AG16: 48 | AI16: 28 | AJ16: 0 | AL16: 6165 | AQ16: 499 | AS16: 154
A17: Dental Prosthetic Technicians | G17: 11408 | O17: 35 | R17: 3 | S17: 4 | V17: 6 | W17: 0 | Y17: 3 | Z17: 261 | AI17: 94 | AJ17: 0 | AT17: 2
A18: Dieticians | O18: 45 | R18: 6 | V18: 0 | W18: 112 | Y18: 2 | AG18: 35 | AI18: 4 | AJ18: 1 | AL18: 3822 | AT18: 1
A19: Dispensing Opticians | G19: 2071 | V19: 2 | W19: 0 | Y19: 0 | AJ19: 4 | AL19: 135
A20: Engineering and maintenance staff | B20: 19 | O20: 35 | R20: 364 | S20: 30 | V20: 0 | W20: 380 | Y20: 0 | AF20: 105 | AI20: 87 | AJ20: 0 | AS20: 8 | AT20: 104
A21: Environmental and Occupational Health Inspectors and Associates | C21: 39 | V21: 252 | W21: 0 | Y21: 28 | AJ21: 0 | AL21: 549 | AS21: 234 | AT21: 86
A22: Environmental and Occupational Health and Hygiene Professionals | C22: 25 | E22: 665 | G22: 1234 | N22: 311 | V22: 44 | W22: 6 | Y22: 1 | Z22: 5029 | AG22: 209 | AI22: 53 | AJ22: 0 | AL22: 4196 | AQ22: 4646 | AT22: 342
A23: General Paediatricians Practitioners | B23: 105 | G23: 36 | N23: 97 | P23: 14 | R23: 59 | S23: 17 | V23: 10 | W23: 0 | Y23: 5 | Z23: 199 | AA23: 15 | AF23: 57 | AG23: 34 | AI23: 107 | AJ23: 0 | AL23: 1015 | AS23: 10 | AT23: 38
A24: Health Care Assistants | C24: 121 | N24: 6809 | O24: 1519 | T24: 4221 | V24: 0 | W24: 0 | Y24: 0 | AI24: 949 | AJ24: 0 | AT24: 2974
A25: Health information systems personnel | F25: 4921 | G25: 9205 | O25: 203 | P25: 1352 | R25: 339 | S25: 18 | V25: 0 | W25: 0 | Y25: 0 | Z25: 2137 | AF25: 264 | AI25: 103 | AJ25: 0 | AS25: 44
A26: Home-based Personal Care Workers | V26: 0 | W26: 0 | Y26: 0 | AJ26: 0
A27: Medical Imaging and Therapeutic Equipment Technicians | B27: 209 | E27: 439 | N27: 352 | O27: 123 | P27: 81 | R27: 267 | V27: 172 | W27: 1673 | Y27: 2 | Z27: 717 | AF27: 264 | AI27: 123 | AJ27: 0 | AL27: 9281 | AQ27: 1375 | AS27: 137 | AT27: 95
A28: Managerial staff | E28: 3724 | O28: 147 | R28: 4216 | S28: 371 | V28: 522 | W28: 0 | Y28: 0 | AF28: 3318 | AI28: 188 | AJ28: 0
A29: Medical Assistants | B29: 8 | O29: 66 | S29: 104 | V29: 0 | W29: 2352 | Y29: 0 | AG29: 3 | AJ29: 0
A30: Medical and Pathology Laboratory Technicians | C30: 47 | G30: 34554 | N30: 1744 | O30: 337 | P30: 729 | R30: 249 | S30: 848 | V30: 0 | W30: 6276 | Y30: 1 | AF30: 301 | AG30: 99 | AI30: 14 | AJ30: 0 | AL30: 6353 | AQ30: 3182 | AS30: 267 | AT30: 149
A31: Medical and Pathology Laboratory scientists | B31: 899 | G31: 37181 | O31: 161 | R31: 2247 | S31: 848 | V31: 18 | W31: 1759 | Y31: 200 | Z31: 5019 | AF31: 1912 | AI31: 434 | AJ31: 0 | AL31: 6166 | AQ31: 19 | AS31: 298 | AT31: 446
A32: Medical Prosthetic Technicians | F32: 17 | G32: 37181 | V32: 0 | W32: 0 | Y32: 0 | AI32: 4 | AJ32: 4 | AT32: 17
A33: Medical Records and Health Information Technicians | O33: 62 | V33: 0 | W33: 3238 | Y33: 0 | AI33: 2 | AJ33: 0
A34: Medical doctors not further defined | C34: 2 | R34: 4 | V34: 0 | W34: 0 | Y34: 0 | AJ34: 0 | AL34: 48021 | AQ34: 5773
A35: Medical secretaries | B35: 16 | N35: 4 | R35: 639 | T35: 139 | V35: 0 | W35: 0 | Y35: 0 | AI35: 104 | AJ35: 0
A36: Midwifery Associate Professionals | B36: 3066 | C36: 197 | S36: 104 | V36: 278 | W36: 0 | Y36: 0 | AF36: 7236 | AI36: 29 | AJ36: 0 | AT36: 709
A37: Midwifery Professionals | B37: 4986 | C37: 130 | E37: 2093 | F37: 20355 | G37: 131922 | I37: 1252 | N37: 2086 | P37: 143 | R37: 704 | S37: 617 | T37: 7074 | V37: 101 | W37: 19141 | Y37: 213 | AA37: 795 | AF37: 42 | AG37: 6 | AI37: 2710 | AJ37: 0 | AQ37: 3746 | AS37: 67 | AT37: 773
A38: Midwives not further defined | C38: 210 | V38: 0 | W38: 0 | Y38: 0 | AJ38: 0
A39: Nurses not further defined | C39: 255 | I39: 5510 | R39: 981 | T39: 0 | V39: 47 | W39: 0 | Y39: 2 | AI39: 1781 | AJ39: 0 | AS39: 182
A40: Nursing Associate Professionals | B40: 1486 | C40: 1 | R40: 43 | S40: 1140 | V40: 449 | W40: 51836 | Y40: 951 | AF40: 8781 | AG40: 45 | AI40: 2173 | AJ40: 0 | AS40: 3050 | AT40: 759
A41: Nursing Professionals | B41: 10703 | C41: 249 | E41: 101752 | F41: 69824 | G41: 201735 | I41: 646 | N41: 5484 | O41: 7886 | P41: 9372 | R41: 3519 | S41: 1537 | T41: 12887 | V41: 908 | W41: 41308 | Y41: 1003 | Z41: 34588 | AA41: 1761 | AF41: 2147 | AG41: 7121 | AI41: 2523 | AJ41: 0 | AQ41: 32542 | AS41: 1449 | AT41: 1187
A42: Nursing Professionals Stock with additional midwifery training Total | G42: 131922 | R42: 131 | Y42: 0
A43: Nursing Associate Professionals Stock with additional midwifery training Total | R43: 37 | Y43: 0
A44: Nutritionists | B44: 35 | E44: 1385 | N44: 44 | O44: 3 | P44: 7 | R44: 65 | S44: 77 | V44: 0 | W44: 887 | Y44: 2 | Z44: 1985 | AF44: 1172 | AI44: 8 | AJ44: 3 | AL44: 216 | AT44: 14
A45: Obstetricians and Gynaecologists Practitioners | B45: 126 | C45: 5 | G45: 49 | N45: 157 | P45: 7 | R45: 125 | S45: 56 | V45: 20 | W45: 0 | Y45: 4 | Z45: 242 | AA45: 23 | AF45: 63 | AG45: 56 | AI45: 133 | AJ45: 0 | AL45: 1183 | AS45: 10 | AT45: 34
A46: Optometrists and Ophthalmic Opticians | B46: 3 | F46: 567 | G46: 5485 | O46: 6 | V46: 18 | W46: 235 | Y46: 10 | AF46: 151 | AG46: 99 | AI46: 107 | AJ46: 22 | AL46: 4012 | AS46: 99 | AT46: 1
A47: Other Specialists Practitioners | C47: 322 | P47: 61 | R47: 40 | V47: 0 | W47: 0 | Y47: 0 | Z47: 426 | AG47: 47 | AJ47: 0 | AT47: 190
A48: Other non-medical professional staff | E48: 1785 | O48: 1355 | P48: 7805 | V48: 0 | W48: 0 | Y48: 0 | Z48: 3295 | AF48: 3530 | AI48: 16 | AJ48: 0 | AT48: 2139
A49: Other non-medical support staff | O49: 3629 | V49: 2193 | W49: 0 | Y49: 86 | Z49: 11129 | AF49: 10717 | AI49: 344 | AJ49: 0
A50: Paramedical Practitioners | N50: 382 | O50: 11 | T50: 3480 | V50: 0 | W50: 0 | Y50: 0 | Z50: 8087 | AG50: 63 | AI50: 917 | AJ50: 0 | AL50: 3870 | AQ50: 8281 | AT50: 813
A51: Personal care workers | C51: 187 | V51: 0 | W51: 3453 | Y51: 0 | AJ51: 0
A52: Personal care workers in health services n.e.c | V52: 0 | W52: 0 | Y52: 0 | AJ52: 0
A53: Pharmaceutical Technicians and Assistants | B53: 203 | E53: 313 | N53: 56 | O53: 413 | P53: 6 | R53: 324 | S53: 277 | T53: 215 | V53: 94 | W53: 1096 | Y53: 76 | Z53: 1780 | AA53: 472 | AF53: 3039 | AG53: 372 | AI53: 40 | AJ53: 0 | AQ53: 1944 | AS53: 280 | AT53: 44
A54: Physiotherapists | E54: 680 | N54: 187 | O54: 42 | R54: 21 | T54: 97 | V54: 1 | W54: 159 | Y54: 6 | Z54: 718 | AF54: 123 | AG54: 140 | AJ54: 20 | AL54: 8345 | AQ54: 1324 | AS54: 131 | AT54: 161
A55: Physiotherapy Technicians and Assistants | B55: 47 | C55: 155 | V55: 23 | W55: 149 | Y55: 0 | AF55: 412 | AJ55: 40 | AL55: 164
A56: Psychiatrists Practitioners | B56: 11 | F56: 1076 | G56: 14 | R56: 7 | S56: 1 | V56: 1 | W56: 0 | Y56: 0 | Z56: 92 | AF56: 11 | AI56: 35 | AJ56: 0 | AL56: 853 | AT56: 5
A57: Psychologists | B57: 8 | O57: 15 | P57: 15 | R57: 44 | V57: 0 | W57: 48 | Y57: 12 | AF57: 610 | AJ57: 6 | AL57: 9125 | AS57: 7 | AT57: 69
A58: Social work associate professionals | V58: 0 | W58: 0 | Y58: 0 | AF58: 399 | AJ58: 0 | AT58: 33
A59: Social work and counselling professionals | R59: 584 | V59: 0 | W59: 0 | Y59: 16 | Z59: 749 | AF59: 153 | AI59: 173 | AJ59: 2 | AS59: 6 | AT59: 23
A60: Specialist Medical Practitioners | B60: 1001 | C60: 4 | F60: 2813 | I60: 438 | N60: 958 | O60: 114 | P60: 87 | R60: 897 | S60: 260 | T60: 328 | V60: 113 | W60: 1135 | Y60: 9 | Z60: 1951 | AA60: 87 | AF60: 804 | AI60: 1220 | AJ60: 0 | AS60: 10 | AT60: 357
A61: Surgical group of Specialists Practitioners | C61: 5 | G61: 42 | N61: 97 | P61: 14 | R61: 180 | S61: 12 | V61: 13 | W61: 0 | Y61: 1 | Z61: 565 | AA61: 23 | AF61: 218 | AG61: 50 | AI61: 135 | AJ61: 0 | AS61: 25 | AT61: 90
A62: Traditional and Complementary Medicine Associate Professionals | V62: 0 | W62: 0 | Y62: 0 | AJ62: 2
A63: Traditional and Complementary Medicine Professionals | B63: 50 | V63: 0 | W63: 7 | Y63: 0 | AJ63: 0
A64: Total | B64: =SUM(B4:B63) -> 50576 | C64: =SUM(C4:C63) -> 4830 | D64: =SUM(D4:D63) -> 0 | E64: =SUM(E4:E63) -> 338695 | F64: =SUM(F4:F63) -> 383591 | G64: =SUM(G4:G63) -> 1147632 | H64: =SUM(H4:H63) -> 0 | I64: =SUM(I4:I63) -> 17082 | ... AV64: =SUM(AV4:AV63) -> 0
A66: Population UN | B66: 770961.1 | C66: 223125.3 | D66: 6406.9 | E66: 3905396.8 | F66: 3870531 | G66: 7641925.4 | H66: 64185.3 | I66: 150737.7 | J66: 29226.2 | K66: 58852.8 | L66: 989535.7 | M66: 1308712.3 | N66: 464321.1 | O66: 62086.9 | P66: 434393 | Q66: 10447 | R66: 935437.5 | S66: 715665.6 | T66: 911396.5 | U66: 49221.8 | V66: 87525.9 | W66: 910102.9 | X66: 453737.3 | Y66: 63310.4 | Z66: 1466518.7 | AA66: 159834.6 | AB66: 890888.8 | AC66: 652416.6 | AD66: 883083.9 | AE66: 14565.6 | AF66: 1147375.7 | AG66: 70214.4 | AH66: 403959 | AI66: 550908.2 | AJ66: 1744.8 | AK66: 258166.6 | AL66: 1219311.2 | AM66: 306239.5 | AN66: 179200.3 | AO66: 1111347.5 | AP66: 1671156.9 | AQ66: 663224.7 | AR66: 487965.1 | AS66: 103744.1 | AT66: 272351.9 | AU66: 24060.4 | AV66: 2277499.2

Sheet AFRO Stock 2020
A1: Year: 2020 | B1: HOME
B2: Burkina Faso | C2: CAR | D2: Sao Tome and Principe | E2: DRC | F2: Ethiopia | G2: Nigeria | H2: Gabon | I2: Mauritania | J2: Eswatini | K2: Lesotho | L2: Algeria | M2: Angola | N2: Benin | O2: Botswana | P2: Burundi | Q2: Cabo Verde | R2: Cameroon | S2: Chad | T2: Côte d'Ivoire | U2: Equatorial Guinea | V2: Gambia | W2: Ghana | X2: Guinea | Y2: Guinea-Bissau | Z2: Kenya | AA2: Liberia | AB2: Madagascar | AC2: Malawi | AD2: Mali | AE2: Mauritius | AF2: Mozambique | AG2: Namibia | AH2: Rwanda | AI2: Senegal | AJ2: Seychelles | AK2: Sierra Leone | AL2: South Africa | AM2: South Sudan | AN2: Congo | AO2: Niger | AP2: Uganda | AQ2: Zambia | AR2: Zimbabwe | AS2: Eritrea | AT2: Togo | AU2: Comoros | AV2: Tanzania
A3: Occupation | B3: BFA | C3: CAF | D3: STP | E3: COD | F3: ETH | G3: NGA | H3: GAB | I3: MRT | J3: SWZ | K3: LSO | L3: DZA | M3: AGO | N3: BEN | O3: BWA | P3: BDI | Q3: CPV | R3: CMR | S3: TCD | T3: CIV | U3: GNQ | V3: GMB | W3: GHA | X3: GIN | Y3: GNB | Z3: KEN | AA3: LBR | AB3: MDG | AC3: MWI | AD3: MLI | AE3: MUS | AF3: MOZ | AG3: NAM | AH3: RWA | AI3: SEN | AJ3: SYC | AK3: SLE | AL3: ZAF | AM3: SSD | AN3: COG | AO3: NER | AP3: UGA | AQ3: ZMB | AR3: ZWE | AS3: ERI | AT3: TGO | AU3: COM | AV3: TZA
A4: Medical Doctors | B4: 2061 | F4: 12174 | H4: 1362 | I4: 934 | J4: 165 | O4: 1024 | P4: 852 | R4: 2562 | S4: 1003 | T4: 4435 | V4: 196 | W4: 5285 | Y4: 385 | AA4: 777 | AC4: 958 | AE4: 3450 | AF4: 2573 | AG4: 1036 | AI4: 1384 | AK4: 576 | AM4: 456 | AO4: 835 | AP4: 7031 | AQ4: 4818 | AR4: 2957 | AS4: 291 | AT4: 685 | AU4: 354
A5: Generalist Medical Practitioners (incl. Family medical practitioners) | B5: 1088 | F5: 9361 | H5: 526 | I5: 532 | J5: 136 | O5: 902 | R5: 1643 | S5: 784 | T5: 4435 | V5: 122 | Y5: 375 | AA5: 725 | AC5: 639 | AF5: 1655 | AG5: 1036 | AI5: 308 | AK5: 515 | AM5: 383 | AT5: 354 | AU5: 241
A6: Medical group of Specialists Practitioners | F6: 847 | H6: 114 | R6: 16 | V6: 47 | Y6: 0 | AA6: 16 | AC6: 0 | AI6: 450 | AM6: 13
A7: Nursing Personnel | B7: 11874 | F7: 69824 | H7: 5481 | I7: 4290 | J7: 2917 | O7: 7771 | P7: 7713 | R7: 11478 | S7: 2623 | T7: 13396 | V7: 1229 | W7: 95789 | Y7: 1371 | Z7: 0 | AA7: 2416 | AC7: 13564 | AF7: 8831 | AG7: 6440 | AI7: 3800 | AK7: 1040 | AL7: 61028 | AM7: 4530 | AP7: 51327 | AQ7: 27674 | AR7: 22499 | AT7: 2455 | AU7: 683
A8: Midwifery personnel | B8: 7804 | F8: 20355 | H8: 662 | I8: 1027 | J8: 0 | R8: 1258 | S8: 710 | T8: 6345 | V8: 540 | W8: 16700 | Y8: 185 | AA8: 872 | AC8: 0 | AF8: 6324 | AG8: 5 | AI8: 2061 | AK8: 639 | AM8: 3020 | AP8: 23546 | AQ8: 3312 | AR8: 9293 | AT8: 1743 | AU8: 586
A9: Dentists | B9: 103 | F9: 228 | H9: 34 | I9: 117 | J9: 22 | O9: 89 | R9: 179 | T9: 397 | V9: 8 | Y9: 5 | AA9: 6 | AC9: 149 | AF9: 277 | AG9: 138 | AI9: 134 | AK9: 15 | AM9: 28 | AP9: 255 | AQ9: 205 | AR9: 234 | AU9: 32
A10: Pharmacists | B10: 718 | F10: 5394 | H10: 139 | I10: 76 | J10: 48 | O10: 145 | R10: 337 | S10: 54 | T10: 1029 | V10: 0 | W10: 1388 | Y10: 13 | AA10: 127 | AC10: 151 | AF10: 423 | AG10: 546 | AI10: 212 | AK10: 193 | AM10: 139 | AP10: 1717 | AQ10: 1082 | AR10: 1600 | AT10: 232 | AU10: 35
A11: Administrative staff | F11: 113189 | H11: 693 | J11: 2087 | O11: 463 | R11: 2735 | V11: 0 | Y11: 119 | AC11: 2848 | AF11: 9913 | AI11: 5427 | AT11: 1411
A12: Ambulance Workers | H12: 132 | J12: 374 | O12: 842 | R12: 16 | V12: 0 | AC12: 0 | AI12: 35
A13: Audiologists and Speech Therapists | F13: 4 | H13: 0 | J13: 7 | O13: 7 | R13: 2 | V13: 0 | AC13: 0 | AI13: 1 | AT13: 83
A14: Biomedical engineer | B14: 8 | F14: 423 | H14: 66 | J14: 75 | O14: 11 | R14: 15 | S14: 2 | V14: 10 | Y14: 4 | AC14: 13 | AI14: 19 | AK14: 22 | AM14: 7 | AT14: 20
A15: Community Health Workers | B15: 2923 | F15: 42630 | H15: 110 | J15: 5386 | M15: 2652 | P15: 11845 | R15: 154 | S15: 592 | V15: 0 | Y15: 3711 | Z15: 91653 | AA15: 12625 | AB15: 41616 | AC15: 0 | AD15: 3303 | AE15: 163 | AF15: 6696 | AH15: 58567 | AK15: 13966 | AM15: 2826 | AO15: 21429 | AQ15: 41669 | AS15: 6000 | AT15: 7386
A16: Dental Assistants and Therapists | B16: 172 | F16: 110 | H16: 32 | J16: 28 | O16: 28 | R16: 45 | V16: 17 | Y16: 0 | AC16: 204 | AF16: 318 | AG16: 43 | AK16: 66 | AM16: 128 | AQ16: 453
A17: Dental Prosthetic Technicians | H17: 9 | O17: 33 | R17: 12 | V17: 4 | Y17: 8 | AC17: 0 | AI17: 13 | AK17: 530 | AT17: 2
A18: Dieticians | H18: 8 | J18: 7 | O18: 40 | R18: 3 | V18: 0 | Y18: 3 | AC18: 31 | AG18: 32 | AI18: 2 | AT18: 1
A19: Dispensing Opticians | H19: 14 | R19: 10 | V19: 9 | Y19: 1 | AC19: 0 | AI19: 1 | AM19: 10 | AT19: 2
A20: Engineering and maintenance staff | H20: 31 | J20: 18 | O20: 92 | R20: 137 | V20: 0 | Y20: 9 | AC20: 249 | AF20: 128 | AI20: 60 | AT20: 20
A21: Environmental and Occupational Health Inspectors and Associates | F21: 508 | H21: 7 | J21: 63 | R21: 5 | V21: 237 | Y21: 18 | AC21: 321 | AK21: 17 | AT21: 50
A22: Environmental and Occupational Health and Hygiene Professionals | B22: 275 | F22: 2378 | H22: 198 | J22: 79 | R22: 194 | V22: 67 | Y22: 2 | AC22: 196 | AG22: 177 | AI22: 411 | AK22: 219 | AM22: 10 | AQ22: 3830 | AT22: 379
A23: General Paediatricians Practitioners | B23: 101 | F23: 303 | H23: 67 | R23: 45 | S23: 2 | V23: 10 | Y23: 6 | AA23: 10 | AC23: 30 | AF23: 73 | AG23: 28 | AI23: 95 | AM23: 11 | AT23: 45
A24: Health Care Assistants | B24: 68 | H24: 17 | O24: 1423 | R24: 5366 | V24: 0 | AC24: 0 | AT24: 4622
A25: Health information systems personnel | F25: 5002 | H25: 86 | J25: 51 | O25: 25 | R25: 21 | V25: 0 | Y25: 10 | AC25: 334 | AF25: 169 | AI25: 14
A26: Home-based Personal Care Workers | H26: 0 | R26: 4 | V26: 0 | AC26: 0
A27: Medical Imaging and Therapeutic Equipment Technicians | B27: 274 | H27: 82 | J27: 53 | O27: 117 | R27: 73 | V27: 173 | Y27: 3 | AC27: 0 | AF27: 301 | AI27: 121 | AM27: 16 | AQ27: 1075 | AT27: 280 | AU27: 25
A28: Managerial staff | H28: 390 | O28: 125 | R28: 21 | V28: 479 | AC28: 2630 | AF28: 2954 | AI28: 27 | AK28: 487
A29: Medical Assistants | H29: 14 | J29: 30 | O29: 67 | R29: 6 | V29: 0 | AC29: 1809 | AG29: 3 | AI29: 1482 | AT29: 997
A30: Medical and Pathology Laboratory Technicians | F30: 4752 | H30: 74 | O30: 338 | R30: 48 | V30: 0 | Y30: 1 | AC30: 282 | AG30: 99 | AI30: 323 | AQ30: 2506 | AT30: 338 | AU30: 16
A31: Medical and Pathology Laboratory scientists | B31: 906 | F31: 8005 | H31: 469 | O31: 167 | R31: 112 | V31: 13 | Y31: 285 | AC31: 743 | AF31: 2041 | AG31: 99 | AI31: 101 | AK31: 114 | AM31: 635 | AQ31: 19 | AT31: 589
A32: Medical Prosthetic Technicians | F32: 22 | H32: 0 | R32: 19 | V32: 0 | AC32: 0 | AT32: 6
A33: Medical Records and Health Information Technicians | H33: 0 | O33: 63 | R33: 4 | V33: 0 | AC33: 0 | AM33: 1006
A34: Medical doctors not further defined | H34: 1 | P34: 852 | R34: 0 | V34: 0 | W34: 5285 | Y34: 0 | AC34: 0 | AE34: 3450 | AO34: 835 | AP34: 7031 | AQ34: 4818 | AR34: 2957 | AS34: 291
A35: Medical secretaries | B35: 16 | H35: 106 | J35: 0 | R35: 13 | V35: 0 | AC35: 0 | AI35: 72 | AT35: 14
A36: Midwifery Associate Professionals | B36: 2977 | H36: 0 | J36: 0 | R36: 239 | V36: 412 | Y36: 167 | AC36: 0 | AF36: 1275 | AI36: 92 | AK36: 109 | AM36: 2564 | AT36: 809
A37: Midwifery Professionals | B37: 4827 | F37: 20355 | H37: 662 | I37: 1027 | J37: 0 | R37: 998 | S37: 710 | T37: 6345 | V37: 128 | Y37: 18 | AA37: 872 | AC37: 0 | AF37: 5049 | AG37: 5 | AI37: 1969 | AK37: 530 | AM37: 456 | AQ37: 3312 | AT37: 934 | AU37: 586
A38: Midwives not further defined | H38: 0 | J38: 0 | R38: 21 | V38: 0 | W38: 16700 | Y38: 0 | AC38: 0 | AP38: 23546 | AR38: 9293
A39: Nurses not further defined | H39: 2 | I39: 3764 | J39: 0 | P39: 7713 | R39: 1435 | S39: 268 | V39: 42 | W39: 95789 | Y39: 14 | AC39: 77 | AI39: 22 | AL39: 61028 | AP39: 51327 | AR39: 22499
A40: Nursing Associate Professionals | B40: 1646 | H40: 635 | J40: 394 | R40: 1202 | S40: 827 | V40: 484 | Y40: 1016 | Z40: 0 | AC40: 6004 | AF40: 1616 | AG40: 44 | AI40: 483 | AM40: 3934 | AT40: 902
A41: Nursing Professionals | B41: 10228 | F41: 69824 | H41: 4844 | I41: 526 | J41: 2523 | O41: 7771 | R41: 8841 | S41: 1528 | T41: 13396 | V41: 703 | Y41: 341 | AA41: 2416 | AC41: 7483 | AF41: 7215 | AG41: 6396 | AI41: 3295 | AK41: 1040 | AM41: 596 | AQ41: 27674 | AT41: 1553 | AU41: 683
A42: Nursing Professionals Stock with additional midwifery training Total | H42: 0 | J42: 1047 | R42: 290 | Y42: 40 | AC42: 1479
A43: Nursing Associate Professionals Stock with additional midwifery training Total | H43: 1 | J43: 0 | R43: 190 | Y43: 0 | AC43: 4358
A44: Nutritionists | B44: 31 | F44: 688 | H44: 3 | J44: 9 | O44: 3 | R44: 17 | S44: 1 | V44: 0 | Y44: 4 | AC44: 54 | AF44: 870 | AI44: 2 | AK44: 57 | AM44: 197 | AT44: 7
A45: Obstetricians and Gynaecologists Practitioners | B45: 126 | F45: 436 | H45: 82 | R45: 114 | S45: 5 | V45: 0 | Y45: 4 | AA45: 15 | AC45: 52 | AF45: 76 | AG45: 46 | AI45: 106 | AM45: 12 | AT45: 61
A46: Optometrists and Ophthalmic Opticians | B46: 3 | F46: 654 | H46: 9 | J46: 6 | O46: 3 | R46: 207 | S46: 1 | V46: 20 | Y46: 9 | AC46: 91 | AF46: 156 | AG46: 95 | AK46: 1 | AM46: 24 | AT46: 3
A47: Other Specialists Practitioners | F47: 482 | H47: 416 | R47: 538 | S47: 9 | V47: 0 | Y47: 0 | AC47: 195 | AF47: 636 | AG47: 37 | AM47: 26 | AT47: 61
A48: Other non-medical professional staff | H48: 947 | J48: 52 | O48: 1221 | R48: 1406 | V48: 0 | Y48: 149 | AF48: 8308 | AT48: 2137
A49: Other non-medical support staff | H49: 2714 | J49: 1861 | O49: 3691 | R49: 152 | V49: 2253 | Y49: 115 | AF49: 14416 | AT49: 1371
A50: Paramedical Practitioners | F50: 1234 | H50: 615 | O50: 10 | R50: 2098 | T50: 3734 | V50: 0 | Y50: 2 | AC50: 0 | AG50: 54 | AI50: 662 | AK50: 650 | AM50: 623 | AQ50: 5544
A51: Personal care workers | H51: 1 | R51: 18 | V51: 0 | AC51: 0 | AK51: 2251
A52: Personal care workers in health services n.e.c | H52: 0 | R52: 2 | V52: 0 | AC52: 0
A53: Pharmaceutical Technicians and Assistants | B53: 203 | F53: 10104 | H53: 179 | J53: 80 | O53: 435 | R53: 54 | V53: 81 | Y53: 73 | AA53: 486 | AC53: 600 | AF53: 2358 | AG53: 338 | AI53: 48 | AK53: 332 | AM53: 291 | AQ53: 1544 | AT53: 49 | AU53: 71
A54: Physiotherapists | B54: 22 | F54: 240 | H54: 17 | J54: 10 | O54: 66 | R54: 5 | V54: 7 | Y54: 4 | AC54: 152 | AF54: 108 | AG54: 134 | AI54: 1 | AK54: 6 | AQ54: 1036 | AT54: 230
A55: Physiotherapy Technicians and Assistants | F55: 9 | H55: 15 | J55: 5 | R55: 64 | V55: 25 | AC55: 0 | AF55: 336 | AI55: 97 | AM55: 17
A56: Psychiatrists Practitioners | B56: 11 | F56: 83 | H56: 3 | R56: 9 | V56: 1 | Y56: 0 | AC56: 4 | AE56: 61 | AF56: 17 | AI56: 38 | AM56: 3 | AS56: 34 | AT56: 6
A57: Psychologists | B57: 8 | H57: 86 | J57: 12 | O57: 13 | R57: 6 | V57: 0 | Y57: 11 | AC57: 0 | AF57: 530 | AI57: 2 | AT57: 65
A58: Social work associate professionals | H58: 9 | J58: 16 | R58: 16 | V58: 0 | Y58: 61 | AC58: 0 | AF58: 400 | AT58: 45
A59: Social work and counselling professionals | H59: 106 | J59: 22 | R59: 48 | V59: 0 | AC59: 0 | AF59: 154 | AI59: 491 | AT59: 21
A60: Specialist Medical Practitioners | B60: 973 | F60: 2813 | H60: 835 | I60: 402 | J60: 29 | O60: 122 | R60: 919 | S60: 219 | V60: 74 | Y60: 10 | AA60: 52 | AC60: 319 | AF60: 918 | AI60: 1076 | AK60: 61 | AM60: 73 | AT60: 331 | AU60: 113
A61: Surgical group of Specialists Practitioners | F61: 656 | H61: 153 | R61: 84 | S61: 1 | V61: 16 | Y61: 1 | AA61: 16 | AC61: 68 | AE61: 140 | AF61: 116 | AG61: 47 | AI61: 149 | AM61: 18 | AS61: 46 | AT61: 76
A62: Traditional and Complementary Medicine Associate Professionals | H62: 79 | R62: 4 | V62: 0 | AC62: 0
A63: Traditional and Complementary Medicine Professionals | H63: 33 | R63: 3 | V63: 0 | AC63: 0
A64: Total | B64: =SUM(B4:B63) -> 49446 | C64: =SUM(C4:C63) -> 0 | D64: =SUM(D4:D63) -> 0 | E64: =SUM(E4:E63) -> 0 | F64: =SUM(F4:F63) -> 403087 | G64: =SUM(G4:G63) -> 0 | H64: =SUM(H4:H63) -> 23370 | I64: =SUM(I4:I63) -> 12695 | ... AV64: =SUM(AV4:AV63) -> 0
A66: Population UN | B66: 761670.7 | C66: 215791.4 | D66: 6343.5 | E66: 3804138.2 | F66: 3808847.5 | G66: 7523678.7 | H66: 64112.7 | I66: 147926 | J66: 29530.3 | K66: 58877.4 | L66: 1010048.1 | M66: 1280498.2 | N66: 457449.9 | O66: 62582.3 | P66: 430785.2 | Q66: 10491.7 | R66: 925124.6 | S66: 699467.2 | T66: 896181.6 | U66: 48954.6 | V66: 86528 | W66: 906937.8 | X66: 448514.4 | Y66: 62815 | Z66: 1455623.7 | AA66: 158615.9 | AB66: 878903.6 | AC66: 641720.1 | AD66: 862128.3 | AE66: 14492.6 | AF66: 1124965.4 | AG66: 70199.3 | AH66: 399189.9 | AI66: 543180.8 | AJ66: 1773.9 | AK66: 256574.4 | AL66: 1247502 | AM66: 301708.8 | AN66: 177536.2 | AO66: 1076476.4 | AP66: 1634390 | AQ66: 652088.9 | AR66: 485539.3 | AS66: 102444.9 | AT66: 269323.4 | AU66: 23981 | AV66: 2235369.7

Sheet AFRO Stock 2019
A1: Year: 2019 | B1: HOME
