Workbook

Sheet Results
A1: Region | B1: ='Processed HWF'!A1 -> Country | C1: ='Processed HWF'!M1 -> Health workforce density per 10,000 population (includes medical doctors, nursing personnel, and midwifery personnel) in 2020 | D1: ='Processed HWF'!N1 -> UHC service coverage index 2019 | E1: Vulnerable | H1: Median density | K1: List of vulnerable countries | O1: Change since SSL 2020 list based on UHC 2017 and 2018 HWF | V1: Countries not in SSL but with major challenges | W1: ='Processed HWF'!I1 -> Shortage2020 | X1: Shortage as % of HWF (sdg3.c) | Y1: ='Processed HWF'!O1 -> % population vaccinated | Z1: ='Processed HWF'!P1 -> % redeployment required | AA1: UHC SCI 2019 | AB1: Potentially vulnerable | AE1: Criteria | AF1: Shortage minimum | AG1: 0 | AI1: Countries not in SSL but with major challenges | AJ1: UHC | AK1: HWF | AL1: Shortage in 2020 | AM1: Shortage as % of SDG 3.c | AN1: % population vaccinated (1st Jan 2022) | AO1: % of domestic resources required to achieve 70% Covid-19 vaccination by mid 2022
A2: =VLOOKUP(B2,'Reference table'!A$2:D$195,4,FALSE) -> EMR | B2: ='Processed HWF'!A2 -> Afghanistan | C2: ='Processed HWF'!M2 -> 6.9971038 | D2: ='Processed HWF'!N2 -> 37.33 | E2: =IF(AND(C2<H$4,Results!D2<50),1,0) -> 1 | F2: =IF(AND(A2="AFR",E2=1),1,0) -> 0 | G2: =SUM(E2:E195) -> 42 | H2: ='Processed HWF'!M$199 -> 52.977556 | K2: Afghanistan | O2: Out: | V2: ='Processed HWF'!A2 -> Afghanistan | W2: ='Processed HWF'!I2 -> 240155.88 | X2: ='Processed HWF'!K2 -> 7.7160229 | Y2: ='Processed HWF'!O2 -> 0.098226264 | Z2: ='Processed HWF'!P2 -> 0.29471777 | AA2: ='Processed HWF'!N2 -> 37.33 | AB2: =IF(AND(E2=0,W2>$AG$1,Y2<>0,Y2<$AG$2,Z2>$AG$3,AA2<$AG$5,X2>$AG$4),1,0) -> 0 | AD2: =SUM(AB2:AB195) -> 7 | AF2: % population vaccinated min | AG2: 0.25 | AI2: Kenya | AJ2: =VLOOKUP(AI2,$B$2:$D$195,3,FALSE) -> 55.95 | AK2: =VLOOKUP(AI2,$B$2:$D$195,2,FALSE) -> 13.218482 | AL2: =VLOOKUP(AI2,$V$2:$Z$195,2,FALSE) -> 262302.56 | AM2: =VLOOKUP(AI2,$V$2:$Z$195,3,FALSE) -> 3.5728785 | AN2: =VLOOKUP(AI2,$V$2:$Z$195,4,FALSE) -> 0.08524695 | AO2: =VLOOKUP(AI2,$V$2:$Z$195,5,FALSE) -> 0.15836786
A3: =VLOOKUP(B3,'Reference table'!A$2:D$195,4,FALSE) -> AFR | B3: ='Processed HWF'!A3 -> Angola | C3: ='Processed HWF'!M3 -> 6.2165585 | D3: ='Processed HWF'!N3 -> 38.69 | E3: =IF(AND(C3<H$4,Results!D3<50),1,0) -> 1 | F3: =IF(AND(A3="AFR",E3=1),1,0) -> 1 | G3: =SUM(F2:F195) -> 33 | H3: Median density reference | K3: Angola | O3: Bangladesh UHC was 48 now 51; HWF 10-> 12 | V3: ='Processed HWF'!A3 -> Angola | W3: ='Processed HWF'!I3 -> 189665.45 | X3: ='Processed HWF'!K3 -> 7.6940981 | Y3: ='Processed HWF'!O3 -> 0.1311034 | Z3: ='Processed HWF'!P3 -> 0.35992833 | AA3: ='Processed HWF'!N3 -> 38.69 | AB3: =IF(AND(E3=0,W3>$AG$1,Y3<>0,Y3<$AG$2,Z3>$AG$3,AA3<$AG$5,X3>$AG$4),1,0) -> 0 | AF3: % redployment max | AG3: 0.05 | AI3: Namibia | AJ3: =VLOOKUP(AI3,$B$2:$D$195,3,FALSE) -> 61.57 | AK3: =VLOOKUP(AI3,$B$2:$D$195,2,FALSE) -> 29.7409 | AL3: =VLOOKUP(AI3,$V$2:$Z$195,2,FALSE) -> 7075.5986 | AM3: =VLOOKUP(AI3,$V$2:$Z$195,3,FALSE) -> 0.84613759 | AN3: =VLOOKUP(AI3,$V$2:$Z$195,4,FALSE) -> 0.13538719 | AO3: =VLOOKUP(AI3,$V$2:$Z$195,5,FALSE) -> 0.059537573
A4: =VLOOKUP(B4,'Reference table'!A$2:D$195,4,FALSE) -> EUR | B4: ='Processed HWF'!A4 -> Albania | C4: ='Processed HWF'!M4 -> 79.213288 | D4: ='Processed HWF'!N4 -> 62.16 | E4: =IF(AND(C4<H$4,Results!D4<50),1,0) -> 0 | F4: =IF(AND(A4="AFR",E4=1),1,0) -> 0 | H4: 48.567162 | K4: Benin | O4: Kiribati UHC was 41 now 51; HWF 40 -> 40 | V4: ='Processed HWF'!A4 -> Albania | W4: ='Processed HWF'!I4 -> 0 | X4: ='Processed HWF'!K4 -> 0 | Y4: ='Processed HWF'!O4 -> 0.36799569 | Z4: ='Processed HWF'!P4 -> 0.012851644 | AA4: ='Processed HWF'!N4 -> 62.16 | AB4: =IF(AND(E4=0,W4>$AG$1,Y4<>0,Y4<$AG$2,Z4>$AG$3,AA4<$AG$5,X4>$AG$4),1,0) -> 0 | AF4: % shortage | AG4: 0.4 | AI4: Syrian Arab Republic | AJ4: =VLOOKUP(AI4,$B$2:$D$195,3,FALSE) -> 55.61 | AK4: =VLOOKUP(AI4,$B$2:$D$195,2,FALSE) -> 28.224572 | AL4: =VLOOKUP(AI4,$V$2:$Z$195,2,FALSE) -> 38845.852 | AM4: =VLOOKUP(AI4,$V$2:$Z$195,3,FALSE) -> 0.48230534 | AN4: =VLOOKUP(AI4,$V$2:$Z$195,4,FALSE) -> 0.050482559 | AO4: =VLOOKUP(AI4,$V$2:$Z$195,5,FALSE) -> 0.053786557
A5: =VLOOKUP(B5,'Reference table'!A$2:D$195,4,FALSE) -> EUR | B5: ='Processed HWF'!A5 -> Andorra | C5: ='Processed HWF'!M5 -> 73.468135 | D5: ='Processed HWF'!N5 -> 77.16 | E5: =IF(AND(C5<H$4,Results!D5<50),1,0) -> 0 | F5: =IF(AND(A5="AFR",E5=1),1,0) -> 0 | K5: Burkina Faso | O5: Nepal UHC was 48 now 53; HWF 41 -> 42 | V5: ='Processed HWF'!A5 -> Andorra | W5: ='Processed HWF'!I5 -> 15.1016 | X5: ='Processed HWF'!K5 -> 0.021290347 | Y5: ='Processed HWF'!O5 -> 0.66513946 | Z5: ='Processed HWF'!P5 -> 0 | AA5: ='Processed HWF'!N5 -> 77.16 | AB5: =IF(AND(E5=0,W5>$AG$1,Y5<>0,Y5<$AG$2,Z5>$AG$3,AA5<$AG$5,X5>$AG$4),1,0) -> 0 | AF5: UHC SCI max (90% median) | AG5: =0.9*69 -> 62.1 | AI5: Uganda | AJ5: =VLOOKUP(AI5,$B$2:$D$195,3,FALSE) -> 50.45 | AK5: =VLOOKUP(AI5,$B$2:$D$195,2,FALSE) -> 17.9221 | AL5: =VLOOKUP(AI5,$V$2:$Z$195,2,FALSE) -> 225795.94 | AM5: =VLOOKUP(AI5,$V$2:$Z$195,3,FALSE) -> 2.6896075 | AN5: =VLOOKUP(AI5,$V$2:$Z$195,4,FALSE) -> 0.039562465 | AO5: =VLOOKUP(AI5,$V$2:$Z$195,5,FALSE) -> 0.090918541
A6: =VLOOKUP(B6,'Reference table'!A$2:D$195,4,FALSE) -> EMR | B6: ='Processed HWF'!A6 -> United Arab Emirates | C6: ='Processed HWF'!M6 -> 88.652949 | D6: ='Processed HWF'!N6 -> 77.83 | E6: =IF(AND(C6<H$4,Results!D6<50),1,0) -> 0 | F6: =IF(AND(A6="AFR",E6=1),1,0) -> 0 | K6: Burundi | O6: Solomon islands UHC was 47 now 50; HWF 24 -> 24 | V6: ='Processed HWF'!A6 -> United Arab Emirates | W6: ='Processed HWF'!I6 -> 0 | X6: ='Processed HWF'!K6 -> 0 | Y6: ='Processed HWF'!O6 -> 0 | Z6: ='Processed HWF'!P6 -> 0 | AA6: ='Processed HWF'!N6 -> 77.83 | AB6: =IF(AND(E6=0,W6>$AG$1,Y6<>0,Y6<$AG$2,Z6>$AG$3,AA6<$AG$5,X6>$AG$4),1,0) -> 0 | AI6: Vanuatu | AJ6: =VLOOKUP(AI6,$B$2:$D$195,3,FALSE) -> 52.24 | AK6: =VLOOKUP(AI6,$B$2:$D$195,2,FALSE) -> 15.858326 | AL6: =VLOOKUP(AI6,$V$2:$Z$195,2,FALSE) -> 1323.2557 | AM6: =VLOOKUP(AI6,$V$2:$Z$195,3,FALSE) -> 2.4873321 | AN6: =VLOOKUP(AI6,$V$2:$Z$195,4,FALSE) -> 0.16410165 | AO6: =VLOOKUP(AI6,$V$2:$Z$195,5,FALSE) -> 0.087772989
A7: =VLOOKUP(B7,'Reference table'!A$2:D$195,4,FALSE) -> AMR | B7: ='Processed HWF'!A7 -> Argentina | C7: ='Processed HWF'!M7 -> 66.609812 | D7: ='Processed HWF'!N7 -> 73.41 | E7: =IF(AND(C7<H$4,Results!D7<50),1,0) -> 0 | F7: =IF(AND(A7="AFR",E7=1),1,0) -> 0 | K7: Cameroon | O7: Uganda UHC was 45 now 50; HWF 14 ->18 | V7: ='Processed HWF'!A7 -> Argentina | W7: ='Processed HWF'!I7 -> 28093.49 | X7: ='Processed HWF'!K7 -> 0.071439177 | Y7: ='Processed HWF'!O7 -> 0.73420592 | Z7: ='Processed HWF'!P7 -> 0 | AA7: ='Processed HWF'!N7 -> 73.41 | AB7: =IF(AND(E7=0,W7>$AG$1,Y7<>0,Y7<$AG$2,Z7>$AG$3,AA7<$AG$5,X7>$AG$4),1,0) -> 0 | AI7: Zambia | AJ7: =VLOOKUP(AI7,$B$2:$D$195,3,FALSE) -> 54.59 | AK7: =VLOOKUP(AI7,$B$2:$D$195,2,FALSE) -> 11.362644 | AL7: =VLOOKUP(AI7,$V$2:$Z$195,2,FALSE) -> 102644.66 | AM7: =VLOOKUP(AI7,$V$2:$Z$195,3,FALSE) -> 4.4292362 | AN7: =VLOOKUP(AI7,$V$2:$Z$195,4,FALSE) -> 0.035463805 | AO7: =VLOOKUP(AI7,$V$2:$Z$195,5,FALSE) -> 0.075162517
A8: =VLOOKUP(B8,'Reference table'!A$2:D$195,4,FALSE) -> EUR | B8: ='Processed HWF'!A8 -> Armenia | C8: ='Processed HWF'!M8 -> 93.389283 | D8: ='Processed HWF'!N8 -> 69.26 | E8: =IF(AND(C8<H$4,Results!D8<50),1,0) -> 0 | F8: =IF(AND(A8="AFR",E8=1),1,0) -> 0 | K8: Central African Republic | O8: Vanuatu UHC was 48 now 52; HWF 16 -> 16 | V8: ='Processed HWF'!A8 -> Armenia | W8: ='Processed HWF'!I8 -> 516.68658 | X8: ='Processed HWF'!K8 -> 0.01753464 | Y8: ='Processed HWF'!O8 -> 0.23971377 | Z8: ='Processed HWF'!P8 -> 0.019861468 | AA8: ='Processed HWF'!N8 -> 69.26 | AB8: =IF(AND(E8=0,W8>$AG$1,Y8<>0,Y8<$AG$2,Z8>$AG$3,AA8<$AG$5,X8>$AG$4),1,0) -> 0 | AI8: Zimbabwe | AJ8: =VLOOKUP(AI8,$B$2:$D$195,3,FALSE) -> 54.77 | AK8: =VLOOKUP(AI8,$B$2:$D$195,2,FALSE) -> 23.321477 | AL8: =VLOOKUP(AI8,$V$2:$Z$195,2,FALSE) -> 62603.586 | AM8: =VLOOKUP(AI8,$V$2:$Z$195,3,FALSE) -> 1.7155442 | AN8: =VLOOKUP(AI8,$V$2:$Z$195,4,FALSE) -> 0.21057922 | AO8: =VLOOKUP(AI8,$V$2:$Z$195,5,FALSE) -> 0.083665705
A9: =VLOOKUP(B9,'Reference table'!A$2:D$195,4,FALSE) -> AMR | B9: ='Processed HWF'!A9 -> Antigua and Barbuda | C9: ='Processed HWF'!M9 -> 118.48587 | D9: ='Processed HWF'!N9 -> 72.33 | E9: =IF(AND(C9<H$4,Results!D9<50),1,0) -> 0 | F9: =IF(AND(A9="AFR",E9=1),1,0) -> 0 | K9: Chad | V9: ='Processed HWF'!A9 -> Antigua and Barbuda | W9: ='Processed HWF'!I9 -> 17.632698 | X9: ='Processed HWF'!K9 -> 0.014917258 | Y9: ='Processed HWF'!O9 -> 0.60302872 | Z9: ='Processed HWF'!P9 -> 0.0065069573 | AA9: ='Processed HWF'!N9 -> 72.33 | AB9: =IF(AND(E9=0,W9>$AG$1,Y9<>0,Y9<$AG$2,Z9>$AG$3,AA9<$AG$5,X9>$AG$4),1,0) -> 0
A10: =VLOOKUP(B10,'Reference table'!A$2:D$195,4,FALSE) -> WPR | B10: ='Processed HWF'!A10 -> Australia | C10: ='Processed HWF'!M10 -> 172.69653 | D10: ='Processed HWF'!N10 -> 87.15 | E10: =IF(AND(C10<H$4,Results!D10<50),1,0) -> 0 | F10: =IF(AND(A10="AFR",E10=1),1,0) -> 0 | K10: Comoros | O10: In: | V10: ='Processed HWF'!A10 -> Australia | W10: ='Processed HWF'!I10 -> 0 | X10: ='Processed HWF'!K10 -> 0 | Y10: ='Processed HWF'!O10 -> 0.78025277 | Z10: ='Processed HWF'!P10 -> 0 | AA10: ='Processed HWF'!N10 -> 87.15 | AB10: =IF(AND(E10=0,W10>$AG$1,Y10<>0,Y10<$AG$2,Z10>$AG$3,AA10<$AG$5,X10>$AG$4),1,0) -> 0
A11: =VLOOKUP(B11,'Reference table'!A$2:D$195,4,FALSE) -> EUR | B11: ='Processed HWF'!A11 -> Austria | C11: ='Processed HWF'!M11 -> 158.57124 | D11: ='Processed HWF'!N11 -> 82.26 | E11: =IF(AND(C11<H$4,Results!D11<50),1,0) -> 0 | F11: =IF(AND(A11="AFR",E11=1),1,0) -> 0 | K11: Congo | O11: Comoros UHC was 52 now 44; HWF 23 -> 17 | V11: ='Processed HWF'!A11 -> Austria | W11: ='Processed HWF'!I11 -> 1120.1978 | X11: ='Processed HWF'!K11 -> 0.0072500218 | Y11: ='Processed HWF'!O11 -> 0.67008 | Z11: ='Processed HWF'!P11 -> 0 | AA11: ='Processed HWF'!N11 -> 82.26 | AB11: =IF(AND(E11=0,W11>$AG$1,Y11<>0,Y11<$AG$2,Z11>$AG$3,AA11<$AG$5,X11>$AG$4),1,0) -> 0
A12: =VLOOKUP(B12,'Reference table'!A$2:D$195,4,FALSE) -> EUR | B12: ='Processed HWF'!A12 -> Azerbaijan | C12: ='Processed HWF'!M12 -> 96.166758 | D12: ='Processed HWF'!N12 -> 65.28 | E12: =IF(AND(C12<H$4,Results!D12<50),1,0) -> 0 | F12: =IF(AND(A12="AFR",E12=1),1,0) -> 0 | K12: Cote d'Ivoire | V12: ='Processed HWF'!A12 -> Azerbaijan | W12: ='Processed HWF'!I12 -> 0 | X12: ='Processed HWF'!K12 -> 0 | Y12: ='Processed HWF'!O12 -> 0.44639865 | Z12: ='Processed HWF'!P12 -> 0.0083271478 | AA12: ='Processed HWF'!N12 -> 65.28 | AB12: =IF(AND(E12=0,W12>$AG$1,Y12<>0,Y12<$AG$2,Z12>$AG$3,AA12<$AG$5,X12>$AG$4),1,0) -> 0 | AI12: Countries not in SSL but with major challenges | AJ12: Potentially vulnerable
A13: =VLOOKUP(B13,'Reference table'!A$2:D$195,4,FALSE) -> AFR | B13: ='Processed HWF'!A13 -> Burundi | C13: ='Processed HWF'!M13 -> 7.197479 | D13: ='Processed HWF'!N13 -> 44.37 | E13: =IF(AND(C13<H$4,Results!D13<50),1,0) -> 1 | F13: =IF(AND(A13="AFR",E13=1),1,0) -> 1 | K13: Democratic Republic of the Congo | V13: ='Processed HWF'!A13 -> Burundi | W13: ='Processed HWF'!I13 -> 68919.078 | X13: ='Processed HWF'!K13 -> 7.9221248 | Y13: ='Processed HWF'!O13 -> 0.00050593804 | Z13: ='Processed HWF'!P13 -> 0.31022862 | AA13: ='Processed HWF'!N13 -> 44.37 | AB13: =IF(AND(E13=0,W13>$AG$1,Y13<>0,Y13<$AG$2,Z13>$AG$3,AA13<$AG$5,X13>$AG$4),1,0) -> 0 | AI13: Kenya | AJ13: 1
A14: =VLOOKUP(B14,'Reference table'!A$2:D$195,4,FALSE) -> EUR | B14: ='Processed HWF'!A14 -> Belgium | C14: ='Processed HWF'!M14 -> 261.39051 | D14: ='Processed HWF'!N14 -> 85.5 | E14: =IF(AND(C14<H$4,Results!D14<50),1,0) -> 0 | F14: =IF(AND(A14="AFR",E14=1),1,0) -> 0 | K14: Djibouti | V14: ='Processed HWF'!A14 -> Belgium | W14: ='Processed HWF'!I14 -> 0 | X14: ='Processed HWF'!K14 -> 0 | Y14: ='Processed HWF'!O14 -> 0.72816634 | Z14: ='Processed HWF'!P14 -> 0 | AA14: ='Processed HWF'!N14 -> 85.5 | AB14: =IF(AND(E14=0,W14>$AG$1,Y14<>0,Y14<$AG$2,Z14>$AG$3,AA14<$AG$5,X14>$AG$4),1,0) -> 0 | AI14: Namibia | AJ14: 1
A15: =VLOOKUP(B15,'Reference table'!A$2:D$195,4,FALSE) -> AFR | B15: ='Processed HWF'!A15 -> Benin | C15: ='Processed HWF'!M15 -> 3.6762711 | D15: ='Processed HWF'!N15 -> 38.2 | E15: =IF(AND(C15<H$4,Results!D15<50),1,0) -> 1 | F15: =IF(AND(A15="AFR",E15=1),1,0) -> 1 | K15: Equatorial Guinea | V15: ='Processed HWF'!A15 -> Benin | W15: ='Processed HWF'!I15 -> 82634.516 | X15: ='Processed HWF'!K15 -> 17.244085 | Y15: ='Processed HWF'!O15 -> 0.11724974 | Z15: ='Processed HWF'!P15 -> 0.58968532 | AA15: ='Processed HWF'!N15 -> 38.2 | AB15: =IF(AND(E15=0,W15>$AG$1,Y15<>0,Y15<$AG$2,Z15>$AG$3,AA15<$AG$5,X15>$AG$4),1,0) -> 0 | AI15: Uganda | AJ15: 1
A16: =VLOOKUP(B16,'Reference table'!A$2:D$195,4,FALSE) -> AFR | B16: ='Processed HWF'!A16 -> Burkina Faso | C16: ='Processed HWF'!M16 -> 9.8023334 | D16: ='Processed HWF'!N16 -> 43.19 | E16: =IF(AND(C16<H$4,Results!D16<50),1,0) -> 1 | F16: =IF(AND(A16="AFR",E16=1),1,0) -> 1 | K16: Eritrea | V16: ='Processed HWF'!A16 -> Burkina Faso | W16: ='Processed HWF'!I16 -> 124517.12 | X16: ='Processed HWF'!K16 -> 5.9674844 | Y16: ='Processed HWF'!O16 -> 0.036926992 | Z16: ='Processed HWF'!P16 -> 0.24684572 | AA16: ='Processed HWF'!N16 -> 43.19 | AB16: =IF(AND(E16=0,W16>$AG$1,Y16<>0,Y16<$AG$2,Z16>$AG$3,AA16<$AG$5,X16>$AG$4),1,0) -> 0 | AI16: Vanuatu | AJ16: 1
A17: =VLOOKUP(B17,'Reference table'!A$2:D$195,4,FALSE) -> SEAR | B17: ='Processed HWF'!A17 -> Bangladesh | C17: ='Processed HWF'!M17 -> 11.541212 | D17: ='Processed HWF'!N17 -> 50.74 | E17: =IF(AND(C17<H$4,Results!D17<50),1,0) -> 0 | F17: =IF(AND(A17="AFR",E17=1),1,0) -> 0 | K17: Ethiopia | V17: ='Processed HWF'!A17 -> Bangladesh | W17: ='Processed HWF'!I17 -> 912042.12 | X17: ='Processed HWF'!K17 -> 3.9456265 | Y17: ='Processed HWF'!O17 -> 0.32535576 | Z17: ='Processed HWF'!P17 -> 0.083567523 | AA17: ='Processed HWF'!N17 -> 50.74 | AB17: =IF(AND(E17=0,W17>$AG$1,Y17<>0,Y17<$AG$2,Z17>$AG$3,AA17<$AG$5,X17>$AG$4),1,0) -> 0 | AI17: Zambia | AJ17: 1
A18: =VLOOKUP(B18,'Reference table'!A$2:D$195,4,FALSE) -> EUR | B18: ='Processed HWF'!A18 -> Bulgaria | C18: ='Processed HWF'!M18 -> 89.924145 | D18: ='Processed HWF'!N18 -> 69.87 | E18: =IF(AND(C18<H$4,Results!D18<50),1,0) -> 0 | F18: =IF(AND(A18="AFR",E18=1),1,0) -> 0 | K18: Gabon | V18: ='Processed HWF'!A18 -> Bulgaria | W18: ='Processed HWF'!I18 -> 0 | X18: ='Processed HWF'!K18 -> 0 | Y18: ='Processed HWF'!O18 -> 0.21231444 | Z18: ='Processed HWF'!P18 -> 0.019478347 | AA18: ='Processed HWF'!N18 -> 69.87 | AB18: =IF(AND(E18=0,W18>$AG$1,Y18<>0,Y18<$AG$2,Z18>$AG$3,AA18<$AG$5,X18>$AG$4),1,0) -> 0 | AI18: Zimbabwe | AJ18: 1
A19: =VLOOKUP(B19,'Reference table'!A$2:D$195,4,FALSE) -> EMR | B19: ='Processed HWF'!A19 -> Bahrain | C19: ='Processed HWF'!M19 -> 39.38341 | D19: ='Processed HWF'!N19 -> 71.44 | E19: =IF(AND(C19<H$4,Results!D19<50),1,0) -> 0 | F19: =IF(AND(A19="AFR",E19=1),1,0) -> 0 | K19: Gambia | V19: ='Processed HWF'!A19 -> Bahrain | W19: ='Processed HWF'!I19 -> 2573.8413 | X19: ='Processed HWF'!K19 -> 0.36033328 | Y19: ='Processed HWF'!O19 -> 0.69681619 | Z19: ='Processed HWF'!P19 -> 0 | AA19: ='Processed HWF'!N19 -> 71.44 | AB19: =IF(AND(E19=0,W19>$AG$1,Y19<>0,Y19<$AG$2,Z19>$AG$3,AA19<$AG$5,X19>$AG$4),1,0) -> 0
A20: =VLOOKUP(B20,'Reference table'!A$2:D$195,4,FALSE) -> AMR | B20: ='Processed HWF'!A20 -> Bahamas | C20: ='Processed HWF'!M20 -> 70.230904 | D20: ='Processed HWF'!N20 -> 69.81 | E20: =IF(AND(C20<H$4,Results!D20<50),1,0) -> 0 | F20: =IF(AND(A20="AFR",E20=1),1,0) -> 0 | K20: Ghana | V20: ='Processed HWF'!A20 -> Bahamas | W20: ='Processed HWF'!I20 -> 0 | X20: ='Processed HWF'!K20 -> 0 | Y20: ='Processed HWF'!O20 -> 0.37989899 | Z20: ='Processed HWF'!P20 -> 0.017187225 | AA20: ='Processed HWF'!N20 -> 69.81 | AB20: =IF(AND(E20=0,W20>$AG$1,Y20<>0,Y20<$AG$2,Z20>$AG$3,AA20<$AG$5,X20>$AG$4),1,0) -> 0
A21: =VLOOKUP(B21,'Reference table'!A$2:D$195,4,FALSE) -> EUR | B21: ='Processed HWF'!A21 -> Bosnia and Herzegovina | C21: ='Processed HWF'!M21 -> 78.949018 | D21: ='Processed HWF'!N21 -> 64.61 | E21: =IF(AND(C21<H$4,Results!D21<50),1,0) -> 0 | F21: =IF(AND(A21="AFR",E21=1),1,0) -> 0 | K21: Guinea | V21: ='Processed HWF'!A21 -> Bosnia and Herzegovina | W21: ='Processed HWF'!I21 -> 257.37537 | X21: ='Processed HWF'!K21 -> 0.0094927248 | Y21: ='Processed HWF'!O21 -> 0.21965 | Z21: ='Processed HWF'!P21 -> 0.015805507 | AA21: ='Processed HWF'!N21 -> 64.61 | AB21: =IF(AND(E21=0,W21>$AG$1,Y21<>0,Y21<$AG$2,Z21>$AG$3,AA21<$AG$5,X21>$AG$4),1,0) -> 0
A22: =VLOOKUP(B22,'Reference table'!A$2:D$195,4,FALSE) -> EUR | B22: ='Processed HWF'!A22 -> Belarus | C22: ='Processed HWF'!M22 -> 155.40892 | D22: ='Processed HWF'!N22 -> 73.54 | E22: =IF(AND(C22<H$4,Results!D22<50),1,0) -> 0 | F22: =IF(AND(A22="AFR",E22=1),1,0) -> 0 | K22: Guinea-Bissau | V22: ='Processed HWF'!A22 -> Belarus | W22: ='Processed HWF'!I22 -> 0 | X22: ='Processed HWF'!K22 -> 0 | Y22: ='Processed HWF'!O22 -> 0.37786006 | Z22: ='Processed HWF'!P22 -> 0.0077025405 | AA22: ='Processed HWF'!N22 -> 73.54 | AB22: =IF(AND(E22=0,W22>$AG$1,Y22<>0,Y22<$AG$2,Z22>$AG$3,AA22<$AG$5,X22>$AG$4),1,0) -> 0
A23: =VLOOKUP(B23,'Reference table'!A$2:D$195,4,FALSE) -> AMR | B23: ='Processed HWF'!A23 -> Belize | C23: ='Processed HWF'!M23 -> 34.197316 | D23: ='Processed HWF'!N23 -> 67.17 | E23: =IF(AND(C23<H$4,Results!D23<50),1,0) -> 0 | F23: =IF(AND(A23="AFR",E23=1),1,0) -> 0 | K23: Haiti | V23: ='Processed HWF'!A23 -> Belize | W23: ='Processed HWF'!I23 -> 497.78339 | X23: ='Processed HWF'!K23 -> 0.29567327 | Y23: ='Processed HWF'!O23 -> 0.50362148 | Z23: ='Processed HWF'!P23 -> 0.0074955077 | AA23: ='Processed HWF'!N23 -> 67.17 | AB23: =IF(AND(E23=0,W23>$AG$1,Y23<>0,Y23<$AG$2,Z23>$AG$3,AA23<$AG$5,X23>$AG$4),1,0) -> 0
A24: =VLOOKUP(B24,'Reference table'!A$2:D$195,4,FALSE) -> AMR | B24: ='Processed HWF'!A24 -> Bolivia | C24: ='Processed HWF'!M24 -> 25.872321 | D24: ='Processed HWF'!N24 -> 66.75 | E24: =IF(AND(C24<H$4,Results!D24<50),1,0) -> 0 | F24: =IF(AND(A24="AFR",E24=1),1,0) -> 0 | K24: Lesotho | V24: ='Processed HWF'!A24 -> Bolivia | W24: ='Processed HWF'!I24 -> 26573.619 | X24: ='Processed HWF'!K24 -> 0.76080207 | Y24: ='Processed HWF'!O24 -> 0.40640268 | Z24: ='Processed HWF'!P24 -> 0.0061753037 | AA24: ='Processed HWF'!N24 -> 66.75 | AB24: =IF(AND(E24=0,W24>$AG$1,Y24<>0,Y24<$AG$2,Z24>$AG$3,AA24<$AG$5,X24>$AG$4),1,0) -> 0
A25: =VLOOKUP(B25,'Reference table'!A$2:D$195,4,FALSE) -> AMR | B25: ='Processed HWF'!A25 -> Brazil | C25: ='Processed HWF'!M25 -> 97.13739 | D25: ='Processed HWF'!N25 -> 75.03 | E25: =IF(AND(C25<H$4,Results!D25<50),1,0) -> 0 | F25: =IF(AND(A25="AFR",E25=1),1,0) -> 0 | K25: Liberia | V25: ='Processed HWF'!A25 -> Brazil | W25: ='Processed HWF'!I25 -> 0 | X25: ='Processed HWF'!K25 -> 0 | Y25: ='Processed HWF'!O25 -> 0.67275307 | Z25: ='Processed HWF'!P25 -> 0 | AA25: ='Processed HWF'!N25 -> 75.03 | AB25: =IF(AND(E25=0,W25>$AG$1,Y25<>0,Y25<$AG$2,Z25>$AG$3,AA25<$AG$5,X25>$AG$4),1,0) -> 0
A26: =VLOOKUP(B26,'Reference table'!A$2:D$195,4,FALSE) -> AMR | B26: ='Processed HWF'!A26 -> Barbados | C26: ='Processed HWF'!M26 -> 60.557792 | D26: ='Processed HWF'!N26 -> 74.46 | E26: =IF(AND(C26<H$4,Results!D26<50),1,0) -> 0 | F26: =IF(AND(A26="AFR",E26=1),1,0) -> 0 | K26: Madagascar | V26: ='Processed HWF'!A26 -> Barbados | W26: ='Processed HWF'!I26 -> 11.458291 | X26: ='Processed HWF'!K26 -> 0.0054832915 | Y26: ='Processed HWF'!O26 -> 0.50062462 | Z26: ='Processed HWF'!P26 -> 0.014246772 | AA26: ='Processed HWF'!N26 -> 74.46 | AB26: =IF(AND(E26=0,W26>$AG$1,Y26<>0,Y26<$AG$2,Z26>$AG$3,AA26<$AG$5,X26>$AG$4),1,0) -> 0
A27: =VLOOKUP(B27,'Reference table'!A$2:D$195,4,FALSE) -> WPR | B27: ='Processed HWF'!A27 -> Brunei Darussalam | C27: ='Processed HWF'!M27 -> 75.070095 | D27: ='Processed HWF'!N27 -> 76.81 | E27: =IF(AND(C27<H$4,Results!D27<50),1,0) -> 0 | F27: =IF(AND(A27="AFR",E27=1),1,0) -> 0 | K27: Malawi | V27: ='Processed HWF'!A27 -> Brunei Darussalam | W27: ='Processed HWF'!I27 -> 13.204123 | X27: ='Processed HWF'!K27 -> 0.0038051324 | Y27: ='Processed HWF'!O27 -> 0.91834579 | Z27: ='Processed HWF'!P27 -> 0 | AA27: ='Processed HWF'!N27 -> 76.81 | AB27: =IF(AND(E27=0,W27>$AG$1,Y27<>0,Y27<$AG$2,Z27>$AG$3,AA27<$AG$5,X27>$AG$4),1,0) -> 0
A28: =VLOOKUP(B28,'Reference table'!A$2:D$195,4,FALSE) -> SEAR | B28: ='Processed HWF'!A28 -> Bhutan | C28: ='Processed HWF'!M28 -> 25.764245 | D28: ='Processed HWF'!N28 -> 62.39 | E28: =IF(AND(C28<H$4,Results!D28<50),1,0) -> 0 | F28: =IF(AND(A28="AFR",E28=1),1,0) -> 0 | K28: Mali | V28: ='Processed HWF'!A28 -> Bhutan | W28: ='Processed HWF'!I28 -> 2299.6069 | X28: ='Processed HWF'!K28 -> 1.0898667 | Y28: ='Processed HWF'!O28 -> 0.73609527 | Z28: ='Processed HWF'!P28 -> 0 | AA28: ='Processed HWF'!N28 -> 62.39 | AB28: =IF(AND(E28=0,W28>$AG$1,Y28<>0,Y28<$AG$2,Z28>$AG$3,AA28<$AG$5,X28>$AG$4),1,0) -> 0
A29: =VLOOKUP(B29,'Reference table'!A$2:D$195,4,FALSE) -> AFR | B29: ='Processed HWF'!A29 -> Botswana | C29: ='Processed HWF'!M29 -> 58.3523 | D29: ='Processed HWF'!N29 -> 53.66 | E29: =IF(AND(C29<H$4,Results!D29<50),1,0) -> 0 | F29: =IF(AND(A29="AFR",E29=1),1,0) -> 0 | K29: Mauritania | V29: ='Processed HWF'!A29 -> Botswana | W29: ='Processed HWF'!I29 -> 3396.8843 | X29: ='Processed HWF'!K29 -> 0.23579746 | Y29: ='Processed HWF'!O29 -> 0.43968325 | Z29: ='Processed HWF'!P29 -> 0.019312148 | AA29: ='Processed HWF'!N29 -> 53.66 | AB29: =IF(AND(E29=0,W29>$AG$1,Y29<>0,Y29<$AG$2,Z29>$AG$3,AA29<$AG$5,X29>$AG$4),1,0) -> 0
A30: =VLOOKUP(B30,'Reference table'!A$2:D$195,4,FALSE) -> AFR | B30: ='Processed HWF'!A30 -> Central African Republic | C30: ='Processed HWF'!M30 -> 3.2787762 | D30: ='Processed HWF'!N30 -> 32.46 | E30: =IF(AND(C30<H$4,Results!D30<50),1,0) -> 1 | F30: =IF(AND(A30="AFR",E30=1),1,0) -> 1 | K30: Micronesia, Federated States of | V30: ='Processed HWF'!A30 -> Central African Republic | W30: ='Processed HWF'!I30 -> 30721.564 | X30: ='Processed HWF'!K30 -> 18.833914 | Y30: ='Processed HWF'!O30 -> 0.095804829 | Z30: ='Processed HWF'!P30 -> 1.1143202 | AA30: ='Processed HWF'!N30 -> 32.46 | AB30: =IF(AND(E30=0,W30>$AG$1,Y30<>0,Y30<$AG$2,Z30>$AG$3,AA30<$AG$5,X30>$AG$4),1,0) -> 0
... A43: =VLOOKUP(B43,'Reference table'!A$2:D$195,4,FALSE) -> AMR | B43: ='Processed HWF'!A43 -> Costa Rica | C43: ='Processed HWF'!M43 -> 71.021183 | D43: ='Processed HWF'!N43 -> 78.21 | E43: =IF(AND(C43<H$4,Results!D43<50),1,0) -> 0 | F43: =IF(AND(A43="AFR",E43=1),1,0) -> 0 | K43: Yemen | V43: ='Processed HWF'!A43 -> Costa Rica | W43: ='Processed HWF'!I43 -> 0 | X43: ='Processed HWF'!K43 -> 0 | Y43: ='Processed HWF'!O43 -> 0.69617155 | Z43: ='Processed HWF'!P43 -> 0 | AA43: ='Processed HWF'!N43 -> 78.21 | AB43: =IF(AND(E43=0,W43>$AG$1,Y43<>0,Y43<$AG$2,Z43>$AG$3,AA43<$AG$5,X43>$AG$4),1,0) -> 0
A44: =VLOOKUP(B44,'Reference table'!A$2:D$195,4,FALSE) -> AMR | B44: ='Processed HWF'!A44 -> Cuba | C44: ='Processed HWF'!M44 -> 164.65097 | D44: ='Processed HWF'!N44 -> 79.67 | E44: =IF(AND(C44<H$4,Results!D44<50),1,0) -> 0 | F44: =IF(AND(A44="AFR",E44=1),1,0) -> 0 | V44: ='Processed HWF'!A44 -> Cuba | W44: ='Processed HWF'!I44 -> 0 | X44: ='Processed HWF'!K44 -> 0 | Y44: ='Processed HWF'!O44 -> 0.85605595 | Z44: ='Processed HWF'!P44 -> 0 | AA44: ='Processed HWF'!N44 -> 79.67 | AB44: =IF(AND(E44=0,W44>$AG$1,Y44<>0,Y44<$AG$2,Z44>$AG$3,AA44<$AG$5,X44>$AG$4),1,0) -> 0
A45: =VLOOKUP(B45,'Reference table'!A$2:D$195,4,FALSE) -> EUR | B45: ='Processed HWF'!A45 -> Cyprus | C45: ='Processed HWF'!M45 -> 86.745233 | D45: ='Processed HWF'!N45 -> 78.74 | E45: =IF(AND(C45<H$4,Results!D45<50),1,0) -> 0 | F45: =IF(AND(A45="AFR",E45=1),1,0) -> 0 | V45: ='Processed HWF'!A45 -> Cyprus | W45: ='Processed HWF'!I45 -> 147.24223 | X45: ='Processed HWF'!K45 -> 0.012045569 | Y45: ='Processed HWF'!O45 -> 0.69261547 | Z45: ='Processed HWF'!P45 -> 0 | AA45: ='Processed HWF'!N45 -> 78.74 | AB45: =IF(AND(E45=0,W45>$AG$1,Y45<>0,Y45<$AG$2,Z45>$AG$3,AA45<$AG$5,X45>$AG$4),1,0) -> 0
A46: =VLOOKUP(B46,'Reference table'!A$2:D$195,4,FALSE) -> EUR | B46: ='Processed HWF'!A46 -> Czech Republic | C46: ='Processed HWF'!M46 -> 130.81963 | D46: ='Processed HWF'!N46 -> 78.37 | E46: =IF(AND(C46<H$4,Results!D46<50),1,0) -> 0 | F46: =IF(AND(A46="AFR",E46=1),1,0) -> 0 | V46: ='Processed HWF'!A46 -> Czech Republic | W46: ='Processed HWF'!I46 -> 0 | X46: ='Processed HWF'!K46 -> 0 | Y46: ='Processed HWF'!O46 -> 0.58860556 | Z46: ='Processed HWF'!P46 -> 0 | AA46: ='Processed HWF'!N46 -> 78.37 | AB46: =IF(AND(E46=0,W46>$AG$1,Y46<>0,Y46<$AG$2,Z46>$AG$3,AA46<$AG$5,X46>$AG$4),1,0) -> 0
A47: =VLOOKUP(B47,'Reference table'!A$2:D$195,4,FALSE) -> EUR | B47: ='Processed HWF'!A47 -> Germany | C47: ='Processed HWF'!M47 -> 186.2553 | D47: ='Processed HWF'!N47 -> 85.84 | E47: =IF(AND(C47<H$4,Results!D47<50),1,0) -> 0 | F47: =IF(AND(A47="AFR",E47=1),1,0) -> 0 | V47: ='Processed HWF'!A47 -> Germany | W47: ='Processed HWF'!I47 -> 8227.5166 | X47: ='Processed HWF'!K47 -> 0.0048758388 | Y47: ='Processed HWF'!O47 -> 0.67612699 | Z47: ='Processed HWF'!P47 -> 0 | AA47: ='Processed HWF'!N47 -> 85.84 | AB47: =IF(AND(E47=0,W47>$AG$1,Y47<>0,Y47<$AG$2,Z47>$AG$3,AA47<$AG$5,X47>$AG$4),1,0) -> 0
A48: =VLOOKUP(B48,'Reference table'!A$2:D$195,4,FALSE) -> EMR | B48: ='Processed HWF'!A48 -> Djibouti | C48: ='Processed HWF'!M48 -> 9.5247949 | D48: ='Processed HWF'!N48 -> 48.14 | E48: =IF(AND(C48<H$4,Results!D48<50),1,0) -> 1 | F48: =IF(AND(A48="AFR",E48=1),1,0) -> 0 | V48: ='Processed HWF'!A48 -> Djibouti | W48: ='Processed HWF'!I48 -> 5578.7021 | X48: ='Processed HWF'!K48 -> 4.6769704 | Y48: ='Processed HWF'!O48 -> 0.081762146 | Z48: ='Processed HWF'!P48 -> 0.22109117 | AA48: ='Processed HWF'!N48 -> 48.14 | AB48: =IF(AND(E48=0,W48>$AG$1,Y48<>0,Y48<$AG$2,Z48>$AG$3,AA48<$AG$5,X48>$AG$4),1,0) -> 0
A49: =VLOOKUP(B49,'Reference table'!A$2:D$195,4,FALSE) -> AMR | B49: ='Processed HWF'!A49 -> Dominica | C49: ='Processed HWF'!M49 -> 76.341424 | D49: ='Processed HWF'!N49 -> 66.68 | E49: =IF(AND(C49<H$4,Results!D49<50),1,0) -> 0 | F49: =IF(AND(A49="AFR",E49=1),1,0) -> 0 | V49: ='Processed HWF'!A49 -> Dominica | W49: ='Processed HWF'!I49 -> 21.746841 | X49: ='Processed HWF'!K49 -> 0.037739883 | Y49: ='Processed HWF'!O49 -> 0.39624397 | Z49: ='Processed HWF'!P49 -> 0.03530939 | AA49: ='Processed HWF'!N49 -> 66.68 | AB49: =IF(AND(E49=0,W49>$AG$1,Y49<>0,Y49<$AG$2,Z49>$AG$3,AA49<$AG$5,X49>$AG$4),1,0) -> 0
A50: =VLOOKUP(B50,'Reference table'!A$2:D$195,4,FALSE) -> EUR | B50: ='Processed HWF'!A50 -> Denmark | C50: ='Processed HWF'!M50 -> 147.60095 | D50: ='Processed HWF'!N50 -> 84.89 | E50: =IF(AND(C50<H$4,Results!D50<50),1,0) -> 0 | F50: =IF(AND(A50="AFR",E50=1),1,0) -> 0 | K50: Afghanistan | V50: ='Processed HWF'!A50 -> Denmark | W50: ='Processed HWF'!I50 -> 123.87114 | X50: ='Processed HWF'!K50 -> 0.0013342971 | Y50: ='Processed HWF'!O50 -> 0.86542987 | Z50: ='Processed HWF'!P50 -> 0 | AA50: ='Processed HWF'!N50 -> 84.89 | AB50: =IF(AND(E50=0,W50>$AG$1,Y50<>0,Y50<$AG$2,Z50>$AG$3,AA50<$AG$5,X50>$AG$4),1,0) -> 0
A51: =VLOOKUP(B51,'Reference table'!A$2:D$195,4,FALSE) -> AMR | B51: ='Processed HWF'!A51 -> Dominican Republic | C51: ='Processed HWF'!M51 -> 33.517448 | D51: ='Processed HWF'!N51 -> 65.72 | E51: =IF(AND(C51<H$4,Results!D51<50),1,0) -> 0 | F51: =IF(AND(A51="AFR",E51=1),1,0) -> 0 | K51: Angola | V51: ='Processed HWF'!A51 -> Dominican Republic | W51: ='Processed HWF'!I51 -> 23369.627 | X51: ='Processed HWF'!K51 -> 0.58198287 | Y51: ='Processed HWF'!O51 -> 0.52706014 | Z51: ='Processed HWF'!P51 -> 0.0057669407 | AA51: ='Processed HWF'!N51 -> 65.72 | AB51: =IF(AND(E51=0,W51>$AG$1,Y51<>0,Y51<$AG$2,Z51>$AG$3,AA51<$AG$5,X51>$AG$4),1,0) -> 0
A52: =VLOOKUP(B52,'Reference table'!A$2:D$195,4,FALSE) -> AFR | B52: ='Processed HWF'!A52 -> Algeria | C52: ='Processed HWF'!M52 -> 32.692653 | D52: ='Processed HWF'!N52 -> 74.99 | E52: =IF(AND(C52<H$4,Results!D52<50),1,0) -> 0 | F52: =IF(AND(A52="AFR",E52=1),1,0) -> 0 | K52: Burundi | V52: ='Processed HWF'!A52 -> Algeria | W52: ='Processed HWF'!I52 -> 122077.64 | X52: ='Processed HWF'!K52 -> 0.68220963 | Y52: ='Processed HWF'!O52 -> 0.1314246 | Z52: ='Processed HWF'!P52 -> 0.035642571 | AA52: ='Processed HWF'!N52 -> 74.99 | AB52: =IF(AND(E52=0,W52>$AG$1,Y52<>0,Y52<$AG$2,Z52>$AG$3,AA52<$AG$5,X52>$AG$4),1,0) -> 0
A53: =VLOOKUP(B53,'Reference table'!A$2:D$195,4,FALSE) -> AMR | B53: ='Processed HWF'!A53 -> Ecuador | C53: ='Processed HWF'!M53 -> 47.21603 | D53: ='Processed HWF'!N53 -> 80.34 | E53: =IF(AND(C53<H$4,Results!D53<50),1,0) -> 0 | F53: =IF(AND(A53="AFR",E53=1),1,0) -> 0 | K53: Benin | V53: ='Processed HWF'!A53 -> Ecuador | W53: ='Processed HWF'!I53 -> 16565.572 | X53: ='Processed HWF'!K53 -> 0.18545692 | Y53: ='Processed HWF'!O53 -> 0.72450994 | Z53: ='Processed HWF'!P53 -> 0 | AA53: ='Processed HWF'!N53 -> 80.34 | AB53: =IF(AND(E53=0,W53>$AG$1,Y53<>0,Y53<$AG$2,Z53>$AG$3,AA53<$AG$5,X53>$AG$4),1,0) -> 0
A54: =VLOOKUP(B54,'Reference table'!A$2:D$195,4,FALSE) -> EMR | B54: ='Processed HWF'!A54 -> Egypt | C54: ='Processed HWF'!M54 -> 26.758459 | D54: ='Processed HWF'!N54 -> 69.8 | E54: =IF(AND(C54<H$4,Results!D54<50),1,0) -> 0 | F54: =IF(AND(A54="AFR",E54=1),1,0) -> 0 | K54: Burkina Faso | V54: ='Processed HWF'!A54 -> Egypt | W54: ='Processed HWF'!I54 -> 247632.22 | X54: ='Processed HWF'!K54 -> 0.72581011 | Y54: ='Processed HWF'!O54 -> 0.2302033 | Z54: ='Processed HWF'!P54 -> 0.035751066 | AA54: ='Processed HWF'!N54 -> 69.8 | AB54: =IF(AND(E54=0,W54>$AG$1,Y54<>0,Y54<$AG$2,Z54>$AG$3,AA54<$AG$5,X54>$AG$4),1,0) -> 0
A55: =VLOOKUP(B55,'Reference table'!A$2:D$195,4,FALSE) -> AFR | B55: ='Processed HWF'!A55 -> Eritrea | C55: ='Processed HWF'!M55 -> 15.217567 | D55: ='Processed HWF'!N55 -> 49.8 | E55: =IF(AND(C55<H$4,Results!D55<50),1,0) -> 1 | F55: =IF(AND(A55="AFR",E55=1),1,0) -> 1 | K55: Central African Republic | V55: ='Processed HWF'!A55 -> Eritrea | W55: ='Processed HWF'!I55 -> 15542.936 | X55: ='Processed HWF'!K55 -> 2.5686291 | Y55: ='Processed HWF'!O55 -> 0 | Z55: ='Processed HWF'!P55 -> 0.16781226 | AA55: ='Processed HWF'!N55 -> 49.8 | AB55: =IF(AND(E55=0,W55>$AG$1,Y55<>0,Y55<$AG$2,Z55>$AG$3,AA55<$AG$5,X55>$AG$4),1,0) -> 0
A56: =VLOOKUP(B56,'Reference table'!A$2:D$195,4,FALSE) -> EUR | B56: ='Processed HWF'!A56 -> Spain | C56: ='Processed HWF'!M56 -> 105.93876 | D56: ='Processed HWF'!N56 -> 85.56 | E56: =IF(AND(C56<H$4,Results!D56<50),1,0) -> 0 | F56: =IF(AND(A56="AFR",E56=1),1,0) -> 0 | K56: Cote d'Ivoire | V56: ='Processed HWF'!A56 -> Spain | W56: ='Processed HWF'!I56 -> 9917.0039 | X56: ='Processed HWF'!K56 -> 0.016741232 | Y56: ='Processed HWF'!O56 -> 0.7119262 | Z56: ='Processed HWF'!P56 -> 0 | AA56: ='Processed HWF'!N56 -> 85.56 | AB56: =IF(AND(E56=0,W56>$AG$1,Y56<>0,Y56<$AG$2,Z56>$AG$3,AA56<$AG$5,X56>$AG$4),1,0) -> 0
A57: =VLOOKUP(B57,'Reference table'!A$2:D$195,4,FALSE) -> EUR | B57: ='Processed HWF'!A57 -> Estonia | C57: ='Processed HWF'!M57 -> 100.79591 | D57: ='Processed HWF'!N57 -> 77.57 | E57: =IF(AND(C57<H$4,Results!D57<50),1,0) -> 0 | F57: =IF(AND(A57="AFR",E57=1),1,0) -> 0 | K57: Cameroon | V57: ='Processed HWF'!A57 -> Estonia | W57: ='Processed HWF'!I57 -> 30.911581 | X57: ='Processed HWF'!K57 -> 0.0019781592 | Y57: ='Processed HWF'!O57 -> 0.54592859 | Z57: ='Processed HWF'!P57 -> 0 | AA57: ='Processed HWF'!N57 -> 77.57 | AB57: =IF(AND(E57=0,W57>$AG$1,Y57<>0,Y57<$AG$2,Z57>$AG$3,AA57<$AG$5,X57>$AG$4),1,0) -> 0
A58: =VLOOKUP(B58,'Reference table'!A$2:D$195,4,FALSE) -> AFR | B58: ='Processed HWF'!A58 -> Ethiopia | C58: ='Processed HWF'!M58 -> 8.9002606 | D58: ='Processed HWF'!N58 -> 38.13 | E58: =IF(AND(C58<H$4,Results!D58<50),1,0) -> 1 | F58: =IF(AND(A58="AFR",E58=1),1,0) -> 1 | K58: Democratic Republic of the Congo | V58: ='Processed HWF'!A58 -> Ethiopia | W58: ='Processed HWF'!I58 -> 694999.75 | X58: ='Processed HWF'!K58 -> 6.4387117 | Y58: ='Processed HWF'!O58 -> 0.035029517 | Z58: ='Processed HWF'!P58 -> 0.34166192 | AA58: ='Processed HWF'!N58 -> 38.13 | AB58: =IF(AND(E58=0,W58>$AG$1,Y58<>0,Y58<$AG$2,Z58>$AG$3,AA58<$AG$5,X58>$AG$4),1,0) -> 0
A59: =VLOOKUP(B59,'Reference table'!A$2:D$195,4,FALSE) -> EUR | B59: ='Processed HWF'!A59 -> Finland | C59: ='Processed HWF'!M59 -> 269.48432 | D59: ='Processed HWF'!N59 -> 83.24 | E59: =IF(AND(C59<H$4,Results!D59<50),1,0) -> 0 | F59: =IF(AND(A59="AFR",E59=1),1,0) -> 0 | K59: Congo | V59: ='Processed HWF'!A59 -> Finland | W59: ='Processed HWF'!I59 -> 0 | X59: ='Processed HWF'!K59 -> 0 | Y59: ='Processed HWF'!O59 -> 0.7524681 | Z59: ='Processed HWF'!P59 -> 0 | AA59: ='Processed HWF'!N59 -> 83.24 | AB59: =IF(AND(E59=0,W59>$AG$1,Y59<>0,Y59<$AG$2,Z59>$AG$3,AA59<$AG$5,X59>$AG$4),1,0) -> 0
A60: =VLOOKUP(B60,'Reference table'!A$2:D$195,4,FALSE) -> WPR | B60: ='Processed HWF'!A60 -> Fiji | C60: ='Processed HWF'!M60 -> 48.197238 | D60: ='Processed HWF'!N60 -> 60.96 | E60: =IF(AND(C60<H$4,Results!D60<50),1,0) -> 0 | F60: =IF(AND(A60="AFR",E60=1),1,0) -> 0 | K60: Comoros | V60: ='Processed HWF'!A60 -> Fiji | W60: ='Processed HWF'!I60 -> 727.46729 | X60: ='Processed HWF'!K60 -> 0.16071513 | Y60: ='Processed HWF'!O60 -> 0.68222144 | Z60: ='Processed HWF'!P60 -> 0 | AA60: ='Processed HWF'!N60 -> 60.96 | AB60: =IF(AND(E60=0,W60>$AG$1,Y60<>0,Y60<$AG$2,Z60>$AG$3,AA60<$AG$5,X60>$AG$4),1,0) -> 0
A61: =VLOOKUP(B61,'Reference table'!A$2:D$195,4,FALSE) -> EUR | B61: ='Processed HWF'!A61 -> France | C61: ='Processed HWF'!M61 -> 150.63702 | D61: ='Processed HWF'!N61 -> 83.91 | E61: =IF(AND(C61<H$4,Results!D61<50),1,0) -> 0 | F61: =IF(AND(A61="AFR",E61=1),1,0) -> 0 | K61: Djibouti | V61: ='Processed HWF'!A61 -> France | W61: ='Processed HWF'!I61 -> 2040.2776 | X61: ='Processed HWF'!K61 -> 0.001862935 | Y61: ='Processed HWF'!O61 -> 0.75706704 | Z61: ='Processed HWF'!P61 -> 0 | AA61: ='Processed HWF'!N61 -> 83.91 | AB61: =IF(AND(E61=0,W61>$AG$1,Y61<>0,Y61<$AG$2,Z61>$AG$3,AA61<$AG$5,X61>$AG$4),1,0) -> 0
... A91: =VLOOKUP(B91,'Reference table'!A$2:D$195,4,FALSE) -> AFR | B91: ='Processed HWF'!A91 -> Kenya | C91: ='Processed HWF'!M91 -> 13.218482 | D91: ='Processed HWF'!N91 -> 55.95 | E91: =IF(AND(C91<H$4,Results!D91<50),1,0) -> 0 | F91: =IF(AND(A91="AFR",E91=1),1,0) -> 0 | K91: Yemen | V91: ='Processed HWF'!A91 -> Kenya | W91: ='Processed HWF'!I91 -> 262302.56 | X91: ='Processed HWF'!K91 -> 3.5728785 | Y91: ='Processed HWF'!O91 -> 0.08524695 | Z91: ='Processed HWF'!P91 -> 0.15836786 | AA91: ='Processed HWF'!N91 -> 55.95 | AB91: =IF(AND(E91=0,W91>$AG$1,Y91<>0,Y91<$AG$2,Z91>$AG$3,AA91<$AG$5,X91>$AG$4),1,0) -> 1
A92: =VLOOKUP(B92,'Reference table'!A$2:D$195,4,FALSE) -> EUR | B92: ='Processed HWF'!A92 -> Kyrgyzstan | C92: ='Processed HWF'!M92 -> 78.156991 | D92: ='Processed HWF'!N92 -> 70.32 | E92: =IF(AND(C92<H$4,Results!D92<50),1,0) -> 0 | F92: =IF(AND(A92="AFR",E92=1),1,0) -> 0 | V92: ='Processed HWF'!A92 -> Kyrgyzstan | W92: ='Processed HWF'!I92 -> 1220.4401 | X92: ='Processed HWF'!K92 -> 0.023260651 | Y92: ='Processed HWF'!O92 -> 0.15245507 | Z92: ='Processed HWF'!P92 -> 0.018740877 | AA92: ='Processed HWF'!N92 -> 70.32 | AB92: =IF(AND(E92=0,W92>$AG$1,Y92<>0,Y92<$AG$2,Z92>$AG$3,AA92<$AG$5,X92>$AG$4),1,0) -> 0
A93: =VLOOKUP(B93,'Reference table'!A$2:D$195,4,FALSE) -> WPR | B93: ='Processed HWF'!A93 -> Cambodia | C93: ='Processed HWF'!M93 -> 11.991456 | D93: ='Processed HWF'!N93 -> 61.18 | E93: =IF(AND(C93<H$4,Results!D93<50),1,0) -> 0 | F93: =IF(AND(A93="AFR",E93=1),1,0) -> 0 | V93: ='Processed HWF'!A93 -> Cambodia | W93: ='Processed HWF'!I93 -> 81789.211 | X93: ='Processed HWF'!K93 -> 3.7088199 | Y93: ='Processed HWF'!O93 -> 0.81835305 | Z93: ='Processed HWF'!P93 -> 0 | AA93: ='Processed HWF'!N93 -> 61.18 | AB93: =IF(AND(E93=0,W93>$AG$1,Y93<>0,Y93<$AG$2,Z93>$AG$3,AA93<$AG$5,X93>$AG$4),1,0) -> 0
A94: =VLOOKUP(B94,'Reference table'!A$2:D$195,4,FALSE) -> WPR | B94: ='Processed HWF'!A94 -> Kiribati | C94: ='Processed HWF'!M94 -> 40.280912 | D94: ='Processed HWF'!N94 -> 51.22 | E94: =IF(AND(C94<H$4,Results!D94<50),1,0) -> 0 | F94: =IF(AND(A94="AFR",E94=1),1,0) -> 0 | V94: ='Processed HWF'!A94 -> Kiribati | W94: ='Processed HWF'!I94 -> 204.39143 | X94: ='Processed HWF'!K94 -> 0.41473186 | Y94: ='Processed HWF'!O94 -> 0.33934148 | Z94: ='Processed HWF'!P94 -> 0 | AA94: ='Processed HWF'!N94 -> 51.22 | AB94: =IF(AND(E94=0,W94>$AG$1,Y94<>0,Y94<$AG$2,Z94>$AG$3,AA94<$AG$5,X94>$AG$4),1,0) -> 0
A95: =VLOOKUP(B95,'Reference table'!A$2:D$195,4,FALSE) -> AMR | B95: ='Processed HWF'!A95 -> Saint Kitts and Nevis | C95: ='Processed HWF'!M95 -> 74.134664 | D95: ='Processed HWF'!N95 -> 71.75 | E95: =IF(AND(C95<H$4,Results!D95<50),1,0) -> 0 | F95: =IF(AND(A95="AFR",E95=1),1,0) -> 0 | V95: ='Processed HWF'!A95 -> Saint Kitts and Nevis | W95: ='Processed HWF'!I95 -> 0 | X95: ='Processed HWF'!K95 -> 0 | Y95: ='Processed HWF'!O95 -> 0.48482855 | Z95: ='Processed HWF'!P95 -> 0.0090686219 | AA95: ='Processed HWF'!N95 -> 71.75 | AB95: =IF(AND(E95=0,W95>$AG$1,Y95<>0,Y95<$AG$2,Z95>$AG$3,AA95<$AG$5,X95>$AG$4),1,0) -> 0
A96: =VLOOKUP(B96,'Reference table'!A$2:D$195,4,FALSE) -> WPR | B96: ='Processed HWF'!A96 -> Republic of Korea | C96: ='Processed HWF'!M96 -> 106.67949 | D96: ='Processed HWF'!N96 -> 87.09 | E96: =IF(AND(C96<H$4,Results!D96<50),1,0) -> 0 | F96: =IF(AND(A96="AFR",E96=1),1,0) -> 0 | V96: ='Processed HWF'!A96 -> Republic of Korea | W96: ='Processed HWF'!I96 -> 14386.375 | X96: ='Processed HWF'!K96 -> 0.023489783 | Y96: ='Processed HWF'!O96 -> 0.83930435 | Z96: ='Processed HWF'!P96 -> 0 | AA96: ='Processed HWF'!N96 -> 87.09 | AB96: =IF(AND(E96=0,W96>$AG$1,Y96<>0,Y96<$AG$2,Z96>$AG$3,AA96<$AG$5,X96>$AG$4),1,0) -> 0
A97: =VLOOKUP(B97,'Reference table'!A$2:D$195,4,FALSE) -> EMR | B97: ='Processed HWF'!A97 -> Kuwait | C97: ='Processed HWF'!M97 -> 75.429846 | D97: ='Processed HWF'!N97 -> 69.56 | E97: =IF(AND(C97<H$4,Results!D97<50),1,0) -> 0 | F97: =IF(AND(A97="AFR",E97=1),1,0) -> 0 | V97: ='Processed HWF'!A97 -> Kuwait | W97: ='Processed HWF'!I97 -> 0 | X97: ='Processed HWF'!K97 -> 0 | Y97: ='Processed HWF'!O97 -> 0.75738443 | Z97: ='Processed HWF'!P97 -> 0 | AA97: ='Processed HWF'!N97 -> 69.56 | AB97: =IF(AND(E97=0,W97>$AG$1,Y97<>0,Y97<$AG$2,Z97>$AG$3,AA97<$AG$5,X97>$AG$4),1,0) -> 0
A98: =VLOOKUP(B98,'Reference table'!A$2:D$195,4,FALSE) -> WPR | B98: ='Processed HWF'!A98 -> Lao People's Democratic Republic | C98: ='Processed HWF'!M98 -> 15.442119 | D98: ='Processed HWF'!N98 -> 50.21 | E98: =IF(AND(C98<H$4,Results!D98<50),1,0) -> 0 | F98: =IF(AND(A98="AFR",E98=1),1,0) -> 0 | V98: ='Processed HWF'!A98 -> Lao People's Democratic Republic | W98: ='Processed HWF'!I98 -> 30568.799 | X98: ='Processed HWF'!K98 -> 2.2714208 | Y98: ='Processed HWF'!O98 -> 0.42594701 | Z98: ='Processed HWF'!P98 -> 0.034647437 | AA98: ='Processed HWF'!N98 -> 50.21 | AB98: =IF(AND(E98=0,W98>$AG$1,Y98<>0,Y98<$AG$2,Z98>$AG$3,AA98<$AG$5,X98>$AG$4),1,0) -> 0
A99: =VLOOKUP(B99,'Reference table'!A$2:D$195,4,FALSE) -> EMR | B99: ='Processed HWF'!A99 -> Lebanon | C99: ='Processed HWF'!M99 -> 38.805336 | D99: ='Processed HWF'!N99 -> 71.98 | E99: =IF(AND(C99<H$4,Results!D99<50),1,0) -> 0 | F99: =IF(AND(A99="AFR",E99=1),1,0) -> 0 | V99: ='Processed HWF'!A99 -> Lebanon | W99: ='Processed HWF'!I99 -> 17547.574 | X99: ='Processed HWF'!K99 -> 0.41506395 | Y99: ='Processed HWF'!O99 -> 0.29145616 | Z99: ='Processed HWF'!P99 -> 0.0090497275 | AA99: ='Processed HWF'!N99 -> 71.98 | AB99: =IF(AND(E99=0,W99>$AG$1,Y99<>0,Y99<$AG$2,Z99>$AG$3,AA99<$AG$5,X99>$AG$4),1,0) -> 0
A100: =VLOOKUP(B100,'Reference table'!A$2:D$195,4,FALSE) -> AFR | B100: ='Processed HWF'!A100 -> Liberia | C100: ='Processed HWF'!M100 -> 20.047828 | D100: ='Processed HWF'!N100 -> 41.87 | E100: =IF(AND(C100<H$4,Results!D100<50),1,0) -> 1 | F100: =IF(AND(A100="AFR",E100=1),1,0) -> 1 | V100: ='Processed HWF'!A100 -> Liberia | W100: ='Processed HWF'!I100 -> 18548.809 | X100: ='Processed HWF'!K100 -> 1.645744 | Y100: ='Processed HWF'!O100 -> 0.19514378 | Z100: ='Processed HWF'!P100 -> 0.4579728 | AA100: ='Processed HWF'!N100 -> 41.87 | AB100: =IF(AND(E100=0,W100>$AG$1,Y100<>0,Y100<$AG$2,Z100>$AG$3,AA100<$AG$5,X100>$AG$4),1,0) -> 0
A101: =VLOOKUP(B101,'Reference table'!A$2:D$195,4,FALSE) -> EMR | B101: ='Processed HWF'!A101 -> Libyan Arab Jamahiriya | C101: ='Processed HWF'!M101 -> 86.209371 | D101: ='Processed HWF'!N101 -> 59.66 | E101: =IF(AND(C101<H$4,Results!D101<50),1,0) -> 0 | F101: =IF(AND(A101="AFR",E101=1),1,0) -> 0 | V101: ='Processed HWF'!A101 -> Libyan Arab Jamahiriya | W101: ='Processed HWF'!I101 -> 2193.635 | X101: ='Processed HWF'!K101 -> 0.031609171 | Y101: ='Processed HWF'!O101 -> 0.13480667 | Z101: ='Processed HWF'!P101 -> 0.018107826 | AA101: ='Processed HWF'!N101 -> 59.66 | AB101: =IF(AND(E101=0,W101>$AG$1,Y101<>0,Y101<$AG$2,Z101>$AG$3,AA101<$AG$5,X101>$AG$4),1,0) -> 0
A102: =VLOOKUP(B102,'Reference table'!A$2:D$195,4,FALSE) -> AMR | B102: ='Processed HWF'!A102 -> Saint Lucia | C102: ='Processed HWF'!M102 -> 37.96524 | D102: ='Processed HWF'!N102 -> 71.6 | E102: =IF(AND(C102<H$4,Results!D102<50),1,0) -> 0 | F102: =IF(AND(A102="AFR",E102=1),1,0) -> 0 | V102: ='Processed HWF'!A102 -> Saint Lucia | W102: ='Processed HWF'!I102 -> 257.4072 | X102: ='Processed HWF'!K102 -> 0.31827052 | Y102: ='Processed HWF'!O102 -> 0.26988406 | Z102: ='Processed HWF'!P102 -> 0.017238921 | AA102: ='Processed HWF'!N102 -> 71.6 | AB102: =IF(AND(E102=0,W102>$AG$1,Y102<>0,Y102<$AG$2,Z102>$AG$3,AA102<$AG$5,X102>$AG$4),1,0) -> 0
A103: =VLOOKUP(B103,'Reference table'!A$2:D$195,4,FALSE) -> SEAR | B103: ='Processed HWF'!A103 -> Sri Lanka | C103: ='Processed HWF'!M103 -> 37.266355 | D103: ='Processed HWF'!N103 -> 66.8 | E103: =IF(AND(C103<H$4,Results!D103<50),1,0) -> 0 | F103: =IF(AND(A103="AFR",E103=1),1,0) -> 0 | V103: ='Processed HWF'!A103 -> Sri Lanka | W103: ='Processed HWF'!I103 -> 38524.625 | X103: ='Processed HWF'!K103 -> 0.45710745 | Y103: ='Processed HWF'!O103 -> 0.64683524 | Z103: ='Processed HWF'!P103 -> 0.00051392154 | AA103: ='Processed HWF'!N103 -> 66.8 | AB103: =IF(AND(E103=0,W103>$AG$1,Y103<>0,Y103<$AG$2,Z103>$AG$3,AA103<$AG$5,X103>$AG$4),1,0) -> 0
... A195: =VLOOKUP(B195,'Reference table'!A$2:D$195,4,FALSE) -> AFR | B195: ='Processed HWF'!A195 -> Zimbabwe | C195: ='Processed HWF'!M195 -> 23.321477 | D195: ='Processed HWF'!N195 -> 54.77 | E195: =IF(AND(C195<H$4,Results!D195<50),1,0) -> 0 | F195: =IF(AND(A195="AFR",E195=1),1,0) -> 0 | V195: ='Processed HWF'!A195 -> Zimbabwe | W195: ='Processed HWF'!I195 -> 62603.586 | X195: ='Processed HWF'!K195 -> 1.7155442 | Y195: ='Processed HWF'!O195 -> 0.21057922 | Z195: ='Processed HWF'!P195 -> 0.083665705 | AA195: ='Processed HWF'!N195 -> 54.77 | AB195: =IF(AND(E195=0,W195>$AG$1,Y195<>0,Y195<$AG$2,Z195>$AG$3,AA195<$AG$5,X195>$AG$4),1,0) -> 1

Sheet Indice
A1: iso_code | B1: Either doc or nurse dependency | C1: Health workforce density per 10,000 population (includes medical doctors, nursing personnel, and midwifery personnel) in 2020 | D1: UHC SCI | E1: Health workforce density per 10,000 population (includes medical doctors, nursing personnel, and midwifery personnel) in 2020 | F1: UHC SCI | K1: ART | Q1: => TOPLAY | R1: iso_code | S1: Either doc or nurse dependency | T1: Health workforce density per 10,000 population (includes medical doctors, nursing personnel, and midwifery personnel) in 2020 | U1: UHC SCI | V1: Health workforce density per 10,000 population (includes medical doctors, nursing personnel, and midwifery personnel) in 2020 | W1: UHC SCI | Z1: iso_code | AA1: Either doc or nurse dependency | AB1: Health workforce density per 10,000 population (includes medical doctors, nursing personnel, and midwifery personnel) in 2020 | AC1: UHC SCI | AD1: Share foreign med cat | AE1: Share foreign nur cat
A2: AFG | B2: 1 | E2: 6.9971038 | F2: 37.33 | G2: =IF(AND(E2<49,F2<60,F2>=50),A2,0) -> 0 | H2: GTM | I2: =VLOOKUP(H2,'Reference table'!$J$2:$K$195,2,FALSE) -> Guatemala | K2: SOM | L2: =TRIM(K2) -> SOM | M2: =VLOOKUP(Indice!L2,'Reference table'!J$2:K$195,2,FALSE) -> Somalia | N2: 1 | R2: AFG | S2: 1 | V2: 6.9971038 | W2: 37.33 | Z2: AFG | AA2: =IF(OR(AD2="Above 0.05",AE2="Above 0.05"),1,0) -> 0 | AB2: 6.9971038 | AC2: 37.33 | AD2: =VLOOKUP(Z2,Migration!$J$3:$R$196,8,FALSE) -> Less than 0.1 | AE2: =VLOOKUP(Z2,Migration!$J$3:$R$196,9,FALSE) -> Less than 0.1
A3: ALB | B3: 1 | E3: 79.213288 | F3: 62.16 | G3: =IF(AND(E3<49,F3<60,F3>=50),A3,0) -> 0 | H3: KEN | I3: =VLOOKUP(H3,'Reference table'!$J$2:$K$195,2,FALSE) -> Kenya | K3: TCD | L3: =TRIM(K3) -> TCD | M3: =VLOOKUP(Indice!L3,'Reference table'!J$2:K$195,2,FALSE) -> Chad | N3: 1 | R3: ALB | S3: 1 | V3: 79.213288 | W3: 62.16 | Z3: AGO | AA3: =IF(OR(AD3="Above 0.05",AE3="Above 0.05"),1,0) -> 0 | AB3: 6.2165585 | AC3: 38.69 | AD3: =VLOOKUP(Z3,Migration!$J$3:$R$196,8,FALSE) -> Less than 0.1 | AE3: =VLOOKUP(Z3,Migration!$J$3:$R$196,9,FALSE) -> Less than 0.1
A4: ARM | B4: 1 | E4: 93.389283 | F4: 69.26 | G4: =IF(AND(E4<49,F4<60,F4>=50),A4,0) -> 0 | H4: LAO | I4: =VLOOKUP(H4,'Reference table'!$J$2:$K$195,2,FALSE) -> Lao People's Democratic Republic | K4: CAF | L4: =TRIM(K4) -> CAF | M4: =VLOOKUP(Indice!L4,'Reference table'!J$2:K$195,2,FALSE) -> Central African Republic | N4: 1 | R4: ARM | S4: 1 | V4: 93.389283 | W4: 69.26 | Z4: ALB | AA4: =IF(OR(AD4="Above 0.05",AE4="Above 0.05"),1,0) -> 0 | AB4: 79.213288 | AC4: 62.16 | AD4: =VLOOKUP(Z4,Migration!$J$3:$R$196,8,FALSE) -> Above 0.1 | AE4: =VLOOKUP(Z4,Migration!$J$3:$R$196,9,FALSE) -> Above 0.1
A5: ATG | B5: 1 | E5: 118.48587 | F5: 72.33 | G5: =IF(AND(E5<49,F5<60,F5>=50),A5,0) -> 0 | H5: SYR | I5: =VLOOKUP(H5,'Reference table'!$J$2:$K$195,2,FALSE) -> Syrian Arab Republic | K5: BEN | L5: =TRIM(K5) -> BEN | M5: =VLOOKUP(Indice!L5,'Reference table'!J$2:K$195,2,FALSE) -> Benin | N5: 1 | R5: ATG | S5: 1 | V5: 118.48587 | W5: 72.33 | Z5: AND | AA5: =IF(OR(AD5="Above 0.05",AE5="Above 0.05"),1,0) -> 0 | AB5: 73.468135 | AC5: 77.16 | AD5: =VLOOKUP(Z5,Migration!$J$3:$R$196,8,FALSE) -> Less than 0.1 | AE5: =VLOOKUP(Z5,Migration!$J$3:$R$196,9,FALSE) -> No data
A6: BFA | B6: 1 | E6: 9.8023334 | F6: 43.19 | G6: =IF(AND(E6<49,F6<60,F6>=50),A6,0) -> 0 | H6: WSM | I6: =VLOOKUP(H6,'Reference table'!$J$2:$K$195,2,FALSE) -> Samoa | K6: PNG | L6: =TRIM(K6) -> PNG | M6: =VLOOKUP(Indice!L6,'Reference table'!J$2:K$195,2,FALSE) -> Papua New Guinea | N6: 1 | R6: BFA | S6: 1 | V6: 9.8023334 | W6: 43.19 | Z6: ARE | AA6: =IF(OR(AD6="Above 0.05",AE6="Above 0.05"),1,0) -> 0 | AB6: 88.652949 | AC6: 77.83 | AD6: =VLOOKUP(Z6,Migration!$J$3:$R$196,8,FALSE) -> Less than 0.1 | AE6: =VLOOKUP(Z6,Migration!$J$3:$R$196,9,FALSE) -> Less than 0.1
A7: BGR | B7: 1 | E7: 89.924145 | F7: 69.87 | G7: =IF(AND(E7<49,F7<60,F7>=50),A7,0) -> 0 | H7: ZMB | I7: =VLOOKUP(H7,'Reference table'!$J$2:$K$195,2,FALSE) -> Zambia | K7: TZA | L7: =TRIM(K7) -> TZA | M7: =VLOOKUP(Indice!L7,'Reference table'!J$2:K$195,2,FALSE) -> United Republic of Tanzania | N7: 1 | R7: BGR | S7: 1 | V7: 89.924145 | W7: 69.87 | Z7: ARG | AA7: =IF(OR(AD7="Above 0.05",AE7="Above 0.05"),1,0) -> 0 | AB7: 66.609812 | AC7: 73.41 | AD7: =VLOOKUP(Z7,Migration!$J$3:$R$196,8,FALSE) -> Less than 0.1 | AE7: =VLOOKUP(Z7,Migration!$J$3:$R$196,9,FALSE) -> Less than 0.1
A8: BHS | B8: 1 | E8: 70.230904 | F8: 69.81 | G8: =IF(AND(E8<49,F8<60,F8>=50),A8,0) -> 0 | H8: ZWE | I8: =VLOOKUP(H8,'Reference table'!$J$2:$K$195,2,FALSE) -> Zimbabwe | K8: AGO | L8: =TRIM(K8) -> AGO | M8: =VLOOKUP(Indice!L8,'Reference table'!J$2:K$195,2,FALSE) -> Angola | N8: 1 | R8: BHS | S8: 1 | V8: 70.230904 | W8: 69.81 | Z8: ARM | AA8: =IF(OR(AD8="Above 0.05",AE8="Above 0.05"),1,0) -> 0 | AB8: 93.389283 | AC8: 69.26 | AD8: =VLOOKUP(Z8,Migration!$J$3:$R$196,8,FALSE) -> Less than 0.1 | AE8: =VLOOKUP(Z8,Migration!$J$3:$R$196,9,FALSE) -> Above 0.1
A9: BIH | B9: 1 | E9: 78.949018 | F9: 64.61 | G9: =IF(AND(E9<49,F9<60,F9>=50),A9,0) -> 0 | K9: GNQ | L9: =TRIM(K9) -> GNQ | M9: =VLOOKUP(Indice!L9,'Reference table'!J$2:K$195,2,FALSE) -> Equatorial Guinea | N9: 1 | R9: BIH | S9: 1 | V9: 78.949018 | W9: 64.61 | Z9: ATG | AA9: =IF(OR(AD9="Above 0.05",AE9="Above 0.05"),1,0) -> 0 | AB9: 118.48587 | AC9: 72.33 | AD9: =VLOOKUP(Z9,Migration!$J$3:$R$196,8,FALSE) -> Less than 0.1 | AE9: =VLOOKUP(Z9,Migration!$J$3:$R$196,9,FALSE) -> Above 0.1
A10: BLZ | B10: 1 | E10: 34.197316 | F10: 67.17 | G10: =IF(AND(E10<49,F10<60,F10>=50),A10,0) -> 0 | K10: MWI | L10: =TRIM(K10) -> MWI | M10: =VLOOKUP(Indice!L10,'Reference table'!J$2:K$195,2,FALSE) -> Malawi | N10: 1 | R10: BLZ | S10: 1 | V10: 34.197316 | W10: 67.17 | Z10: AUS | AA10: =IF(OR(AD10="Above 0.05",AE10="Above 0.05"),1,0) -> 0 | AB10: 172.69653 | AC10: 87.15 | AD10: =VLOOKUP(Z10,Migration!$J$3:$R$196,8,FALSE) -> Less than 0.1 | AE10: =VLOOKUP(Z10,Migration!$J$3:$R$196,9,FALSE) -> Less than 0.1
A11: BOL | B11: 1 | E11: 25.872321 | F11: 66.75 | G11: =IF(AND(E11<49,F11<60,F11>=50),A11,0) -> 0 | K11: MRT | L11: =TRIM(K11) -> MRT | M11: =VLOOKUP(Indice!L11,'Reference table'!J$2:K$195,2,FALSE) -> Mauritania | N11: 1 | R11: BOL | S11: 1 | V11: 25.872321 | W11: 66.75 | Z11: AUT | AA11: =IF(OR(AD11="Above 0.05",AE11="Above 0.05"),1,0) -> 0 | AB11: 158.57124 | AC11: 82.26 | AD11: =VLOOKUP(Z11,Migration!$J$3:$R$196,8,FALSE) -> Less than 0.1 | AE11: =VLOOKUP(Z11,Migration!$J$3:$R$196,9,FALSE) -> Less than 0.1
A12: BRB | B12: 1 | E12: 60.557792 | F12: 74.46 | G12: =IF(AND(E12<49,F12<60,F12>=50),A12,0) -> 0 | K12: ZMB | L12: =TRIM(K12) -> ZMB | M12: =VLOOKUP(Indice!L12,'Reference table'!J$2:K$195,2,FALSE) -> Zambia | N12: 1 | R12: BRB | S12: 1 | V12: 60.557792 | W12: 74.46 | Z12: AZE | AA12: =IF(OR(AD12="Above 0.05",AE12="Above 0.05"),1,0) -> 0 | AB12: 96.166758 | AC12: 65.28 | AD12: =VLOOKUP(Z12,Migration!$J$3:$R$196,8,FALSE) -> Less than 0.1 | AE12: =VLOOKUP(Z12,Migration!$J$3:$R$196,9,FALSE) -> Less than 0.1
A13: CAN | B13: 1 | E13: 135.2862 | F13: 89.36 | G13: =IF(AND(E13<49,F13<60,F13>=50),A13,0) -> 0 | K13: YEM | L13: =TRIM(K13) -> YEM | M13: =VLOOKUP(Indice!L13,'Reference table'!J$2:K$195,2,FALSE) -> Yemen | N13: 1 | R13: CAN | S13: 1 | V13: 135.2862 | W13: 89.36 | Z13: BDI | AA13: =IF(OR(AD13="Above 0.05",AE13="Above 0.05"),1,0) -> 0 | AB13: 7.197479 | AC13: 44.37 | AD13: =VLOOKUP(Z13,Migration!$J$3:$R$196,8,FALSE) -> Less than 0.1 | AE13: =VLOOKUP(Z13,Migration!$J$3:$R$196,9,FALSE) -> Less than 0.1
A14: CMR | B14: 1 | E14: 5.7732076 | F14: 44.31 | G14: =IF(AND(E14<49,F14<60,F14>=50),A14,0) -> 0 | K14: SDN | L14: =TRIM(K14) -> SDN | M14: =VLOOKUP(Indice!L14,'Reference table'!J$2:K$195,2,FALSE) -> Sudan | N14: 1 | R14: CMR | S14: 1 | V14: 5.7732076 | W14: 44.31 | Z14: BEL | AA14: =IF(OR(AD14="Above 0.05",AE14="Above 0.05"),1,0) -> 0 | AB14: 261.39051 | AC14: 85.5 | AD14: =VLOOKUP(Z14,Migration!$J$3:$R$196,8,FALSE) -> Less than 0.1 | AE14: =VLOOKUP(Z14,Migration!$J$3:$R$196,9,FALSE) -> Less than 0.1
A15: COG | B15: 1 | E15: 10.725802 | F15: 40.49 | G15: =IF(AND(E15<49,F15<60,F15>=50),A15,0) -> 0 | K15: JAM | L15: =TRIM(K15) -> JAM | M15: =VLOOKUP(Indice!L15,'Reference table'!J$2:K$195,2,FALSE) -> Jamaica | N15: 1 | R15: COG | S15: 1 | V15: 10.725802 | W15: 40.49 | Z15: BEN | AA15: =IF(OR(AD15="Above 0.05",AE15="Above 0.05"),1,0) -> 0 | AB15: 3.6762711 | AC15: 38.2 | AD15: =VLOOKUP(Z15,Migration!$J$3:$R$196,8,FALSE) -> Less than 0.1 | AE15: =VLOOKUP(Z15,Migration!$J$3:$R$196,9,FALSE) -> Less than 0.1
A16: COL | B16: 1 | E16: 42.115654 | F16: 78.27 | G16: =IF(AND(E16<49,F16<60,F16>=50),A16,0) -> 0 | K16: COD | L16: =TRIM(K16) -> COD | M16: =VLOOKUP(Indice!L16,'Reference table'!J$2:K$195,2,FALSE) -> Democratic Republic of the Congo | N16: 1 | R16: COL | S16: 1 | V16: 42.115654 | W16: 78.27 | Z16: BFA | AA16: =IF(OR(AD16="Above 0.05",AE16="Above 0.05"),1,0) -> 0 | AB16: 9.8023334 | AC16: 43.19 | AD16: =VLOOKUP(Z16,Migration!$J$3:$R$196,8,FALSE) -> Less than 0.1 | AE16: =VLOOKUP(Z16,Migration!$J$3:$R$196,9,FALSE) -> Less than 0.1
A17: CPV | B17: 1 | E17: 25.59476 | F17: 69.41 | G17: =IF(AND(E17<49,F17<60,F17>=50),A17,0) -> 0 | K17: ERI | L17: =TRIM(K17) -> ERI | M17: =VLOOKUP(Indice!L17,'Reference table'!J$2:K$195,2,FALSE) -> Eritrea | N17: 1 | R17: CPV | S17: 1 | V17: 25.59476 | W17: 69.41 | Z17: BGD | AA17: =IF(OR(AD17="Above 0.05",AE17="Above 0.05"),1,0) -> 0 | AB17: 11.541212 | AC17: 50.74 | AD17: =VLOOKUP(Z17,Migration!$J$3:$R$196,8,FALSE) -> Less than 0.1 | AE17: =VLOOKUP(Z17,Migration!$J$3:$R$196,9,FALSE) -> Less than 0.1
A18: CRI | B18: 1 | E18: 71.021183 | F18: 78.21 | G18: =IF(AND(E18<49,F18<60,F18>=50),A18,0) -> 0 | K18: LAO | L18: =TRIM(K18) -> LAO | M18: =VLOOKUP(Indice!L18,'Reference table'!J$2:K$195,2,FALSE) -> Lao People's Democratic Republic | N18: 1 | R18: CRI | S18: 1 | V18: 71.021183 | W18: 78.21 | Z18: BGR | AA18: =IF(OR(AD18="Above 0.05",AE18="Above 0.05"),1,0) -> 0 | AB18: 89.924145 | AC18: 69.87 | AD18: =VLOOKUP(Z18,Migration!$J$3:$R$196,8,FALSE) -> Less than 0.1 | AE18: =VLOOKUP(Z18,Migration!$J$3:$R$196,9,FALSE) -> Less than 0.1
A19: CUB | B19: 1 | E19: 164.65097 | F19: 79.67 | G19: =IF(AND(E19<49,F19<60,F19>=50),A19,0) -> 0 | K19: VUT | L19: =TRIM(K19) -> VUT | M19: =VLOOKUP(Indice!L19,'Reference table'!J$2:K$195,2,FALSE) -> Vanuatu | N19: 1 | R19: CUB | S19: 1 | V19: 164.65097 | W19: 79.67 | Z19: BHR | AA19: =IF(OR(AD19="Above 0.05",AE19="Above 0.05"),1,0) -> 0 | AB19: 39.38341 | AC19: 71.44 | AD19: =VLOOKUP(Z19,Migration!$J$3:$R$196,8,FALSE) -> Less than 0.1 | AE19: =VLOOKUP(Z19,Migration!$J$3:$R$196,9,FALSE) -> Less than 0.1
A20: CYP | B20: 1 | E20: 86.745233 | F20: 78.74 | G20: =IF(AND(E20<49,F20<60,F20>=50),A20,0) -> 0 | K20: MMR | L20: =TRIM(K20) -> MMR | M20: =VLOOKUP(Indice!L20,'Reference table'!J$2:K$195,2,FALSE) -> Myanmar | N20: 1 | R20: CYP | S20: 1 | V20: 86.745233 | W20: 78.74 | Z20: BHS | AA20: =IF(OR(AD20="Above 0.05",AE20="Above 0.05"),1,0) -> 0 | AB20: 70.230904 | AC20: 69.81 | AD20: =VLOOKUP(Z20,Migration!$J$3:$R$196,8,FALSE) -> Above 0.1 | AE20: =VLOOKUP(Z20,Migration!$J$3:$R$196,9,FALSE) -> Above 0.1
... A23: DZA | B23: 1 | E23: 32.692653 | F23: 74.99 | G23: =IF(AND(E23<49,F23<60,F23>=50),A23,0) -> 0 | K23: SLB | L23: =TRIM(K23) -> SLB | M23: =VLOOKUP(Indice!L23,'Reference table'!J$2:K$195,2,FALSE) -> Solomon Islands | N23: 1 | R23: DZA | S23: 1 | V23: 32.692653 | W23: 74.99 | Z23: BLZ | AA23: =IF(OR(AD23="Above 0.05",AE23="Above 0.05"),1,0) -> 0 | AB23: 34.197316 | AC23: 67.17 | AD23: =VLOOKUP(Z23,Migration!$J$3:$R$196,8,FALSE) -> Less than 0.1 | AE23: =VLOOKUP(Z23,Migration!$J$3:$R$196,9,FALSE) -> Above 0.1
A24: ECU | B24: 1 | E24: 47.21603 | F24: 80.34 | G24: =IF(AND(E24<49,F24<60,F24>=50),A24,0) -> 0 | K24: IND | L24: =TRIM(K24) -> IND | M24: =VLOOKUP(Indice!L24,'Reference table'!J$2:K$195,2,FALSE) -> India | N24: 1 | R24: ECU | S24: 1 | V24: 47.21603 | W24: 80.34 | Z24: BMU | AA24: =IF(OR(AD24="Above 0.05",AE24="Above 0.05"),1,0) -> #N/A | AB24: #N/A | AC24: #N/A | AD24: =VLOOKUP(Z24,Migration!$J$3:$R$196,8,FALSE) -> #N/A | AE24: =VLOOKUP(Z24,Migration!$J$3:$R$196,9,FALSE) -> #N/A
A25: EGY | B25: 1 | E25: 26.758459 | F25: 69.8 | G25: =IF(AND(E25<49,F25<60,F25>=50),A25,0) -> 0 | K25: TLS | L25: =TRIM(K25) -> TLS | M25: =VLOOKUP(Indice!L25,'Reference table'!J$2:K$195,2,FALSE) -> Timor-Leste | N25: 1 | R25: EGY | S25: 1 | V25: 26.758459 | W25: 69.8 | Z25: BOL | AA25: =IF(OR(AD25="Above 0.05",AE25="Above 0.05"),1,0) -> 0 | AB25: 25.872321 | AC25: 66.75 | AD25: =VLOOKUP(Z25,Migration!$J$3:$R$196,8,FALSE) -> Above 0.1 | AE25: =VLOOKUP(Z25,Migration!$J$3:$R$196,9,FALSE) -> Less than 0.1
A26: ERI | B26: 1 | E26: 15.217567 | F26: 49.8 | G26: =IF(AND(E26<49,F26<60,F26>=50),A26,0) -> 0 | K26: CPV | L26: =TRIM(K26) -> CPV | M26: =VLOOKUP(Indice!L26,'Reference table'!J$2:K$195,2,FALSE) -> Cape Verde | N26: 1 | R26: ERI | S26: 1 | V26: 15.217567 | W26: 49.8 | Z26: BRA | AA26: =IF(OR(AD26="Above 0.05",AE26="Above 0.05"),1,0) -> 0 | AB26: 97.13739 | AC26: 75.03 | AD26: =VLOOKUP(Z26,Migration!$J$3:$R$196,8,FALSE) -> Less than 0.1 | AE26: =VLOOKUP(Z26,Migration!$J$3:$R$196,9,FALSE) -> Less than 0.1
A27: ETH | B27: 1 | E27: 8.9002606 | F27: 38.13 | G27: =IF(AND(E27<49,F27<60,F27>=50),A27,0) -> 0 | K27: BTN | L27: =TRIM(K27) -> BTN | M27: =VLOOKUP(Indice!L27,'Reference table'!J$2:K$195,2,FALSE) -> Bhutan | N27: 1 | R27: ETH | S27: 1 | V27: 8.9002606 | W27: 38.13 | Z27: BRB | AA27: =IF(OR(AD27="Above 0.05",AE27="Above 0.05"),1,0) -> 0 | AB27: 60.557792 | AC27: 74.46 | AD27: =VLOOKUP(Z27,Migration!$J$3:$R$196,8,FALSE) -> Less than 0.1 | AE27: =VLOOKUP(Z27,Migration!$J$3:$R$196,9,FALSE) -> Above 0.1
A28: FJI | B28: 1 | E28: 48.197238 | F28: 60.96 | G28: =IF(AND(E28<49,F28<60,F28>=50),A28,0) -> 0 | K28: SYR | L28: =TRIM(K28) -> SYR | M28: =VLOOKUP(Indice!L28,'Reference table'!J$2:K$195,2,FALSE) -> Syrian Arab Republic | N28: 1 | R28: FJI | S28: 1 | V28: 48.197238 | W28: 60.96 | Z28: BRN | AA28: =IF(OR(AD28="Above 0.05",AE28="Above 0.05"),1,0) -> 0 | AB28: 75.070095 | AC28: 76.81 | AD28: =VLOOKUP(Z28,Migration!$J$3:$R$196,8,FALSE) -> Less than 0.1 | AE28: =VLOOKUP(Z28,Migration!$J$3:$R$196,9,FALSE) -> Less than 0.1
A29: FSM | B29: 1 | E29: 30.916506 | F29: 47.9 | G29: =IF(AND(E29<49,F29<60,F29>=50),A29,0) -> 0 | K29: GAB | L29: =TRIM(K29) -> GAB | M29: =VLOOKUP(Indice!L29,'Reference table'!J$2:K$195,2,FALSE) -> Gabon | N29: 1 | R29: FSM | S29: 1 | V29: 30.916506 | W29: 47.9 | Z29: BTN | AA29: =IF(OR(AD29="Above 0.05",AE29="Above 0.05"),1,0) -> 0 | AB29: 25.764245 | AC29: 62.39 | AD29: =VLOOKUP(Z29,Migration!$J$3:$R$196,8,FALSE) -> Less than 0.1 | AE29: =VLOOKUP(Z29,Migration!$J$3:$R$196,9,FALSE) -> Less than 0.1
A30: GEO | B30: 1 | E30: 106.55085 | F30: 65.16 | G30: =IF(AND(E30<49,F30<60,F30>=50),A30,0) -> 0 | K30: FSM | L30: =TRIM(K30) -> FSM | M30: =VLOOKUP(Indice!L30,'Reference table'!J$2:K$195,2,FALSE) -> Micronesia, Federated States of | N30: 1 | R30: GEO | S30: 1 | V30: 106.55085 | W30: 65.16 | Z30: BWA | AA30: =IF(OR(AD30="Above 0.05",AE30="Above 0.05"),1,0) -> 0 | AB30: 58.3523 | AC30: 53.66 | AD30: =VLOOKUP(Z30,Migration!$J$3:$R$196,8,FALSE) -> Less than 0.1 | AE30: =VLOOKUP(Z30,Migration!$J$3:$R$196,9,FALSE) -> Less than 0.1
A31: GHA | B31: 1 | E31: 37.869453 | F31: 45.09 | G31: =IF(AND(E31<49,F31<60,F31>=50),A31,0) -> 0 | K31: PRY | L31: =TRIM(K31) -> PRY | M31: =VLOOKUP(Indice!L31,'Reference table'!J$2:K$195,2,FALSE) -> Paraguay | N31: 1 | R31: GHA | S31: 1 | V31: 37.869453 | W31: 45.09 | Z31: CAF | AA31: =IF(OR(AD31="Above 0.05",AE31="Above 0.05"),1,0) -> 0 | AB31: 3.2787762 | AC31: 32.46 | AD31: =VLOOKUP(Z31,Migration!$J$3:$R$196,8,FALSE) -> Less than 0.1 | AE31: =VLOOKUP(Z31,Migration!$J$3:$R$196,9,FALSE) -> Less than 0.1
A32: GMB | B32: 1 | E32: 10.28277 | F32: 47.78 | G32: =IF(AND(E32<49,F32<60,F32>=50),A32,0) -> 0 | K32: DOM | L32: =TRIM(K32) -> DOM | M32: =VLOOKUP(Indice!L32,'Reference table'!J$2:K$195,2,FALSE) -> Dominican Republic | N32: 1 | R32: GMB | S32: 1 | V32: 10.28277 | W32: 47.78 | Z32: CAN | AA32: =IF(OR(AD32="Above 0.05",AE32="Above 0.05"),1,0) -> 0 | AB32: 135.2862 | AC32: 89.36 | AD32: =VLOOKUP(Z32,Migration!$J$3:$R$196,8,FALSE) -> Less than 0.1 | AE32: =VLOOKUP(Z32,Migration!$J$3:$R$196,9,FALSE) -> Less than 0.1
A33: GRC | B33: 1 | E33: 100.15524 | F33: 77.63 | G33: =IF(AND(E33<49,F33<60,F33>=50),A33,0) -> 0 | K33: IRN | L33: =TRIM(K33) -> IRN | M33: =VLOOKUP(Indice!L33,'Reference table'!J$2:K$195,2,FALSE) -> Iran, Islamic Republic of | N33: 1 | R33: GRC | S33: 1 | V33: 100.15524 | W33: 77.63 | Z33: CHE | AA33: =IF(OR(AD33="Above 0.05",AE33="Above 0.05"),1,0) -> 0 | AB33: 226.40989 | AC33: 87.14 | AD33: =VLOOKUP(Z33,Migration!$J$3:$R$196,8,FALSE) -> Less than 0.1 | AE33: =VLOOKUP(Z33,Migration!$J$3:$R$196,9,FALSE) -> Less than 0.1
A34: GRD | B34: 1 | E34: 82.42415 | F34: 69.72 | G34: =IF(AND(E34<49,F34<60,F34>=50),A34,0) -> 0 | K34: LKA | L34: =TRIM(K34) -> LKA | M34: =VLOOKUP(Indice!L34,'Reference table'!J$2:K$195,2,FALSE) -> Sri Lanka | N34: 1 | R34: GRD | S34: 1 | V34: 82.42415 | W34: 69.72 | Z34: CHL | AA34: =IF(OR(AD34="Above 0.05",AE34="Above 0.05"),1,0) -> 0 | AB34: 71.889527 | AC34: 79.84 | AD34: =VLOOKUP(Z34,Migration!$J$3:$R$196,8,FALSE) -> Less than 0.1 | AE34: =VLOOKUP(Z34,Migration!$J$3:$R$196,9,FALSE) -> Less than 0.1
A35: GTM | B35: 1 | E35: 39.099315 | F35: 57.11 | G35: =IF(AND(E35<49,F35<60,F35>=50),A35,0) -> GTM | K35: GHA | L35: =TRIM(K35) -> GHA | M35: =VLOOKUP(Indice!L35,'Reference table'!J$2:K$195,2,FALSE) -> Ghana | N35: 1 | R35: GTM | S35: 1 | V35: 39.099315 | W35: 57.11 | Z35: CHN | AA35: =IF(OR(AD35="Above 0.05",AE35="Above 0.05"),1,0) -> 0 | AB35: 57.462381 | AC35: 82.17 | AD35: =VLOOKUP(Z35,Migration!$J$3:$R$196,8,FALSE) -> Less than 0.1 | AE35: =VLOOKUP(Z35,Migration!$J$3:$R$196,9,FALSE) -> Less than 0.1
A36: GUY | B36: 1 | E36: 49.544916 | F36: 74.28 | G36: =IF(AND(E36<49,F36<60,F36>=50),A36,0) -> 0 | K36: LCA | L36: =TRIM(K36) -> LCA | M36: =VLOOKUP(Indice!L36,'Reference table'!J$2:K$195,2,FALSE) -> Saint Lucia | N36: 1 | R36: GUY | S36: 1 | V36: 49.544916 | W36: 74.28 | Z36: CIV | AA36: =IF(OR(AD36="Above 0.05",AE36="Above 0.05"),1,0) -> 0 | AB36: 8.1840465 | AC36: 45.44 | AD36: =VLOOKUP(Z36,Migration!$J$3:$R$196,8,FALSE) -> Less than 0.1 | AE36: =VLOOKUP(Z36,Migration!$J$3:$R$196,9,FALSE) -> Less than 0.1
... A45: KHM | B45: 1 | E45: 11.991456 | F45: 61.18 | G45: =IF(AND(E45<49,F45<60,F45>=50),A45,0) -> 0 | K45: SUR | L45: =TRIM(K45) -> SUR | M45: =VLOOKUP(Indice!L45,'Reference table'!J$2:K$195,2,FALSE) -> Suriname | N45: 1 | R45: KHM | S45: 1 | V45: 11.991456 | W45: 61.18 | Z45: CUB | AA45: =IF(OR(AD45="Above 0.05",AE45="Above 0.05"),1,0) -> 0 | AB45: 164.65097 | AC45: 79.67 | AD45: =VLOOKUP(Z45,Migration!$J$3:$R$196,8,FALSE) -> Less than 0.1 | AE45: =VLOOKUP(Z45,Migration!$J$3:$R$196,9,FALSE) -> Above 0.1
A46: KNA | B46: 1 | E46: 74.134664 | F46: 71.75 | G46: =IF(AND(E46<49,F46<60,F46>=50),A46,0) -> 0 | K46: GUY | L46: =TRIM(K46) -> GUY | M46: =VLOOKUP(Indice!L46,'Reference table'!J$2:K$195,2,FALSE) -> Guyana | N46: 1 | R46: KNA | S46: 1 | V46: 74.134664 | W46: 71.75 | Z46: CYM | AA46: =IF(OR(AD46="Above 0.05",AE46="Above 0.05"),1,0) -> #N/A | AB46: #N/A | AC46: #N/A | AD46: =VLOOKUP(Z46,Migration!$J$3:$R$196,8,FALSE) -> #N/A | AE46: =VLOOKUP(Z46,Migration!$J$3:$R$196,9,FALSE) -> #N/A
A47: LAO | B47: 1 | E47: 15.442119 | F47: 50.21 | G47: =IF(AND(E47<49,F47<60,F47>=50),A47,0) -> LAO | K47: PAN | L47: =TRIM(K47) -> PAN | M47: =VLOOKUP(Indice!L47,'Reference table'!J$2:K$195,2,FALSE) -> Panama | N47: 1 | R47: LAO | S47: 1 | V47: 15.442119 | W47: 50.21 | Z47: CYP | AA47: =IF(OR(AD47="Above 0.05",AE47="Above 0.05"),1,0) -> 0 | AB47: 86.745233 | AC47: 78.74 | AD47: =VLOOKUP(Z47,Migration!$J$3:$R$196,8,FALSE) -> Above 0.1 | AE47: =VLOOKUP(Z47,Migration!$J$3:$R$196,9,FALSE) -> Less than 0.1
A48: LBN | B48: 1 | E48: 38.805336 | F48: 71.98 | G48: =IF(AND(E48<49,F48<60,F48>=50),A48,0) -> 0 | K48: TON | L48: =TRIM(K48) -> TON | M48: =VLOOKUP(Indice!L48,'Reference table'!J$2:K$195,2,FALSE) -> Tonga | N48: 1 | R48: LBN | S48: 1 | V48: 38.805336 | W48: 71.98 | Z48: CZE | AA48: =IF(OR(AD48="Above 0.05",AE48="Above 0.05"),1,0) -> 0 | AB48: 130.81963 | AC48: 78.37 | AD48: =VLOOKUP(Z48,Migration!$J$3:$R$196,8,FALSE) -> Less than 0.1 | AE48: =VLOOKUP(Z48,Migration!$J$3:$R$196,9,FALSE) -> Less than 0.1
A49: LBR | B49: 1 | E49: 20.047828 | F49: 41.87 | G49: =IF(AND(E49<49,F49<60,F49>=50),A49,0) -> 0 | K49: ZAF | L49: =TRIM(K49) -> ZAF | M49: =VLOOKUP(Indice!L49,'Reference table'!J$2:K$195,2,FALSE) -> South Africa | N49: 1 | R49: LBR | S49: 1 | V49: 20.047828 | W49: 41.87 | Z49: DEU | AA49: =IF(OR(AD49="Above 0.05",AE49="Above 0.05"),1,0) -> 0 | AB49: 186.2553 | AC49: 85.84 | AD49: =VLOOKUP(Z49,Migration!$J$3:$R$196,8,FALSE) -> Less than 0.1 | AE49: =VLOOKUP(Z49,Migration!$J$3:$R$196,9,FALSE) -> Less than 0.1
A50: LBY | B50: 1 | E50: 86.209371 | F50: 59.66 | G50: =IF(AND(E50<49,F50<60,F50>=50),A50,0) -> 0 | K50: MYS | L50: =TRIM(K50) -> MYS | M50: =VLOOKUP(Indice!L50,'Reference table'!J$2:K$195,2,FALSE) -> Malaysia | N50: 1 | R50: LBY | S50: 1 | V50: 86.209371 | W50: 59.66 | Z50: DJI | AA50: =IF(OR(AD50="Above 0.05",AE50="Above 0.05"),1,0) -> 0 | AB50: 9.5247949 | AC50: 48.14 | AD50: =VLOOKUP(Z50,Migration!$J$3:$R$196,8,FALSE) -> Less than 0.1 | AE50: =VLOOKUP(Z50,Migration!$J$3:$R$196,9,FALSE) -> No data
A51: LCA | B51: 1 | E51: 37.96524 | F51: 71.6 | G51: =IF(AND(E51<49,F51<60,F51>=50),A51,0) -> 0 | K51: BWA | L51: =TRIM(K51) -> BWA | M51: =VLOOKUP(Indice!L51,'Reference table'!J$2:K$195,2,FALSE) -> Botswana | N51: 1 | R51: LCA | S51: 1 | V51: 37.96524 | W51: 71.6 | Z51: DMA | AA51: =IF(OR(AD51="Above 0.05",AE51="Above 0.05"),1,0) -> 0 | AB51: 76.341424 | AC51: 66.68 | AD51: =VLOOKUP(Z51,Migration!$J$3:$R$196,8,FALSE) -> Above 0.1 | AE51: =VLOOKUP(Z51,Migration!$J$3:$R$196,9,FALSE) -> Above 0.1
A52: LUX | B52: 1 | E52: 151.81259 | F52: 86.48 | G52: =IF(AND(E52<49,F52<60,F52>=50),A52,0) -> 0 | K52: MDV | L52: =TRIM(K52) -> MDV | M52: =VLOOKUP(Indice!L52,'Reference table'!J$2:K$195,2,FALSE) -> Maldives | N52: 1 | R52: LUX | S52: 1 | V52: 151.81259 | W52: 86.48 | Z52: DNK | AA52: =IF(OR(AD52="Above 0.05",AE52="Above 0.05"),1,0) -> 0 | AB52: 147.60095 | AC52: 84.89 | AD52: =VLOOKUP(Z52,Migration!$J$3:$R$196,8,FALSE) -> Less than 0.1 | AE52: =VLOOKUP(Z52,Migration!$J$3:$R$196,9,FALSE) -> Less than 0.1
A53: LVA | B53: 1 | E53: 78.390332 | F53: 71.77 | G53: =IF(AND(E53<49,F53<60,F53>=50),A53,0) -> 0 | K53: BRB | L53: =TRIM(K53) -> BRB | M53: =VLOOKUP(Indice!L53,'Reference table'!J$2:K$195,2,FALSE) -> Barbados | N53: 1 | R53: LVA | S53: 1 | V53: 78.390332 | W53: 71.77 | Z53: DOM | AA53: =IF(OR(AD53="Above 0.05",AE53="Above 0.05"),1,0) -> 0 | AB53: 33.517448 | AC53: 65.72 | AD53: =VLOOKUP(Z53,Migration!$J$3:$R$196,8,FALSE) -> Less than 0.1 | AE53: =VLOOKUP(Z53,Migration!$J$3:$R$196,9,FALSE) -> Above 0.1
A54: MAR | B54: 1 | E54: 21.183989 | F54: 72.74 | G54: =IF(AND(E54<49,F54<60,F54>=50),A54,0) -> 0 | K54: TKM | L54: =TRIM(K54) -> TKM | M54: =VLOOKUP(Indice!L54,'Reference table'!J$2:K$195,2,FALSE) -> Turkmenistan | N54: 1 | R54: MAR | S54: 1 | V54: 21.183989 | W54: 72.74 | Z54: DZA | AA54: =IF(OR(AD54="Above 0.05",AE54="Above 0.05"),1,0) -> 0 | AB54: 32.692653 | AC54: 74.99 | AD54: =VLOOKUP(Z54,Migration!$J$3:$R$196,8,FALSE) -> Above 0.1 | AE54: =VLOOKUP(Z54,Migration!$J$3:$R$196,9,FALSE) -> Above 0.1
A55: MDA | B55: 1 | E55: 77.811821 | F55: 67.42 | G55: =IF(AND(E55<49,F55<60,F55>=50),A55,0) -> 0 | K55: BHS | L55: =TRIM(K55) -> BHS | M55: =VLOOKUP(Indice!L55,'Reference table'!J$2:K$195,2,FALSE) -> Bahamas | N55: 1 | R55: MDA | S55: 1 | V55: 77.811821 | W55: 67.42 | Z55: ECU | AA55: =IF(OR(AD55="Above 0.05",AE55="Above 0.05"),1,0) -> 0 | AB55: 47.21603 | AC55: 80.34 | AD55: =VLOOKUP(Z55,Migration!$J$3:$R$196,8,FALSE) -> Less than 0.1 | AE55: =VLOOKUP(Z55,Migration!$J$3:$R$196,9,FALSE) -> Above 0.1
A56: MDG | B56: 1 | E56: 4.9646388 | F56: 34.65 | G56: =IF(AND(E56<49,F56<60,F56>=50),A56,0) -> 0 | K56: CRI | L56: =TRIM(K56) -> CRI | M56: =VLOOKUP(Indice!L56,'Reference table'!J$2:K$195,2,FALSE) -> Costa Rica | N56: 1 | R56: MDG | S56: 1 | V56: 4.9646388 | W56: 34.65 | Z56: EGY | AA56: =IF(OR(AD56="Above 0.05",AE56="Above 0.05"),1,0) -> 0 | AB56: 26.758459 | AC56: 69.8 | AD56: =VLOOKUP(Z56,Migration!$J$3:$R$196,8,FALSE) -> Less than 0.1 | AE56: =VLOOKUP(Z56,Migration!$J$3:$R$196,9,FALSE) -> Less than 0.1
A57: MDV | B57: 1 | E57: 58.644843 | F57: 69.17 | G57: =IF(AND(E57<49,F57<60,F57>=50),A57,0) -> 0 | K57: CHL | L57: =TRIM(K57) -> CHL | M57: =VLOOKUP(Indice!L57,'Reference table'!J$2:K$195,2,FALSE) -> Chile | N57: 1 | R57: MDV | S57: 1 | V57: 58.644843 | W57: 69.17 | Z57: ERI | AA57: =IF(OR(AD57="Above 0.05",AE57="Above 0.05"),1,0) -> 0 | AB57: 15.217567 | AC57: 49.8 | AD57: =VLOOKUP(Z57,Migration!$J$3:$R$196,8,FALSE) -> Less than 0.1 | AE57: =VLOOKUP(Z57,Migration!$J$3:$R$196,9,FALSE) -> Above 0.1
A58: MEX | B58: 1 | E58: 52.316953 | F58: 73.88 | G58: =IF(AND(E58<49,F58<60,F58>=50),A58,0) -> 0 | K58: AND | L58: =TRIM(K58) -> AND | M58: =VLOOKUP(Indice!L58,'Reference table'!J$2:K$195,2,FALSE) -> Andorra | N58: 1 | R58: MEX | S58: 1 | V58: 52.316953 | W58: 73.88 | Z58: ESP | AA58: =IF(OR(AD58="Above 0.05",AE58="Above 0.05"),1,0) -> 0 | AB58: 105.93876 | AC58: 85.56 | AD58: =VLOOKUP(Z58,Migration!$J$3:$R$196,8,FALSE) -> Less than 0.1 | AE58: =VLOOKUP(Z58,Migration!$J$3:$R$196,9,FALSE) -> Less than 0.1
... A76: ROU | B76: 1 | E76: 103.45635 | F76: 71.46 | G76: =IF(AND(E76<49,F76<60,F76>=50),A76,0) -> 0 | K76: RUS | L76: =TRIM(K76) -> RUS | M76: =VLOOKUP(Indice!L76,'Reference table'!J$2:K$195,2,FALSE) -> Russian Federation | N76: 1 | R76: ROU | S76: 1 | V76: 103.45635 | W76: 71.46 | Z76: GUY | AA76: =IF(OR(AD76="Above 0.05",AE76="Above 0.05"),1,0) -> 0 | AB76: 49.544916 | AC76: 74.28 | AD76: =VLOOKUP(Z76,Migration!$J$3:$R$196,8,FALSE) -> Less than 0.1 | AE76: =VLOOKUP(Z76,Migration!$J$3:$R$196,9,FALSE) -> Above 0.1
A77: SDN | B77: 1 | E77: 14.073406 | F77: 43.78 | G77: =IF(AND(E77<49,F77<60,F77>=50),A77,0) -> 0 | K77: ITA | L77: =TRIM(K77) -> ITA | M77: =VLOOKUP(Indice!L77,'Reference table'!J$2:K$195,2,FALSE) -> Italy | N77: 1 | R77: SDN | S77: 1 | V77: 14.073406 | W77: 43.78 | Z77: HKG | AA77: =IF(OR(AD77="Above 0.05",AE77="Above 0.05"),1,0) -> #N/A | AB77: #N/A | AC77: #N/A | AD77: =VLOOKUP(Z77,Migration!$J$3:$R$196,8,FALSE) -> #N/A | AE77: =VLOOKUP(Z77,Migration!$J$3:$R$196,9,FALSE) -> #N/A
A78: SEN | B78: 1 | E78: 6.2834356 | F78: 48.99 | G78: =IF(AND(E78<49,F78<60,F78>=50),A78,0) -> 0 | K78: ROU | L78: =TRIM(K78) -> ROU | M78: =VLOOKUP(Indice!L78,'Reference table'!J$2:K$195,2,FALSE) -> Romania | N78: 1 | R78: SEN | S78: 1 | V78: 6.2834356 | W78: 48.99 | Z78: HND | AA78: =IF(OR(AD78="Above 0.05",AE78="Above 0.05"),1,0) -> 0 | AB78: 15.49161 | AC78: 62.96 | AD78: =VLOOKUP(Z78,Migration!$J$3:$R$196,8,FALSE) -> Less than 0.1 | AE78: =VLOOKUP(Z78,Migration!$J$3:$R$196,9,FALSE) -> Above 0.1
A79: SLE | B79: 1 | E79: 9.2148724 | F79: 39.11 | G79: =IF(AND(E79<49,F79<60,F79>=50),A79,0) -> 0 | K79: ESP | L79: =TRIM(K79) -> ESP | M79: =VLOOKUP(Indice!L79,'Reference table'!J$2:K$195,2,FALSE) -> Spain | N79: 1 | R79: SLE | S79: 1 | V79: 9.2148724 | W79: 39.11 | Z79: HRV | AA79: =IF(OR(AD79="Above 0.05",AE79="Above 0.05"),1,0) -> 0 | AB79: 115.87519 | AC79: 72.9 | AD79: =VLOOKUP(Z79,Migration!$J$3:$R$196,8,FALSE) -> Less than 0.1 | AE79: =VLOOKUP(Z79,Migration!$J$3:$R$196,9,FALSE) -> Less than 0.1
A80: SLV | B80: 1 | E80: 51.341621 | F80: 75.51 | G80: =IF(AND(E80<49,F80<60,F80>=50),A80,0) -> 0 | K80: POL | L80: =TRIM(K80) -> POL | M80: =VLOOKUP(Indice!L80,'Reference table'!J$2:K$195,2,FALSE) -> Poland | N80: 1 | R80: SLV | S80: 1 | V80: 51.341621 | W80: 75.51 | Z80: HTI | AA80: =IF(OR(AD80="Above 0.05",AE80="Above 0.05"),1,0) -> 0 | AB80: 6.3333334 | AC80: 46.8 | AD80: =VLOOKUP(Z80,Migration!$J$3:$R$196,8,FALSE) -> Less than 0.1 | AE80: =VLOOKUP(Z80,Migration!$J$3:$R$196,9,FALSE) -> Above 0.1
A81: SOM | B81: 1 | E81: 1.3514925 | F81: 27.33 | G81: =IF(AND(E81<49,F81<60,F81>=50),A81,0) -> 0 | K81: KOR | L81: =TRIM(K81) -> KOR | M81: =VLOOKUP(Indice!L81,'Reference table'!J$2:K$195,2,FALSE) -> Republic of Korea | N81: 1 | R81: SOM | S81: 1 | V81: 1.3514925 | W81: 27.33 | Z81: HUN | AA81: =IF(OR(AD81="Above 0.05",AE81="Above 0.05"),1,0) -> 0 | AB81: 129.83654 | AC81: 72.63 | AD81: =VLOOKUP(Z81,Migration!$J$3:$R$196,8,FALSE) -> Less than 0.1 | AE81: =VLOOKUP(Z81,Migration!$J$3:$R$196,9,FALSE) -> Less than 0.1
A82: SVK | B82: 1 | E82: 96.195501 | F82: 76.55 | G82: =IF(AND(E82<49,F82<60,F82>=50),A82,0) -> 0 | K82: ATG | L82: =TRIM(K82) -> ATG | M82: =VLOOKUP(Indice!L82,'Reference table'!J$2:K$195,2,FALSE) -> Antigua and Barbuda | N82: 1 | R82: SVK | S82: 1 | V82: 96.195501 | W82: 76.55 | Z82: IDN | AA82: =IF(OR(AD82="Above 0.05",AE82="Above 0.05"),1,0) -> 0 | AB82: 45.686314 | AC82: 58.7 | AD82: =VLOOKUP(Z82,Migration!$J$3:$R$196,8,FALSE) -> Less than 0.1 | AE82: =VLOOKUP(Z82,Migration!$J$3:$R$196,9,FALSE) -> Less than 0.1
A83: SYR | B83: 1 | E83: 28.224572 | F83: 55.61 | G83: =IF(AND(E83<49,F83<60,F83>=50),A83,0) -> SYR | K83: GBR | L83: =TRIM(K83) -> GBR | M83: =VLOOKUP(Indice!L83,'Reference table'!J$2:K$195,2,FALSE) -> United Kingdom | N83: 1 | R83: SYR | S83: 1 | V83: 28.224572 | W83: 55.61 | Z83: IND | AA83: =IF(OR(AD83="Above 0.05",AE83="Above 0.05"),1,0) -> 0 | AB83: 24.834486 | AC83: 61.19 | AD83: =VLOOKUP(Z83,Migration!$J$3:$R$196,8,FALSE) -> Less than 0.1 | AE83: =VLOOKUP(Z83,Migration!$J$3:$R$196,9,FALSE) -> Less than 0.1
A84: TGO | B84: 1 | E84: 5.8982427 | F84: 44.23 | G84: =IF(AND(E84<49,F84<60,F84>=50),A84,0) -> 0 | K84: URY | L84: =TRIM(K84) -> URY | M84: =VLOOKUP(Indice!L84,'Reference table'!J$2:K$195,2,FALSE) -> Uruguay | N84: 1 | R84: TGO | S84: 1 | V84: 5.8982427 | W84: 44.23 | Z84: IRL | AA84: =IF(OR(AD84="Above 0.05",AE84="Above 0.05"),1,0) -> 0 | AB84: 214.67706 | AC84: 82.81 | AD84: =VLOOKUP(Z84,Migration!$J$3:$R$196,8,FALSE) -> Above 0.1 | AE84: =VLOOKUP(Z84,Migration!$J$3:$R$196,9,FALSE) -> Less than 0.1
A85: TON | B85: 1 | E85: 54.873836 | F85: 55.81 | G85: =IF(AND(E85<49,F85<60,F85>=50),A85,0) -> 0 | K85: CAN | L85: =TRIM(K85) -> CAN | M85: =VLOOKUP(Indice!L85,'Reference table'!J$2:K$195,2,FALSE) -> Canada | N85: 1 | R85: TON | S85: 1 | V85: 54.873836 | W85: 55.81 | Z85: IRN | AA85: =IF(OR(AD85="Above 0.05",AE85="Above 0.05"),1,0) -> 0 | AB85: 36.610269 | AC85: 76.58 | AD85: =VLOOKUP(Z85,Migration!$J$3:$R$196,8,FALSE) -> Less than 0.1 | AE85: =VLOOKUP(Z85,Migration!$J$3:$R$196,9,FALSE) -> Less than 0.1
A86: TTO | B86: 1 | E86: 85.457098 | F86: 73.33 | G86: =IF(AND(E86<49,F86<60,F86>=50),A86,0) -> 0 | K86: UZB | L86: =TRIM(K86) -> UZB | M86: =VLOOKUP(Indice!L86,'Reference table'!J$2:K$195,2,FALSE) -> Uzbekistan | N86: 1 | R86: TTO | S86: 1 | V86: 85.457098 | W86: 73.33 | Z86: IRQ | AA86: =IF(OR(AD86="Above 0.05",AE86="Above 0.05"),1,0) -> 0 | AB86: 33.546518 | AC86: 55.13 | AD86: =VLOOKUP(Z86,Migration!$J$3:$R$196,8,FALSE) -> Less than 0.1 | AE86: =VLOOKUP(Z86,Migration!$J$3:$R$196,9,FALSE) -> Less than 0.1
A87: TUN | B87: 1 | E87: 38.272808 | F87: 69.86 | G87: =IF(AND(E87<49,F87<60,F87>=50),A87,0) -> 0 | K87: SVN | L87: =TRIM(K87) -> SVN | M87: =VLOOKUP(Indice!L87,'Reference table'!J$2:K$195,2,FALSE) -> Slovenia | N87: 1 | R87: TUN | S87: 1 | V87: 38.272808 | W87: 69.86 | Z87: ISL | AA87: =IF(OR(AD87="Above 0.05",AE87="Above 0.05"),1,0) -> 0 | AB87: 209.23558 | AC87: 86.81 | AD87: =VLOOKUP(Z87,Migration!$J$3:$R$196,8,FALSE) -> Less than 0.1 | AE87: =VLOOKUP(Z87,Migration!$J$3:$R$196,9,FALSE) -> Less than 0.1
A88: UKR | B88: 1 | E88: 96.55765 | F88: 72.95 | G88: =IF(AND(E88<49,F88<60,F88>=50),A88,0) -> 0 | K88: NIU | L88: =TRIM(K88) -> NIU | M88: =VLOOKUP(Indice!L88,'Reference table'!J$2:K$195,2,FALSE) -> Niue | N88: 1 | R88: UKR | S88: 1 | V88: 96.55765 | W88: 72.95 | Z88: ISR | AA88: =IF(OR(AD88="Above 0.05",AE88="Above 0.05"),1,0) -> 0 | AB88: 156.17741 | AC88: 84.28 | AD88: =VLOOKUP(Z88,Migration!$J$3:$R$196,8,FALSE) -> Less than 0.1 | AE88: =VLOOKUP(Z88,Migration!$J$3:$R$196,9,FALSE) -> Less than 0.1
A89: VCT | B89: 1 | E89: 84.804191 | F89: 73.04 | G89: =IF(AND(E89<49,F89<60,F89>=50),A89,0) -> 0 | K89: SMR | L89: =TRIM(K89) -> SMR | M89: =VLOOKUP(Indice!L89,'Reference table'!J$2:K$195,2,FALSE) -> San Marino | N89: 1 | R89: VCT | S89: 1 | V89: 84.804191 | W89: 73.04 | Z89: ITA | AA89: =IF(OR(AD89="Above 0.05",AE89="Above 0.05"),1,0) -> 0 | AB89: 102.12694 | AC89: 83.38 | AD89: =VLOOKUP(Z89,Migration!$J$3:$R$196,8,FALSE) -> Less than 0.1 | AE89: =VLOOKUP(Z89,Migration!$J$3:$R$196,9,FALSE) -> Less than 0.1
... A93: ZWE | B93: 1 | E93: 23.321477 | F93: 54.77 | G93: =IF(AND(E93<49,F93<60,F93>=50),A93,0) -> ZWE | K93: ISR | L93: =TRIM(K93) -> ISR | M93: =VLOOKUP(Indice!L93,'Reference table'!J$2:K$195,2,FALSE) -> Israel | N93: 1 | R93: ZWE | S93: 1 | V93: 23.321477 | W93: 54.77 | Z93: KAZ | AA93: =IF(OR(AD93="Above 0.05",AE93="Above 0.05"),1,0) -> 0 | AB93: 113.48162 | AC93: 75.9 | AD93: =VLOOKUP(Z93,Migration!$J$3:$R$196,8,FALSE) -> Less than 0.1 | AE93: =VLOOKUP(Z93,Migration!$J$3:$R$196,9,FALSE) -> Less than 0.1
A94: AGO | B94: 0 | C94: 6.2165585 | D94: 38.69 | K94: CUB | L94: =TRIM(K94) -> CUB | M94: =VLOOKUP(Indice!L94,'Reference table'!J$2:K$195,2,FALSE) -> Cuba | N94: 1 | R94: AGO | S94: 0 | T94: 6.2165585 | U94: 38.69 | Z94: KEN | AA94: =IF(OR(AD94="Above 0.05",AE94="Above 0.05"),1,0) -> 0 | AB94: 13.218482 | AC94: 55.95 | AD94: =VLOOKUP(Z94,Migration!$J$3:$R$196,8,FALSE) -> Less than 0.1 | AE94: =VLOOKUP(Z94,Migration!$J$3:$R$196,9,FALSE) -> Above 0.1
A95: AND | B95: 0 | C95: 73.468135 | D95: 77.16 | K95: DEU | L95: =TRIM(K95) -> DEU | M95: =VLOOKUP(Indice!L95,'Reference table'!J$2:K$195,2,FALSE) -> Germany | N95: 1 | R95: AND | S95: 0 | T95: 73.468135 | U95: 77.16 | Z95: KGZ | AA95: =IF(OR(AD95="Above 0.05",AE95="Above 0.05"),1,0) -> 0 | AB95: 78.156991 | AC95: 70.32 | AD95: =VLOOKUP(Z95,Migration!$J$3:$R$196,8,FALSE) -> Less than 0.1 | AE95: =VLOOKUP(Z95,Migration!$J$3:$R$196,9,FALSE) -> Less than 0.1
A96: ARE | B96: 0 | C96: 88.652949 | D96: 77.83 | K96: ISL | L96: =TRIM(K96) -> ISL | M96: =VLOOKUP(Indice!L96,'Reference table'!J$2:K$195,2,FALSE) -> Iceland | N96: 1 | R96: ARE | S96: 0 | T96: 88.652949 | U96: 77.83 | Z96: KHM | AA96: =IF(OR(AD96="Above 0.05",AE96="Above 0.05"),1,0) -> 0 | AB96: 11.991456 | AC96: 61.18 | AD96: =VLOOKUP(Z96,Migration!$J$3:$R$196,8,FALSE) -> Less than 0.1 | AE96: =VLOOKUP(Z96,Migration!$J$3:$R$196,9,FALSE) -> Above 0.1
A97: ARG | B97: 0 | C97: 66.609812 | D97: 73.41 | K97: IRL | L97: =TRIM(K97) -> IRL | M97: =VLOOKUP(Indice!L97,'Reference table'!J$2:K$195,2,FALSE) -> Ireland | N97: 1 | R97: ARG | S97: 0 | T97: 66.609812 | U97: 73.41 | Z97: KIR | AA97: =IF(OR(AD97="Above 0.05",AE97="Above 0.05"),1,0) -> 0 | AB97: 40.280912 | AC97: 51.22 | AD97: =VLOOKUP(Z97,Migration!$J$3:$R$196,8,FALSE) -> No data | AE97: =VLOOKUP(Z97,Migration!$J$3:$R$196,9,FALSE) -> No data
A98: AUS | B98: 0 | C98: 172.69653 | D98: 87.15 | K98: CHE | L98: =TRIM(K98) -> CHE | M98: =VLOOKUP(Indice!L98,'Reference table'!J$2:K$195,2,FALSE) -> Switzerland | N98: 1 | R98: AUS | S98: 0 | T98: 172.69653 | U98: 87.15 | Z98: KNA | AA98: =IF(OR(AD98="Above 0.05",AE98="Above 0.05"),1,0) -> 0 | AB98: 74.134664 | AC98: 71.75 | AD98: =VLOOKUP(Z98,Migration!$J$3:$R$196,8,FALSE) -> Above 0.1 | AE98: =VLOOKUP(Z98,Migration!$J$3:$R$196,9,FALSE) -> Less than 0.1
A99: AUT | B99: 0 | C99: 158.57124 | D99: 82.26 | K99: NOR | L99: =TRIM(K99) -> NOR | M99: =VLOOKUP(Indice!L99,'Reference table'!J$2:K$195,2,FALSE) -> Norway | N99: 1 | R99: AUT | S99: 0 | T99: 158.57124 | U99: 82.26 | Z99: KOR | AA99: =IF(OR(AD99="Above 0.05",AE99="Above 0.05"),1,0) -> 0 | AB99: 106.67949 | AC99: 87.09 | AD99: =VLOOKUP(Z99,Migration!$J$3:$R$196,8,FALSE) -> Less than 0.1 | AE99: =VLOOKUP(Z99,Migration!$J$3:$R$196,9,FALSE) -> Less than 0.1
A100: AZE | B100: 0 | C100: 96.166758 | D100: 65.28 | K100: SYC | L100: =TRIM(K100) -> SYC | M100: =VLOOKUP(Indice!L100,'Reference table'!J$2:K$195,2,FALSE) -> Seychelles | N100: 1 | R100: AZE | S100: 0 | T100: 96.166758 | U100: 65.28 | Z100: KWT | AA100: =IF(OR(AD100="Above 0.05",AE100="Above 0.05"),1,0) -> 0 | AB100: 75.429846 | AC100: 69.56 | AD100: =VLOOKUP(Z100,Migration!$J$3:$R$196,8,FALSE) -> Less than 0.1 | AE100: =VLOOKUP(Z100,Migration!$J$3:$R$196,9,FALSE) -> Less than 0.1
A101: BDI | B101: 0 | C101: 7.197479 | D101: 44.37 | K101: BEL | L101: =TRIM(K101) -> BEL | M101: =VLOOKUP(Indice!L101,'Reference table'!J$2:K$195,2,FALSE) -> Belgium | N101: 1 | R101: BDI | S101: 0 | T101: 7.197479 | U101: 44.37 | Z101: LAO | AA101: =IF(OR(AD101="Above 0.05",AE101="Above 0.05"),1,0) -> 0 | AB101: 15.442119 | AC101: 50.21 | AD101: =VLOOKUP(Z101,Migration!$J$3:$R$196,8,FALSE) -> Above 0.1 | AE101: =VLOOKUP(Z101,Migration!$J$3:$R$196,9,FALSE) -> Above 0.1
A102: BEL | B102: 0 | C102: 261.39051 | D102: 85.5 | K102: FIN | L102: =TRIM(K102) -> FIN | M102: =VLOOKUP(Indice!L102,'Reference table'!J$2:K$195,2,FALSE) -> Finland | N102: 1 | R102: BEL | S102: 0 | T102: 261.39051 | U102: 85.5 | Z102: LBN | AA102: =IF(OR(AD102="Above 0.05",AE102="Above 0.05"),1,0) -> 0 | AB102: 38.805336 | AC102: 71.98 | AD102: =VLOOKUP(Z102,Migration!$J$3:$R$196,8,FALSE) -> Less than 0.1 | AE102: =VLOOKUP(Z102,Migration!$J$3:$R$196,9,FALSE) -> Above 0.1
A103: BEN | B103: 0 | C103: 3.6762711 | D103: 38.2 | K103: MCO | L103: =TRIM(K103) -> MCO | M103: =VLOOKUP(Indice!L103,'Reference table'!J$2:K$195,2,FALSE) -> Monaco | N103: 1 | R103: BEN | S103: 0 | T103: 3.6762711 | U103: 38.2 | Z103: LBR | AA103: =IF(OR(AD103="Above 0.05",AE103="Above 0.05"),1,0) -> 0 | AB103: 20.047828 | AC103: 41.87 | AD103: =VLOOKUP(Z103,Migration!$J$3:$R$196,8,FALSE) -> Less than 0.1 | AE103: =VLOOKUP(Z103,Migration!$J$3:$R$196,9,FALSE) -> Above 0.1
A104: BGD | B104: 0 | C104: 11.541212 | D104: 50.74 | R104: BGD | S104: 0 | T104: 11.541212 | U104: 50.74 | Z104: LBY | AA104: =IF(OR(AD104="Above 0.05",AE104="Above 0.05"),1,0) -> 0 | AB104: 86.209371 | AC104: 59.66 | AD104: =VLOOKUP(Z104,Migration!$J$3:$R$196,8,FALSE) -> Less than 0.1 | AE104: =VLOOKUP(Z104,Migration!$J$3:$R$196,9,FALSE) -> Less than 0.1
A105: BHR | B105: 0 | C105: 39.38341 | D105: 71.44 | R105: BHR | S105: 0 | T105: 39.38341 | U105: 71.44 | Z105: LCA | AA105: =IF(OR(AD105="Above 0.05",AE105="Above 0.05"),1,0) -> 0 | AB105: 37.96524 | AC105: 71.6 | AD105: =VLOOKUP(Z105,Migration!$J$3:$R$196,8,FALSE) -> Less than 0.1 | AE105: =VLOOKUP(Z105,Migration!$J$3:$R$196,9,FALSE) -> Above 0.1
A106: BLR | B106: 0 | C106: 155.40892 | D106: 73.54 | R106: BLR | S106: 0 | T106: 155.40892 | U106: 73.54 | Z106: LKA | AA106: =IF(OR(AD106="Above 0.05",AE106="Above 0.05"),1,0) -> 0 | AB106: 37.266355 | AC106: 66.8 | AD106: =VLOOKUP(Z106,Migration!$J$3:$R$196,8,FALSE) -> Less than 0.1 | AE106: =VLOOKUP(Z106,Migration!$J$3:$R$196,9,FALSE) -> Less than 0.1
A107: BRA | B107: 0 | C107: 97.13739 | D107: 75.03 | R107: BRA | S107: 0 | T107: 97.13739 | U107: 75.03 | Z107: LSO | AA107: =IF(OR(AD107="Above 0.05",AE107="Above 0.05"),1,0) -> 0 | AB107: 40.020579 | AC107: 48.09 | AD107: =VLOOKUP(Z107,Migration!$J$3:$R$196,8,FALSE) -> No data | AE107: =VLOOKUP(Z107,Migration!$J$3:$R$196,9,FALSE) -> Less than 0.1
A108: BRN | B108: 0 | C108: 75.070095 | D108: 76.81 | R108: BRN | S108: 0 | T108: 75.070095 | U108: 76.81 | Z108: LTU | AA108: =IF(OR(AD108="Above 0.05",AE108="Above 0.05"),1,0) -> 0 | AB108: 151.58923 | AC108: 69.52 | AD108: =VLOOKUP(Z108,Migration!$J$3:$R$196,8,FALSE) -> Less than 0.1 | AE108: =VLOOKUP(Z108,Migration!$J$3:$R$196,9,FALSE) -> Less than 0.1
A109: BTN | B109: 0 | C109: 25.764245 | D109: 62.39 | R109: BTN | S109: 0 | T109: 25.764245 | U109: 62.39 | Z109: LUX | AA109: =IF(OR(AD109="Above 0.05",AE109="Above 0.05"),1,0) -> 0 | AB109: 151.81259 | AC109: 86.48 | AD109: =VLOOKUP(Z109,Migration!$J$3:$R$196,8,FALSE) -> Above 0.1 | AE109: =VLOOKUP(Z109,Migration!$J$3:$R$196,9,FALSE) -> Less than 0.1
A110: BWA | B110: 0 | C110: 58.3523 | D110: 53.66 | R110: BWA | S110: 0 | T110: 58.3523 | U110: 53.66 | Z110: LVA | AA110: =IF(OR(AD110="Above 0.05",AE110="Above 0.05"),1,0) -> 0 | AB110: 78.390332 | AC110: 71.77 | AD110: =VLOOKUP(Z110,Migration!$J$3:$R$196,8,FALSE) -> Above 0.1 | AE110: =VLOOKUP(Z110,Migration!$J$3:$R$196,9,FALSE) -> Less than 0.1
A111: CAF | B111: 0 | C111: 3.2787762 | D111: 32.46 | R111: CAF | S111: 0 | T111: 3.2787762 | U111: 32.46 | Z111: MAR | AA111: =IF(OR(AD111="Above 0.05",AE111="Above 0.05"),1,0) -> 0 | AB111: 21.183989 | AC111: 72.74 | AD111: =VLOOKUP(Z111,Migration!$J$3:$R$196,8,FALSE) -> Above 0.1 | AE111: =VLOOKUP(Z111,Migration!$J$3:$R$196,9,FALSE) -> Less than 0.1
A112: CHE | B112: 0 | C112: 226.40989 | D112: 87.14 | R112: CHE | S112: 0 | T112: 226.40989 | U112: 87.14 | Z112: MCO | AA112: =IF(OR(AD112="Above 0.05",AE112="Above 0.05"),1,0) -> 0 | AB112: 276.52733 | AC112: 84.82 | AD112: =VLOOKUP(Z112,Migration!$J$3:$R$196,8,FALSE) -> No data | AE112: =VLOOKUP(Z112,Migration!$J$3:$R$196,9,FALSE) -> No data
A113: CHL | B113: 0 | C113: 71.889527 | D113: 79.84 | R113: CHL | S113: 0 | T113: 71.889527 | U113: 79.84 | Z113: MDA | AA113: =IF(OR(AD113="Above 0.05",AE113="Above 0.05"),1,0) -> 0 | AB113: 77.811821 | AC113: 67.42 | AD113: =VLOOKUP(Z113,Migration!$J$3:$R$196,8,FALSE) -> Above 0.1 | AE113: =VLOOKUP(Z113,Migration!$J$3:$R$196,9,FALSE) -> Less than 0.1
A114: CHN | B114: 0 | C114: 57.462381 | D114: 82.17 | R114: CHN | S114: 0 | T114: 57.462381 | U114: 82.17 | Z114: MDG | AA114: =IF(OR(AD114="Above 0.05",AE114="Above 0.05"),1,0) -> 0 | AB114: 4.9646388 | AC114: 34.65 | AD114: =VLOOKUP(Z114,Migration!$J$3:$R$196,8,FALSE) -> Less than 0.1 | AE114: =VLOOKUP(Z114,Migration!$J$3:$R$196,9,FALSE) -> No data
A115: CIV | B115: 0 | C115: 8.1840465 | D115: 45.44 | R115: CIV | S115: 0 | T115: 8.1840465 | U115: 45.44 | Z115: MDV | AA115: =IF(OR(AD115="Above 0.05",AE115="Above 0.05"),1,0) -> 0 | AB115: 58.644843 | AC115: 69.17 | AD115: =VLOOKUP(Z115,Migration!$J$3:$R$196,8,FALSE) -> Less than 0.1 | AE115: =VLOOKUP(Z115,Migration!$J$3:$R$196,9,FALSE) -> Less than 0.1
... A148: MCO | B148: 0 | C148: 276.52733 | D148: 84.82 | R148: MCO | S148: 0 | T148: 276.52733 | U148: 84.82 | Z148: PRY | AA148: =IF(OR(AD148="Above 0.05",AE148="Above 0.05"),1,0) -> 0 | AB148: 31.367098 | AC148: 61.41 | AD148: =VLOOKUP(Z148,Migration!$J$3:$R$196,8,FALSE) -> Less than 0.1 | AE148: =VLOOKUP(Z148,Migration!$J$3:$R$196,9,FALSE) -> Less than 0.1
A149: MLI | B149: 0 | C149: 5.6874344 | D149: 41.55 | R149: MLI | S149: 0 | T149: 5.6874344 | U149: 41.55 | Z149: PYF | AA149: =IF(OR(AD149="Above 0.05",AE149="Above 0.05"),1,0) -> #N/A | AB149: #N/A | AC149: #N/A | AD149: =VLOOKUP(Z149,Migration!$J$3:$R$196,8,FALSE) -> #N/A | AE149: =VLOOKUP(Z149,Migration!$J$3:$R$196,9,FALSE) -> #N/A
A150: MMR | B150: 0 | C150: 18.20574 | D150: 60.5 | R150: MMR | S150: 0 | T150: 18.20574 | U150: 60.5 | Z150: QAT | AA150: =IF(OR(AD150="Above 0.05",AE150="Above 0.05"),1,0) -> 0 | AB150: 96.822715 | AC150: 74.4 | AD150: =VLOOKUP(Z150,Migration!$J$3:$R$196,8,FALSE) -> Less than 0.1 | AE150: =VLOOKUP(Z150,Migration!$J$3:$R$196,9,FALSE) -> Less than 0.1
A151: MNG | B151: 0 | C151: 80.714088 | D151: 63.28 | R151: MNG | S151: 0 | T151: 80.714088 | U151: 63.28 | Z151: ROU | AA151: =IF(OR(AD151="Above 0.05",AE151="Above 0.05"),1,0) -> 0 | AB151: 103.45635 | AC151: 71.46 | AD151: =VLOOKUP(Z151,Migration!$J$3:$R$196,8,FALSE) -> Above 0.1 | AE151: =VLOOKUP(Z151,Migration!$J$3:$R$196,9,FALSE) -> Less than 0.1
A152: MRT | B152: 0 | C152: 11.116632 | D152: 39.57 | R152: MRT | S152: 0 | T152: 11.116632 | U152: 39.57 | Z152: RUS | AA152: =IF(OR(AD152="Above 0.05",AE152="Above 0.05"),1,0) -> 0 | AB152: 100.45527 | AC152: 75.37 | AD152: =VLOOKUP(Z152,Migration!$J$3:$R$196,8,FALSE) -> Less than 0.1 | AE152: =VLOOKUP(Z152,Migration!$J$3:$R$196,9,FALSE) -> Less than 0.1
A153: MWI | B153: 0 | C153: 7.6031413 | D153: 48.26 | R153: MWI | S153: 0 | T153: 7.6031413 | U153: 48.26 | Z153: RWA | AA153: =IF(OR(AD153="Above 0.05",AE153="Above 0.05"),1,0) -> 0 | AB153: 10.684127 | AC153: 53.74 | AD153: =VLOOKUP(Z153,Migration!$J$3:$R$196,8,FALSE) -> Less than 0.1 | AE153: =VLOOKUP(Z153,Migration!$J$3:$R$196,9,FALSE) -> Less than 0.1
A154: MYS | B154: 0 | C154: 57.728977 | D154: 75.81 | R154: MYS | S154: 0 | T154: 57.728977 | U154: 75.81 | Z154: SAU | AA154: =IF(OR(AD154="Above 0.05",AE154="Above 0.05"),1,0) -> 0 | AB154: 85.515813 | AC154: 72.87 | AD154: =VLOOKUP(Z154,Migration!$J$3:$R$196,8,FALSE) -> Less than 0.1 | AE154: =VLOOKUP(Z154,Migration!$J$3:$R$196,9,FALSE) -> Less than 0.1
A155: NAM | B155: 0 | C155: 29.7409 | D155: 61.57 | R155: NAM | S155: 0 | T155: 29.7409 | U155: 61.57 | Z155: SCT | AA155: =IF(OR(AD155="Above 0.05",AE155="Above 0.05"),1,0) -> #N/A | AB155: #N/A | AC155: #N/A | AD155: =VLOOKUP(Z155,Migration!$J$3:$R$196,8,FALSE) -> #N/A | AE155: =VLOOKUP(Z155,Migration!$J$3:$R$196,9,FALSE) -> #N/A
A156: NLD | B156: 0 | C156: 157.54386 | D156: 86.29 | R156: NLD | S156: 0 | T156: 157.54386 | U156: 86.29 | Z156: SDN | AA156: =IF(OR(AD156="Above 0.05",AE156="Above 0.05"),1,0) -> 0 | AB156: 14.073406 | AC156: 43.78 | AD156: =VLOOKUP(Z156,Migration!$J$3:$R$196,8,FALSE) -> Above 0.1 | AE156: =VLOOKUP(Z156,Migration!$J$3:$R$196,9,FALSE) -> Less than 0.1
A157: NOR | B157: 0 | C157: 234.68608 | D157: 85.6 | R157: NOR | S157: 0 | T157: 234.68608 | U157: 85.6 | Z157: SEN | AA157: =IF(OR(AD157="Above 0.05",AE157="Above 0.05"),1,0) -> 0 | AB157: 6.2834356 | AC157: 48.99 | AD157: =VLOOKUP(Z157,Migration!$J$3:$R$196,8,FALSE) -> Less than 0.1 | AE157: =VLOOKUP(Z157,Migration!$J$3:$R$196,9,FALSE) -> Less than 0.1
A158: NPL | B158: 0 | C158: 41.987629 | D158: 53.06 | R158: NPL | S158: 0 | T158: 41.987629 | U158: 53.06 | Z158: SGP | AA158: =IF(OR(AD158="Above 0.05",AE158="Above 0.05"),1,0) -> 0 | AB158: 87.031761 | AC158: 85.87 | AD158: =VLOOKUP(Z158,Migration!$J$3:$R$196,8,FALSE) -> Less than 0.1 | AE158: =VLOOKUP(Z158,Migration!$J$3:$R$196,9,FALSE) -> Less than 0.1
A159: NZL | B159: 0 | C159: 153.94528 | D159: 85.53 | R159: NZL | S159: 0 | T159: 153.94528 | U159: 85.53 | Z159: SLB | AA159: =IF(OR(AD159="Above 0.05",AE159="Above 0.05"),1,0) -> 0 | AB159: 23.580604 | AC159: 50.29 | AD159: =VLOOKUP(Z159,Migration!$J$3:$R$196,8,FALSE) -> No data | AE159: =VLOOKUP(Z159,Migration!$J$3:$R$196,9,FALSE) -> No data
A160: OMN | B160: 0 | C160: 57.119953 | D160: 68.66 | R160: OMN | S160: 0 | T160: 57.119953 | U160: 68.66 | Z160: SLE | AA160: =IF(OR(AD160="Above 0.05",AE160="Above 0.05"),1,0) -> 0 | AB160: 9.2148724 | AC160: 39.11 | AD160: =VLOOKUP(Z160,Migration!$J$3:$R$196,8,FALSE) -> Less than 0.1 | AE160: =VLOOKUP(Z160,Migration!$J$3:$R$196,9,FALSE) -> Above 0.1
A161: PLW | B161: 0 | C161: 82.356844 | D161: 58.77 | R161: PLW | S161: 0 | T161: 82.356844 | U161: 58.77 | Z161: SLV | AA161: =IF(OR(AD161="Above 0.05",AE161="Above 0.05"),1,0) -> 0 | AB161: 51.341621 | AC161: 75.51 | AD161: =VLOOKUP(Z161,Migration!$J$3:$R$196,8,FALSE) -> Less than 0.1 | AE161: =VLOOKUP(Z161,Migration!$J$3:$R$196,9,FALSE) -> Above 0.1
A162: PNG | B162: 0 | C162: 5.1902213 | D162: 33.42 | R162: PNG | S162: 0 | T162: 5.1902213 | U162: 33.42 | Z162: SMR | AA162: =IF(OR(AD162="Above 0.05",AE162="Above 0.05"),1,0) -> 0 | AB162: 142.98291 | AC162: 81.59 | AD162: =VLOOKUP(Z162,Migration!$J$3:$R$196,8,FALSE) -> No data | AE162: =VLOOKUP(Z162,Migration!$J$3:$R$196,9,FALSE) -> No data
...

Sheet Migration
A1: Medical doctors | E1: Nursing personnel | J1: Stock | P1: Threshold | Q1: 0.1 | T1: 0-5% | U1: 5%+ | V1: No data
A2: ISO3 | B2: Foreign trained | E2: ISO3 | F2: Foreign trained | J2: ='Processed HWF'!B1 -> ISO3 | K2: Medical doctors | L2: Nursing personnel | M2: Medical doctors foreign | N2: Nursing personnel foreign | O2: Share foreign med | P2: Share foreign nurse | Q2: Share foreign med cat | R2: Share foreign nur cat | X2: ISO3 | Y2: Country | Z2: Share foreign med | AA2: Share foreign nurse | AC2: ISO3 | AD2: Country | AE2: Share foreign med | AF2: Share foreign nurse
A3: IND | B3: 17202 | E3: PHL | F3: 220984 | J3: ='Processed HWF'!B2 -> AFG | K3: =ROUND('Processed HWF'!D2/10000*'Processed HWF'!J2,0) -> 9887 | L3: =ROUND('Processed HWF'!E2/10000*'Processed HWF'!J2,0) -> 12017 | M3: =VLOOKUP(J3,A$3:B$184,2,FALSE) -> 261 | N3: =VLOOKUP(J3,E$3:F$171,2,FALSE) -> 767 | O3: =IF(_xlfn.IFNA(M3,0)=0,"No data",M3/K3) -> 0.026398301 | P3: =IF(_xlfn.IFNA(N3,0)=0,"No data",N3/L3) -> 0.063826246 | Q3: =IF(O3="No data","No data",IF(O3<$Q$1,"Less than "&$Q$1,"Above "&$Q$1)) -> Less than 0.1 | R3: =IF(P3="No data","No data",IF(P3<$Q$1,"Less than "&$Q$1,"Above "&$Q$1)) -> Less than 0.1 | X3: NIU | Y3: =VLOOKUP(X3,'Reference table'!$J$2:$K$195,2,FALSE) -> Niue | Z3: 44.333333 | AA3: No data | AC3: JAM | AD3: =VLOOKUP(AC3,'Reference table'!$J$2:$K$195,2,FALSE) -> Jamaica | AE3: 0.016025641 | AF3: 15.738384
A4: DZA | B4: 11000 | E4: IND | F4: 71230 | J4: ='Processed HWF'!B3 -> AGO | K4: =ROUND('Processed HWF'!D3/10000*'Processed HWF'!J3,0) -> 7035 | L4: =ROUND('Processed HWF'!E3/10000*'Processed HWF'!J3,0) -> 13396 | M4: =VLOOKUP(J4,A$3:B$184,2,FALSE) -> 114 | N4: =VLOOKUP(J4,E$3:F$171,2,FALSE) -> 16 | O4: =IF(_xlfn.IFNA(M4,0)=0,"No data",M4/K4) -> 0.016204691 | P4: =IF(_xlfn.IFNA(N4,0)=0,"No data",N4/L4) -> 0.0011943864 | Q4: =IF(O4="No data","No data",IF(O4<$Q$1,"Less than "&$Q$1,"Above "&$Q$1)) -> Less than 0.1 | R4: =IF(P4="No data","No data",IF(P4<$Q$1,"Less than "&$Q$1,"Above "&$Q$1)) -> Less than 0.1 | X4: FSM | Y4: =VLOOKUP(X4,'Reference table'!$J$2:$K$195,2,FALSE) -> Micronesia, Federated States of | Z4: 2.8703704 | AA4: 0.21982759 | AC4: HTI | AD4: =VLOOKUP(AC4,'Reference table'!$J$2:$K$195,2,FALSE) -> Haiti | AE4: 0.014942099 | AF4: 7.8843851
A5: RUS | B5: 9862 | E5: MEX | F5: 38969 | J5: ='Processed HWF'!B4 -> ALB | K5: =ROUND('Processed HWF'!D4/10000*'Processed HWF'!J4,0) -> 5397 | L5: =ROUND('Processed HWF'!E4/10000*'Processed HWF'!J4,0) -> 15692 | M5: =VLOOKUP(J5,A$3:B$184,2,FALSE) -> 1210 | N5: =VLOOKUP(J5,E$3:F$171,2,FALSE) -> 1613 | O5: =IF(_xlfn.IFNA(M5,0)=0,"No data",M5/K5) -> 0.22419863 | P5: =IF(_xlfn.IFNA(N5,0)=0,"No data",N5/L5) -> 0.10279123 | Q5: =IF(O5="No data","No data",IF(O5<$Q$1,"Less than "&$Q$1,"Above "&$Q$1)) -> Above 0.1 | R5: =IF(P5="No data","No data",IF(P5<$Q$1,"Less than "&$Q$1,"Above "&$Q$1)) -> Above 0.1 | X5: DMA | Y5: =VLOOKUP(X5,'Reference table'!$J$2:$K$195,2,FALSE) -> Dominica | Z5: 0.55696203 | AA5: 1.0660592 | AC5: GUY | AD5: =VLOOKUP(AC5,'Reference table'!$J$2:$K$195,2,FALSE) -> Guyana | AE5: 0.015178571 | AF5: 4.7513336
A6: ROU | B6: 9462 | E6: JAM | F6: 37599 | J6: ='Processed HWF'!B5 -> AND | K6: =ROUND('Processed HWF'!D5/10000*'Processed HWF'!J5,0) -> 258 | L6: =ROUND('Processed HWF'!E5/10000*'Processed HWF'!J5,0) -> 293 | M6: =VLOOKUP(J6,A$3:B$184,2,FALSE) -> 2 | N6: =VLOOKUP(J6,E$3:F$171,2,FALSE) -> #N/A | O6: =IF(_xlfn.IFNA(M6,0)=0,"No data",M6/K6) -> 0.007751938 | P6: =IF(_xlfn.IFNA(N6,0)=0,"No data",N6/L6) -> No data | Q6: =IF(O6="No data","No data",IF(O6<$Q$1,"Less than "&$Q$1,"Above "&$Q$1)) -> Less than 0.1 | R6: =IF(P6="No data","No data",IF(P6<$Q$1,"Less than "&$Q$1,"Above "&$Q$1)) -> No data | X6: GRD | Y6: =VLOOKUP(X6,'Reference table'!$J$2:$K$195,2,FALSE) -> Grenada | Z6: 0.48765432 | AA6: 2.0537482 | AC6: BRB | AD6: =VLOOKUP(AC6,'Reference table'!$J$2:$K$195,2,FALSE) -> Barbados | AE6: 0.0013986014 | AF6: 2.5517634
A7: UKR | B7: 7612 | E7: NGA | F7: 37461 | J7: ='Processed HWF'!B6 -> ARE | K7: =ROUND('Processed HWF'!D6/10000*'Processed HWF'!J6,0) -> 25726 | L7: =ROUND('Processed HWF'!E6/10000*'Processed HWF'!J6,0) -> 56831 | M7: =VLOOKUP(J7,A$3:B$184,2,FALSE) -> 130 | N7: =VLOOKUP(J7,E$3:F$171,2,FALSE) -> 287 | O7: =IF(_xlfn.IFNA(M7,0)=0,"No data",M7/K7) -> 0.0050532535 | P7: =IF(_xlfn.IFNA(N7,0)=0,"No data",N7/L7) -> 0.0050500607 | Q7: =IF(O7="No data","No data",IF(O7<$Q$1,"Less than "&$Q$1,"Above "&$Q$1)) -> Less than 0.1 | R7: =IF(P7="No data","No data",IF(P7<$Q$1,"Less than "&$Q$1,"Above "&$Q$1)) -> Less than 0.1 | X7: VCT | Y7: =VLOOKUP(X7,'Reference table'!$J$2:$K$195,2,FALSE) -> Saint Vincent and the Grenadines | Z7: 0.40384615 | AA7: 1.7866324 | AC7: SOM | AD7: =VLOOKUP(AC7,'Reference table'!$J$2:$K$195,2,FALSE) -> Somalia | AE7: 0.016393443 | AF7: 2.5301328
A8: PAK | B8: 6464 | E8: HTI | F8: 34234 | J8: ='Processed HWF'!B7 -> ARG | K8: =ROUND('Processed HWF'!D7/10000*'Processed HWF'!J7,0) -> 183458 | L8: =ROUND('Processed HWF'!E7/10000*'Processed HWF'!J7,0) -> 117590 | M8: =VLOOKUP(J8,A$3:B$184,2,FALSE) -> 1312 | N8: =VLOOKUP(J8,E$3:F$171,2,FALSE) -> 2768 | O8: =IF(_xlfn.IFNA(M8,0)=0,"No data",M8/K8) -> 0.0071515006 | P8: =IF(_xlfn.IFNA(N8,0)=0,"No data",N8/L8) -> 0.023539417 | Q8: =IF(O8="No data","No data",IF(O8<$Q$1,"Less than "&$Q$1,"Above "&$Q$1)) -> Less than 0.1 | R8: =IF(P8="No data","No data",IF(P8<$Q$1,"Less than "&$Q$1,"Above "&$Q$1)) -> Less than 0.1 | X8: CYP | Y8: =VLOOKUP(X8,'Reference table'!$J$2:$K$195,2,FALSE) -> Cyprus | Z8: 0.27660695 | AA8: 0.098107256 | AC8: GRD | AD8: =VLOOKUP(AC8,'Reference table'!$J$2:$K$195,2,FALSE) -> Grenada | AE8: 0.48765432 | AF8: 2.0537482
A9: MAR | B9: 5672 | E9: CAN | F9: 30106 | J9: ='Processed HWF'!B8 -> ARM | K9: =ROUND('Processed HWF'!D8/10000*'Processed HWF'!J8,0) -> 13045 | L9: =ROUND('Processed HWF'!E8/10000*'Processed HWF'!J8,0) -> 13433 | M9: =VLOOKUP(J9,A$3:B$184,2,FALSE) -> 819 | N9: =VLOOKUP(J9,E$3:F$171,2,FALSE) -> 1984 | O9: =IF(_xlfn.IFNA(M9,0)=0,"No data",M9/K9) -> 0.062782675 | P9: =IF(_xlfn.IFNA(N9,0)=0,"No data",N9/L9) -> 0.14769597 | Q9: =IF(O9="No data","No data",IF(O9<$Q$1,"Less than "&$Q$1,"Above "&$Q$1)) -> Less than 0.1 | R9: =IF(P9="No data","No data",IF(P9<$Q$1,"Less than "&$Q$1,"Above "&$Q$1)) -> Above 0.1 | X9: LUX | Y9: =VLOOKUP(X9,'Reference table'!$J$2:$K$195,2,FALSE) -> Luxembourg | Z9: 0.25345377 | AA9: 0.00013524479 | AC9: VCT | AD9: =VLOOKUP(AC9,'Reference table'!$J$2:$K$195,2,FALSE) -> Saint Vincent and the Grenadines | AE9: 0.40384615 | AF9: 1.7866324
A10: ITA | B10: 5434 | E10: POL | F10: 30040 | J10: ='Processed HWF'!B9 -> ATG | K10: =ROUND('Processed HWF'!D9/10000*'Processed HWF'!J9,0) -> 271 | L10: =ROUND('Processed HWF'!E9/10000*'Processed HWF'!J9,0) -> 615 | M10: =VLOOKUP(J10,A$3:B$184,2,FALSE) -> 8 | N10: =VLOOKUP(J10,E$3:F$171,2,FALSE) -> 906 | O10: =IF(_xlfn.IFNA(M10,0)=0,"No data",M10/K10) -> 0.029520295 | P10: =IF(_xlfn.IFNA(N10,0)=0,"No data",N10/L10) -> 1.4731707 | Q10: =IF(O10="No data","No data",IF(O10<$Q$1,"Less than "&$Q$1,"Above "&$Q$1)) -> Less than 0.1 | R10: =IF(P10="No data","No data",IF(P10<$Q$1,"Less than "&$Q$1,"Above "&$Q$1)) -> Above 0.1 | X10: TUN | Y10: =VLOOKUP(X10,'Reference table'!$J$2:$K$195,2,FALSE) -> Tunisia | Z10: 0.24153119 | AA10: 0.039907364 | AC10: TTO | AD10: =VLOOKUP(AC10,'Reference table'!$J$2:$K$195,2,FALSE) -> Trinidad and Tobago | AE10: 0.0001596424 | AF10: 1.6009904
A11: SYR | B11: 5400 | E11: DEU | F11: 28396 | J11: ='Processed HWF'!B10 -> AUS | K11: =ROUND('Processed HWF'!D10/10000*'Processed HWF'!J10,0) -> 105293 | L11: =ROUND('Processed HWF'!E10/10000*'Processed HWF'!J10,0) -> 313594 | M11: =VLOOKUP(J11,A$3:B$184,2,FALSE) -> 898 | N11: =VLOOKUP(J11,E$3:F$171,2,FALSE) -> 3735 | O11: =IF(_xlfn.IFNA(M11,0)=0,"No data",M11/K11) -> 0.0085285821 | P11: =IF(_xlfn.IFNA(N11,0)=0,"No data",N11/L11) -> 0.011910304 | Q11: =IF(O11="No data","No data",IF(O11<$Q$1,"Less than "&$Q$1,"Above "&$Q$1)) -> Less than 0.1 | R11: =IF(P11="No data","No data",IF(P11<$Q$1,"Less than "&$Q$1,"Above "&$Q$1)) -> Less than 0.1 | X11: SYR | Y11: =VLOOKUP(X11,'Reference table'!$J$2:$K$195,2,FALSE) -> Syrian Arab Republic | Z11: 0.24014943 | AA11: 0.027202795 | AC11: ATG | AD11: =VLOOKUP(AC11,'Reference table'!$J$2:$K$195,2,FALSE) -> Antigua and Barbuda | AE11: 0.029520295 | AF11: 1.4731707
A12: CUB | B12: 4577 | E12: GBR | F12: 23429 | J12: ='Processed HWF'!B11 -> AUT | K12: =ROUND('Processed HWF'!D11/10000*'Processed HWF'!J11,0) -> 47674 | L12: =ROUND('Processed HWF'!E11/10000*'Processed HWF'!J11,0) -> 92643 | M12: =VLOOKUP(J12,A$3:B$184,2,FALSE) -> 2336 | N12: =VLOOKUP(J12,E$3:F$171,2,FALSE) -> 869 | O12: =IF(_xlfn.IFNA(M12,0)=0,"No data",M12/K12) -> 0.048999455 | P12: =IF(_xlfn.IFNA(N12,0)=0,"No data",N12/L12) -> 0.0093800935 | Q12: =IF(O12="No data","No data",IF(O12<$Q$1,"Less than "&$Q$1,"Above "&$Q$1)) -> Less than 0.1 | R12: =IF(P12="No data","No data",IF(P12<$Q$1,"Less than "&$Q$1,"Above "&$Q$1)) -> Less than 0.1 | X12: MLT | Y12: =VLOOKUP(X12,'Reference table'!$J$2:$K$195,2,FALSE) -> Malta | Z12: 0.23357086 | AA12: 0.01714135 | AC12: LCA | AD12: =VLOOKUP(AC12,'Reference table'!$J$2:$K$195,2,FALSE) -> Saint Lucia | AE12: 0.076271186 | AF12: 1.2795031
A13: EGY | B13: 4228 | E13: RUS | F13: 21528 | J13: ='Processed HWF'!B12 -> AZE | K13: =ROUND('Processed HWF'!D12/10000*'Processed HWF'!J12,0) -> 32272 | L13: =ROUND('Processed HWF'!E12/10000*'Processed HWF'!J12,0) -> 59890 | M13: =VLOOKUP(J13,A$3:B$184,2,FALSE) -> 1450 | N13: =VLOOKUP(J13,E$3:F$171,2,FALSE) -> 1002 | O13: =IF(_xlfn.IFNA(M13,0)=0,"No data",M13/K13) -> 0.04493059 | P13: =IF(_xlfn.IFNA(N13,0)=0,"No data",N13/L13) -> 0.016730673 | Q13: =IF(O13="No data","No data",IF(O13<$Q$1,"Less than "&$Q$1,"Above "&$Q$1)) -> Less than 0.1 | R13: =IF(P13="No data","No data",IF(P13<$Q$1,"Less than "&$Q$1,"Above "&$Q$1)) -> Less than 0.1 | X13: ALB | Y13: =VLOOKUP(X13,'Reference table'!$J$2:$K$195,2,FALSE) -> Albania | Z13: 0.22419863 | AA13: 0.10279123 | AC13: BLZ | AD13: =VLOOKUP(AC13,'Reference table'!$J$2:$K$195,2,FALSE) -> Belize | AE13: 0.0046620047 | AF13: 1.1707841
A14: SVK | B14: 3959 | E14: CHN | F14: 19462 | J14: ='Processed HWF'!B13 -> BDI | K14: =ROUND('Processed HWF'!D13/10000*'Processed HWF'!J13,0) -> 851 | L14: =ROUND('Processed HWF'!E13/10000*'Processed HWF'!J13,0) -> 7707 | M14: =VLOOKUP(J14,A$3:B$184,2,FALSE) -> 12 | N14: =VLOOKUP(J14,E$3:F$171,2,FALSE) -> 3 | O14: =IF(_xlfn.IFNA(M14,0)=0,"No data",M14/K14) -> 0.014101058 | P14: =IF(_xlfn.IFNA(N14,0)=0,"No data",N14/L14) -> 0.00038925652 | Q14: =IF(O14="No data","No data",IF(O14<$Q$1,"Less than "&$Q$1,"Above "&$Q$1)) -> Less than 0.1 | R14: =IF(P14="No data","No data",IF(P14<$Q$1,"Less than "&$Q$1,"Above "&$Q$1)) -> Less than 0.1 | X14: BHS | Y14: =VLOOKUP(X14,'Reference table'!$J$2:$K$195,2,FALSE) -> Bahamas | Z14: 0.21784777 | AA14: 0.50612472 | AC14: TON | AD14: =VLOOKUP(AC14,'Reference table'!$J$2:$K$195,2,FALSE) -> Tonga | AE14: No data | AF14: 1.0845987
A15: GRC | B15: 3914 | E15: CUB | F15: 17754 | J15: ='Processed HWF'!B14 -> BEL | K15: =ROUND('Processed HWF'!D14/10000*'Processed HWF'!J14,0) -> 70389 | L15: =ROUND('Processed HWF'!E14/10000*'Processed HWF'!J14,0) -> 218469 | M15: =VLOOKUP(J15,A$3:B$184,2,FALSE) -> 603 | N15: =VLOOKUP(J15,E$3:F$171,2,FALSE) -> 977 | O15: =IF(_xlfn.IFNA(M15,0)=0,"No data",M15/K15) -> 0.0085666795 | P15: =IF(_xlfn.IFNA(N15,0)=0,"No data",N15/L15) -> 0.0044720304 | Q15: =IF(O15="No data","No data",IF(O15<$Q$1,"Less than "&$Q$1,"Above "&$Q$1)) -> Less than 0.1 | R15: =IF(P15="No data","No data",IF(P15<$Q$1,"Less than "&$Q$1,"Above "&$Q$1)) -> Less than 0.1 | X15: MAR | Y15: =VLOOKUP(X15,'Reference table'!$J$2:$K$195,2,FALSE) -> Morocco | Z15: 0.21038576 | AA15: 0.092626875 | AC15: DMA | AD15: =VLOOKUP(AC15,'Reference table'!$J$2:$K$195,2,FALSE) -> Dominica | AE15: 0.55696203 | AF15: 1.0660592
A16: USA | B16: 3835 | E16: VNM | F16: 15849 | J16: ='Processed HWF'!B15 -> BEN | K16: =ROUND('Processed HWF'!D15/10000*'Processed HWF'!J15,0) -> 784 | L16: =ROUND('Processed HWF'!E15/10000*'Processed HWF'!J15,0) -> 2743 | M16: =VLOOKUP(J16,A$3:B$184,2,FALSE) -> 9 | N16: =VLOOKUP(J16,E$3:F$171,2,FALSE) -> 4 | O16: =IF(_xlfn.IFNA(M16,0)=0,"No data",M16/K16) -> 0.011479592 | P16: =IF(_xlfn.IFNA(N16,0)=0,"No data",N16/L16) -> 0.0014582574 | Q16: =IF(O16="No data","No data",IF(O16<$Q$1,"Less than "&$Q$1,"Above "&$Q$1)) -> Less than 0.1 | R16: =IF(P16="No data","No data",IF(P16<$Q$1,"Less than "&$Q$1,"Above "&$Q$1)) -> Less than 0.1 | X16: MDA | Y16: =VLOOKUP(X16,'Reference table'!$J$2:$K$195,2,FALSE) -> Republic of Moldova | Z16: 0.20645574 | AA16: 0.023533908 | AC16: SLE | AD16: =VLOOKUP(AC16,'Reference table'!$J$2:$K$195,2,FALSE) -> Sierra Leone | AE16: 0.042372881 | AF16: 0.98850575
A17: TUN | B17: 3729 | E17: KEN | F17: 14257 | J17: ='Processed HWF'!B16 -> BFA | K17: =ROUND('Processed HWF'!D16/10000*'Processed HWF'!J16,0) -> 1089 | L17: =ROUND('Processed HWF'!E16/10000*'Processed HWF'!J16,0) -> 11702 | M17: =VLOOKUP(J17,A$3:B$184,2,FALSE) -> 68 | N17: =VLOOKUP(J17,E$3:F$171,2,FALSE) -> 43 | O17: =IF(_xlfn.IFNA(M17,0)=0,"No data",M17/K17) -> 0.062442608 | P17: =IF(_xlfn.IFNA(N17,0)=0,"No data",N17/L17) -> 0.0036745855 | Q17: =IF(O17="No data","No data",IF(O17<$Q$1,"Less than "&$Q$1,"Above "&$Q$1)) -> Less than 0.1 | R17: =IF(P17="No data","No data",IF(P17<$Q$1,"Less than "&$Q$1,"Above "&$Q$1)) -> Less than 0.1 | X17: SVK | Y17: =VLOOKUP(X17,'Reference table'!$J$2:$K$195,2,FALSE) -> Slovakia | Z17: 0.2034116 | AA17: 0.017399355 | AC17: CMR | AD17: =VLOOKUP(AC17,'Reference table'!$J$2:$K$195,2,FALSE) -> Cameroon | AE17: 0.092715232 | AF17: 0.69638198
A18: HUN | B18: 3505 | E18: ROU | F18: 13067 | J18: ='Processed HWF'!B17 -> BGD | K18: =ROUND('Processed HWF'!D17/10000*'Processed HWF'!J17,0) -> 109667 | L18: =ROUND('Processed HWF'!E17/10000*'Processed HWF'!J17,0) -> 66847 | M18: =VLOOKUP(J18,A$3:B$184,2,FALSE) -> 744 | N18: =VLOOKUP(J18,E$3:F$171,2,FALSE) -> 1281 | O18: =IF(_xlfn.IFNA(M18,0)=0,"No data",M18/K18) -> 0.0067841739 | P18: =IF(_xlfn.IFNA(N18,0)=0,"No data",N18/L18) -> 0.019163164 | Q18: =IF(O18="No data","No data",IF(O18<$Q$1,"Less than "&$Q$1,"Above "&$Q$1)) -> Less than 0.1 | R18: =IF(P18="No data","No data",IF(P18<$Q$1,"Less than "&$Q$1,"Above "&$Q$1)) -> Less than 0.1 | X18: MHL | Y18: =VLOOKUP(X18,'Reference table'!$J$2:$K$195,2,FALSE) -> Marshall Islands | Z18: 0.2 | AA18: 0.56060606 | AC18: DOM | AD18: =VLOOKUP(AC18,'Reference table'!$J$2:$K$195,2,FALSE) -> Dominican Republic | AE18: 0.01341178 | AF18: 0.65210824
A19: POL | B19: 3026 | E19: GUY | F19: 11579 | J19: ='Processed HWF'!B18 -> BGR | K19: =ROUND('Processed HWF'!D18/10000*'Processed HWF'!J18,0) -> 29233 | L19: =ROUND('Processed HWF'!E18/10000*'Processed HWF'!J18,0) -> 30141 | M19: =VLOOKUP(J19,A$3:B$184,2,FALSE) -> 2166 | N19: =VLOOKUP(J19,E$3:F$171,2,FALSE) -> 1850 | O19: =IF(_xlfn.IFNA(M19,0)=0,"No data",M19/K19) -> 0.074094345 | P19: =IF(_xlfn.IFNA(N19,0)=0,"No data",N19/L19) -> 0.061378189 | Q19: =IF(O19="No data","No data",IF(O19<$Q$1,"Less than "&$Q$1,"Above "&$Q$1)) -> Less than 0.1 | R19: =IF(P19="No data","No data",IF(P19<$Q$1,"Less than "&$Q$1,"Above "&$Q$1)) -> Less than 0.1 | X19: ROU | Y19: =VLOOKUP(X19,'Reference table'!$J$2:$K$195,2,FALSE) -> Romania | Z19: 0.16539645 | AA19: 0.094351339 | AC19: SLV | AD19: =VLOOKUP(AC19,'Reference table'!$J$2:$K$195,2,FALSE) -> El Salvador | AE19: 0.015793715 | AF19: 0.59707514
A20: DEU | B20: 2873 | E20: GHA | F20: 11557 | J20: ='Processed HWF'!B19 -> BHR | K20: =ROUND('Processed HWF'!D19/10000*'Processed HWF'!J19,0) -> 1575 | L20: =ROUND('Processed HWF'!E19/10000*'Processed HWF'!J19,0) -> 4244 | M20: =VLOOKUP(J20,A$3:B$184,2,FALSE) -> 68 | N20: =VLOOKUP(J20,E$3:F$171,2,FALSE) -> 5 | O20: =IF(_xlfn.IFNA(M20,0)=0,"No data",M20/K20) -> 0.043174603 | P20: =IF(_xlfn.IFNA(N20,0)=0,"No data",N20/L20) -> 0.0011781338 | Q20: =IF(O20="No data","No data",IF(O20<$Q$1,"Less than "&$Q$1,"Above "&$Q$1)) -> Less than 0.1 | R20: =IF(P20="No data","No data",IF(P20<$Q$1,"Less than "&$Q$1,"Above "&$Q$1)) -> Less than 0.1 | X20: IRL | Y20: =VLOOKUP(X20,'Reference table'!$J$2:$K$195,2,FALSE) -> Ireland | Z20: 0.15640416 | AA20: 0.072229061 | AC20: LBR | AD20: =VLOOKUP(AC20,'Reference table'!$J$2:$K$195,2,FALSE) -> Liberia | AE20: 0.023255814 | AF20: 0.57595385
A21: SRB | B21: 2822 | E21: UKR | F21: 10800 | J21: ='Processed HWF'!B20 -> BHS | K21: =ROUND('Processed HWF'!D20/10000*'Processed HWF'!J20,0) -> 762 | L21: =ROUND('Processed HWF'!E20/10000*'Processed HWF'!J20,0) -> 1796 | M21: =VLOOKUP(J21,A$3:B$184,2,FALSE) -> 166 | N21: =VLOOKUP(J21,E$3:F$171,2,FALSE) -> 909 | O21: =IF(_xlfn.IFNA(M21,0)=0,"No data",M21/K21) -> 0.21784777 | P21: =IF(_xlfn.IFNA(N21,0)=0,"No data",N21/L21) -> 0.50612472 | Q21: =IF(O21="No data","No data",IF(O21<$Q$1,"Less than "&$Q$1,"Above "&$Q$1)) -> Above 0.1 | R21: =IF(P21="No data","No data",IF(P21<$Q$1,"Less than "&$Q$1,"Above "&$Q$1)) -> Above 0.1 | X21: DZA | Y21: =VLOOKUP(X21,'Reference table'!$J$2:$K$195,2,FALSE) -> Algeria | Z21: 0.14580158 | AA21: 0.14285714 | AC21: MHL | AD21: =VLOOKUP(AC21,'Reference table'!$J$2:$K$195,2,FALSE) -> Marshall Islands | AE21: 0.2 | AF21: 0.56060606
A22: ESP | B22: 2814 | E22: DOM | F22: 10362 | J22: ='Processed HWF'!B21 -> BIH | K22: =ROUND('Processed HWF'!D21/10000*'Processed HWF'!J21,0) -> 7092 | L22: =ROUND('Processed HWF'!E21/10000*'Processed HWF'!J21,0) -> 18810 | M22: =VLOOKUP(J22,A$3:B$184,2,FALSE) -> 732 | N22: =VLOOKUP(J22,E$3:F$171,2,FALSE) -> 2271 | O22: =IF(_xlfn.IFNA(M22,0)=0,"No data",M22/K22) -> 0.10321489 | P22: =IF(_xlfn.IFNA(N22,0)=0,"No data",N22/L22) -> 0.12073365 | Q22: =IF(O22="No data","No data",IF(O22<$Q$1,"Less than "&$Q$1,"Above "&$Q$1)) -> Above 0.1 | R22: =IF(P22="No data","No data",IF(P22<$Q$1,"Less than "&$Q$1,"Above "&$Q$1)) -> Above 0.1 | X22: LAO | Y22: =VLOOKUP(X22,'Reference table'!$J$2:$K$195,2,FALSE) -> Lao People's Democratic Republic | Z22: 0.12271845 | AA22: 0.32373585 | AC22: WSM | AD22: =VLOOKUP(AC22,'Reference table'!$J$2:$K$195,2,FALSE) -> Samoa | AE22: No data | AF22: 0.53508772
A23: NGA | B23: 2736 | E23: ESP | F23: 10149 | J23: ='Processed HWF'!B22 -> BLR | K23: =ROUND('Processed HWF'!D22/10000*'Processed HWF'!J22,0) -> 42883 | L23: =ROUND('Processed HWF'!E22/10000*'Processed HWF'!J22,0) -> 98979 | M23: =VLOOKUP(J23,A$3:B$184,2,FALSE) -> 1619 | N23: =VLOOKUP(J23,E$3:F$171,2,FALSE) -> 1217 | O23: =IF(_xlfn.IFNA(M23,0)=0,"No data",M23/K23) -> 0.037753888 | P23: =IF(_xlfn.IFNA(N23,0)=0,"No data",N23/L23) -> 0.012295537 | Q23: =IF(O23="No data","No data",IF(O23<$Q$1,"Less than "&$Q$1,"Above "&$Q$1)) -> Less than 0.1 | R23: =IF(P23="No data","No data",IF(P23<$Q$1,"Less than "&$Q$1,"Above "&$Q$1)) -> Less than 0.1 | X23: MOZ | Y23: =VLOOKUP(X23,'Reference table'!$J$2:$K$195,2,FALSE) -> Mozambique | Z23: 0.11981914 | AA23: 0.0023814924 | AC23: BHS | AD23: =VLOOKUP(AC23,'Reference table'!$J$2:$K$195,2,FALSE) -> Bahamas | AE23: 0.21784777 | AF23: 0.50612472
A24: IRL | B24: 2695 | E24: JPN | F24: 9525 | J24: ='Processed HWF'!B23 -> BLZ | K24: =ROUND('Processed HWF'!D23/10000*'Processed HWF'!J23,0) -> 429 | L24: =ROUND('Processed HWF'!E23/10000*'Processed HWF'!J23,0) -> 931 | M24: =VLOOKUP(J24,A$3:B$184,2,FALSE) -> 2 | N24: =VLOOKUP(J24,E$3:F$171,2,FALSE) -> 1090 | O24: =IF(_xlfn.IFNA(M24,0)=0,"No data",M24/K24) -> 0.0046620047 | P24: =IF(_xlfn.IFNA(N24,0)=0,"No data",N24/L24) -> 1.1707841 | Q24: =IF(O24="No data","No data",IF(O24<$Q$1,"Less than "&$Q$1,"Above "&$Q$1)) -> Less than 0.1 | R24: =IF(P24="No data","No data",IF(P24<$Q$1,"Less than "&$Q$1,"Above "&$Q$1)) -> Above 0.1 | X24: SDN | Y24: =VLOOKUP(X24,'Reference table'!$J$2:$K$195,2,FALSE) -> Sudan | Z24: 0.11244665 | AA24: 0.0027474168 | AC24: TGO | AD24: =VLOOKUP(AC24,'Reference table'!$J$2:$K$195,2,FALSE) -> Togo | AE24: 0.062773723 | AF24: 0.42810591
A25: MDA | B25: 2584 | E25: TTO | F25: 9052 | J25: ='Processed HWF'!B24 -> BOL | K25: =ROUND('Processed HWF'!D24/10000*'Processed HWF'!J24,0) -> 12015 | L25: =ROUND('Processed HWF'!E24/10000*'Processed HWF'!J24,0) -> 18186 | M25: =VLOOKUP(J25,A$3:B$184,2,FALSE) -> 1307 | N25: =VLOOKUP(J25,E$3:F$171,2,FALSE) -> 1641 | O25: =IF(_xlfn.IFNA(M25,0)=0,"No data",M25/K25) -> 0.10878069 | P25: =IF(_xlfn.IFNA(N25,0)=0,"No data",N25/L25) -> 0.090234246 | Q25: =IF(O25="No data","No data",IF(O25<$Q$1,"Less than "&$Q$1,"Above "&$Q$1)) -> Above 0.1 | R25: =IF(P25="No data","No data",IF(P25<$Q$1,"Less than "&$Q$1,"Above "&$Q$1)) -> Less than 0.1 | X25: BOL | Y25: =VLOOKUP(X25,'Reference table'!$J$2:$K$195,2,FALSE) -> Bolivia | Z25: 0.10878069 | AA25: 0.090234246 | AC25: PHL | AD25: =VLOOKUP(AC25,'Reference table'!$J$2:$K$195,2,FALSE) -> Philippines | AE25: 0.0019915596 | AF25: 0.42478543
A26: COL | B26: 2394 | E26: COL | F26: 8525 | J26: ='Processed HWF'!B25 -> BRA | K26: =ROUND('Processed HWF'!D25/10000*'Processed HWF'!J25,0) -> 491263 | L26: =ROUND('Processed HWF'!E25/10000*'Processed HWF'!J25,0) -> 1573484 | M26: =VLOOKUP(J26,A$3:B$184,2,FALSE) -> 493 | N26: =VLOOKUP(J26,E$3:F$171,2,FALSE) -> 5453 | O26: =IF(_xlfn.IFNA(M26,0)=0,"No data",M26/K26) -> 0.0010035358 | P26: =IF(_xlfn.IFNA(N26,0)=0,"No data",N26/L26) -> 0.003465558 | Q26: =IF(O26="No data","No data",IF(O26<$Q$1,"Less than "&$Q$1,"Above "&$Q$1)) -> Less than 0.1 | R26: =IF(P26="No data","No data",IF(P26<$Q$1,"Less than "&$Q$1,"Above "&$Q$1)) -> Less than 0.1 | X26: SRB | Y26: =VLOOKUP(X26,'Reference table'!$J$2:$K$195,2,FALSE) -> Serbia | Z26: 0.10375 | AA26: 0.013428373 | AC26: HND | AD26: =VLOOKUP(AC26,'Reference table'!$J$2:$K$195,2,FALSE) -> Honduras | AE26: 0.031899859 | AF26: 0.35277816
A27: AUT | B27: 2336 | E27: DZA | F27: 8374 | J27: ='Processed HWF'!B26 -> BRB | K27: =ROUND('Processed HWF'!D26/10000*'Processed HWF'!J26,0) -> 715 | L27: =ROUND('Processed HWF'!E26/10000*'Processed HWF'!J26,0) -> 879 | M27: =VLOOKUP(J27,A$3:B$184,2,FALSE) -> 1 | N27: =VLOOKUP(J27,E$3:F$171,2,FALSE) -> 2243 | O27: =IF(_xlfn.IFNA(M27,0)=0,"No data",M27/K27) -> 0.0013986014 | P27: =IF(_xlfn.IFNA(N27,0)=0,"No data",N27/L27) -> 2.5517634 | Q27: =IF(O27="No data","No data",IF(O27<$Q$1,"Less than "&$Q$1,"Above "&$Q$1)) -> Less than 0.1 | R27: =IF(P27="No data","No data",IF(P27<$Q$1,"Less than "&$Q$1,"Above "&$Q$1)) -> Above 0.1 | X27: BIH | Y27: =VLOOKUP(X27,'Reference table'!$J$2:$K$195,2,FALSE) -> Bosnia and Herzegovina | Z27: 0.10321489 | AA27: 0.12073365 | AC27: CPV | AD27: =VLOOKUP(AC27,'Reference table'!$J$2:$K$195,2,FALSE) -> Cape Verde | AE27: 0.012987013 | AF27: 0.34072022
A28: BGR | B28: 2166 | E28: PRT | F28: 8359 | J28: ='Processed HWF'!B27 -> BRN | K28: =ROUND('Processed HWF'!D27/10000*'Processed HWF'!J27,0) -> 704 | L28: =ROUND('Processed HWF'!E27/10000*'Processed HWF'!J27,0) -> 2580 | M28: =VLOOKUP(J28,A$3:B$184,2,FALSE) -> 1 | N28: =VLOOKUP(J28,E$3:F$171,2,FALSE) -> 5 | O28: =IF(_xlfn.IFNA(M28,0)=0,"No data",M28/K28) -> 0.0014204545 | P28: =IF(_xlfn.IFNA(N28,0)=0,"No data",N28/L28) -> 0.0019379845 | Q28: =IF(O28="No data","No data",IF(O28<$Q$1,"Less than "&$Q$1,"Above "&$Q$1)) -> Less than 0.1 | R28: =IF(P28="No data","No data",IF(P28<$Q$1,"Less than "&$Q$1,"Above "&$Q$1)) -> Less than 0.1 | X28: LVA | Y28: =VLOOKUP(X28,'Reference table'!$J$2:$K$195,2,FALSE) -> Latvia | Z28: 0.10261601 | AA28: 0.060115462 | AC28: ERI | AD28: =VLOOKUP(AC28,'Reference table'!$J$2:$K$195,2,FALSE) -> Eritrea | AE28: 0.010309278 | AF28: 0.34057971
A29: TUR | B29: 1809 | E29: CMR | F29: 8007 | J29: ='Processed HWF'!B28 -> BTN | K29: =ROUND('Processed HWF'!D28/10000*'Processed HWF'!J28,0) -> 385 | L29: =ROUND('Processed HWF'!E28/10000*'Processed HWF'!J28,0) -> 1603 | M29: =VLOOKUP(J29,A$3:B$184,2,FALSE) -> 1 | N29: =VLOOKUP(J29,E$3:F$171,2,FALSE) -> 77 | O29: =IF(_xlfn.IFNA(M29,0)=0,"No data",M29/K29) -> 0.0025974026 | P29: =IF(_xlfn.IFNA(N29,0)=0,"No data",N29/L29) -> 0.048034934 | Q29: =IF(O29="No data","No data",IF(O29<$Q$1,"Less than "&$Q$1,"Above "&$Q$1)) -> Less than 0.1 | R29: =IF(P29="No data","No data",IF(P29<$Q$1,"Less than "&$Q$1,"Above "&$Q$1)) -> Less than 0.1 | X29: KNA | Y29: =VLOOKUP(X29,'Reference table'!$J$2:$K$195,2,FALSE) -> Saint Kitts and Nevis | Z29: 0.10204082 | AA29: 0.013392857 | AC29: LAO | AD29: =VLOOKUP(AC29,'Reference table'!$J$2:$K$195,2,FALSE) -> Lao People's Democratic Republic | AE29: 0.12271845 | AF29: 0.32373585
A30: IRQ | B30: 1808 | E30: ITA | F30: 7945 | J30: ='Processed HWF'!B29 -> BWA | K30: =ROUND('Processed HWF'!D29/10000*'Processed HWF'!J29,0) -> 890 | L30: =ROUND('Processed HWF'!E29/10000*'Processed HWF'!J29,0) -> 8868 | M30: =VLOOKUP(J30,A$3:B$184,2,FALSE) -> 4 | N30: =VLOOKUP(J30,E$3:F$171,2,FALSE) -> 224 | O30: =IF(_xlfn.IFNA(M30,0)=0,"No data",M30/K30) -> 0.004494382 | P30: =IF(_xlfn.IFNA(N30,0)=0,"No data",N30/L30) -> 0.025259359 | Q30: =IF(O30="No data","No data",IF(O30<$Q$1,"Less than "&$Q$1,"Above "&$Q$1)) -> Less than 0.1 | R30: =IF(P30="No data","No data",IF(P30<$Q$1,"Less than "&$Q$1,"Above "&$Q$1)) -> Less than 0.1 | X30: CMR | Y30: =VLOOKUP(X30,'Reference table'!$J$2:$K$195,2,FALSE) -> Cameroon | Z30: 0.092715232 | AA30: 0.69638198 | AC30: FJI | AD30: =VLOOKUP(AC30,'Reference table'!$J$2:$K$195,2,FALSE) -> Fiji | AE30: 0.016861219 | AF30: 0.2820122
A31: GEO | B31: 1807 | E31: PER | F31: 7585 | J31: ='Processed HWF'!B30 -> CAF | K31: =ROUND('Processed HWF'!D30/10000*'Processed HWF'!J30,0) -> 347 | L31: =ROUND('Processed HWF'!E30/10000*'Processed HWF'!J30,0) -> 1237 | M31: =VLOOKUP(J31,A$3:B$184,2,FALSE) -> 1 | N31: =VLOOKUP(J31,E$3:F$171,2,FALSE) -> 1 | O31: =IF(_xlfn.IFNA(M31,0)=0,"No data",M31/K31) -> 0.0028818444 | P31: =IF(_xlfn.IFNA(N31,0)=0,"No data",N31/L31) -> 0.00080840744 | Q31: =IF(O31="No data","No data",IF(O31<$Q$1,"Less than "&$Q$1,"Above "&$Q$1)) -> Less than 0.1 | R31: =IF(P31="No data","No data",IF(P31<$Q$1,"Less than "&$Q$1,"Above "&$Q$1)) -> Less than 0.1 | X31: HRV | Y31: =VLOOKUP(X31,'Reference table'!$J$2:$K$195,2,FALSE) -> Croatia | Z31: 0.090123023 | AA31: 0.015954416 | AC31: PAN | AD31: =VLOOKUP(AC31,'Reference table'!$J$2:$K$195,2,FALSE) -> Panama | AE31: 0.054656445 | AF31: 0.26483985
A32: CZE | B32: 1787 | E32: SLV | F32: 7104 | J32: ='Processed HWF'!B31 -> CAN | K32: =ROUND('Processed HWF'!D31/10000*'Processed HWF'!J31,0) -> 92211 | L32: =ROUND('Processed HWF'!E31/10000*'Processed HWF'!J31,0) -> 418388 | M32: =VLOOKUP(J32,A$3:B$184,2,FALSE) -> 376 | N32: =VLOOKUP(J32,E$3:F$171,2,FALSE) -> 30106 | O32: =IF(_xlfn.IFNA(M32,0)=0,"No data",M32/K32) -> 0.0040776046 | P32: =IF(_xlfn.IFNA(N32,0)=0,"No data",N32/L32) -> 0.071957131 | Q32: =IF(O32="No data","No data",IF(O32<$Q$1,"Less than "&$Q$1,"Above "&$Q$1)) -> Less than 0.1 | R32: =IF(P32="No data","No data",IF(P32<$Q$1,"Less than "&$Q$1,"Above "&$Q$1)) -> Less than 0.1 | X32: MKD | Y32: =VLOOKUP(X32,'Reference table'!$J$2:$K$195,2,FALSE) -> The former Yugoslav Republic of Macedonia | Z32: 0.089193252 | AA32: 0.01341942 | AC32: NIC | AD32: =VLOOKUP(AC32,'Reference table'!$J$2:$K$195,2,FALSE) -> Nicaragua | AE32: 0.030652036 | AF32: 0.22919098
A33: JOR | B33: 1776 | E33: ZAF | F33: 6935 | J33: ='Processed HWF'!B32 -> CHE | K33: =ROUND('Processed HWF'!D32/10000*'Processed HWF'!J32,0) -> 37911 | L33: =ROUND('Processed HWF'!E32/10000*'Processed HWF'!J32,0) -> 155138 | M33: =VLOOKUP(J33,A$3:B$184,2,FALSE) -> 405 | N33: =VLOOKUP(J33,E$3:F$171,2,FALSE) -> 1097 | O33: =IF(_xlfn.IFNA(M33,0)=0,"No data",M33/K33) -> 0.010682915 | P33: =IF(_xlfn.IFNA(N33,0)=0,"No data",N33/L33) -> 0.0070711238 | Q33: =IF(O33="No data","No data",IF(O33<$Q$1,"Less than "&$Q$1,"Above "&$Q$1)) -> Less than 0.1 | R33: =IF(P33="No data","No data",IF(P33<$Q$1,"Less than "&$Q$1,"Above "&$Q$1)) -> Less than 0.1 | X33: GEO | Y33: =VLOOKUP(X33,'Reference table'!$J$2:$K$195,2,FALSE) -> Georgia | Z33: 0.088669709 | AA33: 0.062460454 | AC33: KEN | AD33: =VLOOKUP(AC33,'Reference table'!$J$2:$K$195,2,FALSE) -> Kenya | AE33: 0.01782955 | AF33: 0.227515
A34: GBR | B34: 1676 | E34: THA | F34: 6231 | J34: ='Processed HWF'!B33 -> CHL | K34: =ROUND('Processed HWF'!D33/10000*'Processed HWF'!J33,0) -> 54242 | L34: =ROUND('Processed HWF'!E33/10000*'Processed HWF'!J33,0) -> 67577 | M34: =VLOOKUP(J34,A$3:B$184,2,FALSE) -> 346 | N34: =VLOOKUP(J34,E$3:F$171,2,FALSE) -> 2029 | O34: =IF(_xlfn.IFNA(M34,0)=0,"No data",M34/K34) -> 0.0063788208 | P34: =IF(_xlfn.IFNA(N34,0)=0,"No data",N34/L34) -> 0.030025009 | Q34: =IF(O34="No data","No data",IF(O34<$Q$1,"Less than "&$Q$1,"Above "&$Q$1)) -> Less than 0.1 | R34: =IF(P34="No data","No data",IF(P34<$Q$1,"Less than "&$Q$1,"Above "&$Q$1)) -> Less than 0.1 | X34: NER | Y34: =VLOOKUP(X34,'Reference table'!$J$2:$K$195,2,FALSE) -> Niger | Z34: 0.088622754 | AA34: 0.0083370888 | AC34: GMB | AD34: =VLOOKUP(AC34,'Reference table'!$J$2:$K$195,2,FALSE) -> Gambia | AE34: 0.015075377 | AF34: 0.22298851
... A39: AZE | B39: 1450 | E39: IRN | F39: 5868 | J39: ='Processed HWF'!B38 -> COG | K39: =ROUND('Processed HWF'!D38/10000*'Processed HWF'!J38,0) -> 572 | L39: =ROUND('Processed HWF'!E38/10000*'Processed HWF'!J38,0) -> 5346 | M39: =VLOOKUP(J39,A$3:B$184,2,FALSE) -> 40 | N39: =VLOOKUP(J39,E$3:F$171,2,FALSE) -> 270 | O39: =IF(_xlfn.IFNA(M39,0)=0,"No data",M39/K39) -> 0.06993007 | P39: =IF(_xlfn.IFNA(N39,0)=0,"No data",N39/L39) -> 0.050505051 | Q39: =IF(O39="No data","No data",IF(O39<$Q$1,"Less than "&$Q$1,"Above "&$Q$1)) -> Less than 0.1 | R39: =IF(P39="No data","No data",IF(P39<$Q$1,"Less than "&$Q$1,"Above "&$Q$1)) -> Less than 0.1 | X39: COG | Y39: =VLOOKUP(X39,'Reference table'!$J$2:$K$195,2,FALSE) -> Congo | Z39: 0.06993007 | AA39: 0.050505051 | AC39: NGA | AD39: =VLOOKUP(AC39,'Reference table'!$J$2:$K$195,2,FALSE) -> Nigeria | AE39: 0.034898404 | AF39: 0.20213133
A40: ARG | B40: 1312 | E40: LBR | F40: 5691 | J40: ='Processed HWF'!B39 -> COK | K40: =ROUND('Processed HWF'!D39/10000*'Processed HWF'!J39,0) -> 25 | L40: =ROUND('Processed HWF'!E39/10000*'Processed HWF'!J39,0) -> 110 | M40: =VLOOKUP(J40,A$3:B$184,2,FALSE) -> 1 | N40: =VLOOKUP(J40,E$3:F$171,2,FALSE) -> #N/A | O40: =IF(_xlfn.IFNA(M40,0)=0,"No data",M40/K40) -> 0.04 | P40: =IF(_xlfn.IFNA(N40,0)=0,"No data",N40/L40) -> No data | Q40: =IF(O40="No data","No data",IF(O40<$Q$1,"Less than "&$Q$1,"Above "&$Q$1)) -> Less than 0.1 | R40: =IF(P40="No data","No data",IF(P40<$Q$1,"Less than "&$Q$1,"Above "&$Q$1)) -> No data | X40: NRU | Y40: =VLOOKUP(X40,'Reference table'!$J$2:$K$195,2,FALSE) -> Nauru | Z40: 0.066666667 | AA40: No data | AC40: KHM | AD40: =VLOOKUP(AC40,'Reference table'!$J$2:$K$195,2,FALSE) -> Cambodia | AE40: 0.0049735779 | AF40: 0.15579145
A41: BOL | B41: 1307 | E41: IRL | F41: 5633 | J41: ='Processed HWF'!B40 -> COL | K41: =ROUND('Processed HWF'!D40/10000*'Processed HWF'!J40,0) -> 118364 | L41: =ROUND('Processed HWF'!E40/10000*'Processed HWF'!J40,0) -> 74059 | M41: =VLOOKUP(J41,A$3:B$184,2,FALSE) -> 2394 | N41: =VLOOKUP(J41,E$3:F$171,2,FALSE) -> 8525 | O41: =IF(_xlfn.IFNA(M41,0)=0,"No data",M41/K41) -> 0.020225744 | P41: =IF(_xlfn.IFNA(N41,0)=0,"No data",N41/L41) -> 0.11511093 | Q41: =IF(O41="No data","No data",IF(O41<$Q$1,"Less than "&$Q$1,"Above "&$Q$1)) -> Less than 0.1 | R41: =IF(P41="No data","No data",IF(P41<$Q$1,"Less than "&$Q$1,"Above "&$Q$1)) -> Above 0.1 | X41: JOR | Y41: =VLOOKUP(X41,'Reference table'!$J$2:$K$195,2,FALSE) -> Jordan | Z41: 0.06539028 | AA41: 0.053853235 | AC41: ARM | AD41: =VLOOKUP(AC41,'Reference table'!$J$2:$K$195,2,FALSE) -> Armenia | AE41: 0.062782675 | AF41: 0.14769597
A42: SDN | B42: 1291 | E42: BRA | F42: 5453 | J42: ='Processed HWF'!B41 -> COM | K42: =ROUND('Processed HWF'!D41/10000*'Processed HWF'!J41,0) -> 230 | L42: =ROUND('Processed HWF'!E41/10000*'Processed HWF'!J41,0) -> 1289 | M42: =VLOOKUP(J42,A$3:B$184,2,FALSE) -> 3 | N42: =VLOOKUP(J42,E$3:F$171,2,FALSE) -> #N/A | O42: =IF(_xlfn.IFNA(M42,0)=0,"No data",M42/K42) -> 0.013043478 | P42: =IF(_xlfn.IFNA(N42,0)=0,"No data",N42/L42) -> No data | Q42: =IF(O42="No data","No data",IF(O42<$Q$1,"Less than "&$Q$1,"Above "&$Q$1)) -> Less than 0.1 | R42: =IF(P42="No data","No data",IF(P42<$Q$1,"Less than "&$Q$1,"Above "&$Q$1)) -> No data | X42: ARM | Y42: =VLOOKUP(X42,'Reference table'!$J$2:$K$195,2,FALSE) -> Armenia | Z42: 0.062782675 | AA42: 0.14769597 | AC42: VNM | AD42: =VLOOKUP(AC42,'Reference table'!$J$2:$K$195,2,FALSE) -> Viet Nam | AE42: 0.0012897465 | AF42: 0.14289449
A43: HRV | B43: 1282 | E43: ECU | F43: 5141 | J43: ='Processed HWF'!B42 -> CPV | K43: =ROUND('Processed HWF'!D42/10000*'Processed HWF'!J42,0) -> 462 | L43: =ROUND('Processed HWF'!E42/10000*'Processed HWF'!J42,0) -> 722 | M43: =VLOOKUP(J43,A$3:B$184,2,FALSE) -> 6 | N43: =VLOOKUP(J43,E$3:F$171,2,FALSE) -> 246 | O43: =IF(_xlfn.IFNA(M43,0)=0,"No data",M43/K43) -> 0.012987013 | P43: =IF(_xlfn.IFNA(N43,0)=0,"No data",N43/L43) -> 0.34072022 | Q43: =IF(O43="No data","No data",IF(O43<$Q$1,"Less than "&$Q$1,"Above "&$Q$1)) -> Less than 0.1 | R43: =IF(P43="No data","No data",IF(P43<$Q$1,"Less than "&$Q$1,"Above "&$Q$1)) -> Above 0.1 | X43: TGO | Y43: =VLOOKUP(X43,'Reference table'!$J$2:$K$195,2,FALSE) -> Togo | Z43: 0.062773723 | AA43: 0.42810591 | AC43: DZA | AD43: =VLOOKUP(AC43,'Reference table'!$J$2:$K$195,2,FALSE) -> Algeria | AE43: 0.14580158 | AF43: 0.14285714
A44: LKA | B44: 1243 | E44: USA | F44: 4997 | J44: ='Processed HWF'!B43 -> CRI | K44: =ROUND('Processed HWF'!D43/10000*'Processed HWF'!J43,0) -> 16813 | L44: =ROUND('Processed HWF'!E43/10000*'Processed HWF'!J43,0) -> 19366 | M44: =VLOOKUP(J44,A$3:B$184,2,FALSE) -> 101 | N44: =VLOOKUP(J44,E$3:F$171,2,FALSE) -> 1707 | O44: =IF(_xlfn.IFNA(M44,0)=0,"No data",M44/K44) -> 0.0060072563 | P44: =IF(_xlfn.IFNA(N44,0)=0,"No data",N44/L44) -> 0.08814417 | Q44: =IF(O44="No data","No data",IF(O44<$Q$1,"Less than "&$Q$1,"Above "&$Q$1)) -> Less than 0.1 | R44: =IF(P44="No data","No data",IF(P44<$Q$1,"Less than "&$Q$1,"Above "&$Q$1)) -> Less than 0.1 | X44: BFA | Y44: =VLOOKUP(X44,'Reference table'!$J$2:$K$195,2,FALSE) -> Burkina Faso | Z44: 0.062442608 | AA44: 0.0036745855 | AC44: POL | AD44: =VLOOKUP(AC44,'Reference table'!$J$2:$K$195,2,FALSE) -> Poland | AE44: 0.021177426 | AF44: 0.12953971
A45: ALB | B45: 1210 | E45: FRA | F45: 4779 | J45: ='Processed HWF'!B44 -> CUB | K45: =ROUND('Processed HWF'!D44/10000*'Processed HWF'!J44,0) -> 95691 | L45: =ROUND('Processed HWF'!E44/10000*'Processed HWF'!J44,0) -> 85934 | M45: =VLOOKUP(J45,A$3:B$184,2,FALSE) -> 4577 | N45: =VLOOKUP(J45,E$3:F$171,2,FALSE) -> 17754 | O45: =IF(_xlfn.IFNA(M45,0)=0,"No data",M45/K45) -> 0.047831039 | P45: =IF(_xlfn.IFNA(N45,0)=0,"No data",N45/L45) -> 0.20660041 | Q45: =IF(O45="No data","No data",IF(O45<$Q$1,"Less than "&$Q$1,"Above "&$Q$1)) -> Less than 0.1 | R45: =IF(P45="No data","No data",IF(P45<$Q$1,"Less than "&$Q$1,"Above "&$Q$1)) -> Above 0.1 | X45: HUN | Y45: =VLOOKUP(X45,'Reference table'!$J$2:$K$195,2,FALSE) -> Hungary | Z45: 0.059835772 | AA45: 0.021267368 | AC45: GHA | AD45: =VLOOKUP(AC45,'Reference table'!$J$2:$K$195,2,FALSE) -> Ghana | AE45: 0.059659091 | AF45: 0.12075523
A46: LBY | B46: 1208 | E46: ZWE | F46: 4728 | J46: ='Processed HWF'!B45 -> CYP | K46: =ROUND('Processed HWF'!D45/10000*'Processed HWF'!J45,0) -> 3796 | L46: =ROUND('Processed HWF'!E45/10000*'Processed HWF'!J45,0) -> 6340 | M46: =VLOOKUP(J46,A$3:B$184,2,FALSE) -> 1050 | N46: =VLOOKUP(J46,E$3:F$171,2,FALSE) -> 622 | O46: =IF(_xlfn.IFNA(M46,0)=0,"No data",M46/K46) -> 0.27660695 | P46: =IF(_xlfn.IFNA(N46,0)=0,"No data",N46/L46) -> 0.098107256 | Q46: =IF(O46="No data","No data",IF(O46<$Q$1,"Less than "&$Q$1,"Above "&$Q$1)) -> Above 0.1 | R46: =IF(P46="No data","No data",IF(P46<$Q$1,"Less than "&$Q$1,"Above "&$Q$1)) -> Less than 0.1 | X46: GRC | Y46: =VLOOKUP(X46,'Reference table'!$J$2:$K$195,2,FALSE) -> Greece | Z46: 0.059688291 | AA46: 0.041406141 | AC46: BIH | AD46: =VLOOKUP(AC46,'Reference table'!$J$2:$K$195,2,FALSE) -> Bosnia and Herzegovina | AE46: 0.10321489 | AF46: 0.12073365
A47: FRA | B47: 1206 | E47: MAR | F47: 4353 | J47: ='Processed HWF'!B46 -> CZE | K47: =ROUND('Processed HWF'!D46/10000*'Processed HWF'!J46,0) -> 44515 | L47: =ROUND('Processed HWF'!E46/10000*'Processed HWF'!J46,0) -> 91431 | M47: =VLOOKUP(J47,A$3:B$184,2,FALSE) -> 1787 | N47: =VLOOKUP(J47,E$3:F$171,2,FALSE) -> 1426 | O47: =IF(_xlfn.IFNA(M47,0)=0,"No data",M47/K47) -> 0.040143772 | P47: =IF(_xlfn.IFNA(N47,0)=0,"No data",N47/L47) -> 0.015596461 | Q47: =IF(O47="No data","No data",IF(O47<$Q$1,"Less than "&$Q$1,"Above "&$Q$1)) -> Less than 0.1 | R47: =IF(P47="No data","No data",IF(P47<$Q$1,"Less than "&$Q$1,"Above "&$Q$1)) -> Less than 0.1 | X47: GHA | Y47: =VLOOKUP(X47,'Reference table'!$J$2:$K$195,2,FALSE) -> Ghana | Z47: 0.059659091 | AA47: 0.12075523 | AC47: ECU | AD47: =VLOOKUP(AC47,'Reference table'!$J$2:$K$195,2,FALSE) -> Ecuador | AE47: 0.011575908 | AF47: 0.11638858
A48: PER | B48: 1129 | E48: GTM | F48: 3920 | J48: ='Processed HWF'!B47 -> DEU | K48: =ROUND('Processed HWF'!D47/10000*'Processed HWF'!J47,0) -> 371491 | L48: =ROUND('Processed HWF'!E47/10000*'Processed HWF'!J47,0) -> 1163945 | M48: =VLOOKUP(J48,A$3:B$184,2,FALSE) -> 2873 | N48: =VLOOKUP(J48,E$3:F$171,2,FALSE) -> 28396 | O48: =IF(_xlfn.IFNA(M48,0)=0,"No data",M48/K48) -> 0.0077337001 | P48: =IF(_xlfn.IFNA(N48,0)=0,"No data",N48/L48) -> 0.024396342 | Q48: =IF(O48="No data","No data",IF(O48<$Q$1,"Less than "&$Q$1,"Above "&$Q$1)) -> Less than 0.1 | R48: =IF(P48="No data","No data",IF(P48<$Q$1,"Less than "&$Q$1,"Above "&$Q$1)) -> Less than 0.1 | X48: MDV | Y48: =VLOOKUP(X48,'Reference table'!$J$2:$K$195,2,FALSE) -> Maldives | Z48: 0.058371736 | AA48: 0.0039698293 | AC48: COL | AD48: =VLOOKUP(AC48,'Reference table'!$J$2:$K$195,2,FALSE) -> Colombia | AE48: 0.020225744 | AF48: 0.11511093
A49: CHN | B49: 1084 | E49: AUS | F49: 3735 | J49: ='Processed HWF'!B48 -> DJI | K49: =ROUND('Processed HWF'!D48/10000*'Processed HWF'!J48,0) -> 221 | L49: =ROUND('Processed HWF'!E48/10000*'Processed HWF'!J48,0) -> 536 | M49: =VLOOKUP(J49,A$3:B$184,2,FALSE) -> 5 | N49: =VLOOKUP(J49,E$3:F$171,2,FALSE) -> #N/A | O49: =IF(_xlfn.IFNA(M49,0)=0,"No data",M49/K49) -> 0.022624434 | P49: =IF(_xlfn.IFNA(N49,0)=0,"No data",N49/L49) -> No data | Q49: =IF(O49="No data","No data",IF(O49<$Q$1,"Less than "&$Q$1,"Above "&$Q$1)) -> Less than 0.1 | R49: =IF(P49="No data","No data",IF(P49<$Q$1,"Less than "&$Q$1,"Above "&$Q$1)) -> No data | X49: UKR | Y49: =VLOOKUP(X49,'Reference table'!$J$2:$K$195,2,FALSE) -> Ukraine | Z49: 0.058152593 | AA49: 0.039187654 | AC49: PRT | AD49: =VLOOKUP(AC49,'Reference table'!$J$2:$K$195,2,FALSE) -> Portugal | AE49: 0.028773257 | AF49: 0.11486087
A50: CYP | B50: 1050 | E50: PAN | F50: 3663 | J50: ='Processed HWF'!B49 -> DMA | K50: =ROUND('Processed HWF'!D49/10000*'Processed HWF'!J49,0) -> 79 | L50: =ROUND('Processed HWF'!E49/10000*'Processed HWF'!J49,0) -> 439 | M50: =VLOOKUP(J50,A$3:B$184,2,FALSE) -> 44 | N50: =VLOOKUP(J50,E$3:F$171,2,FALSE) -> 468 | O50: =IF(_xlfn.IFNA(M50,0)=0,"No data",M50/K50) -> 0.55696203 | P50: =IF(_xlfn.IFNA(N50,0)=0,"No data",N50/L50) -> 1.0660592 | Q50: =IF(O50="No data","No data",IF(O50<$Q$1,"Less than "&$Q$1,"Above "&$Q$1)) -> Above 0.1 | R50: =IF(P50="No data","No data",IF(P50<$Q$1,"Less than "&$Q$1,"Above "&$Q$1)) -> Above 0.1 | X50: MDG | Y50: =VLOOKUP(X50,'Reference table'!$J$2:$K$195,2,FALSE) -> Madagascar | Z50: 0.056655166 | AA50: No data | AC50: MEX | AD50: =VLOOKUP(AC50,'Reference table'!$J$2:$K$195,2,FALSE) -> Mexico | AE50: 0.0018288633 | AF50: 0.10740144
A51: UZB | B51: 994 | E51: IDN | F51: 3169 | J51: ='Processed HWF'!B50 -> DNK | K51: =ROUND('Processed HWF'!D50/10000*'Processed HWF'!J50,0) -> 24470 | L51: =ROUND('Processed HWF'!E50/10000*'Processed HWF'!J50,0) -> 58917 | M51: =VLOOKUP(J51,A$3:B$184,2,FALSE) -> 124 | N51: =VLOOKUP(J51,E$3:F$171,2,FALSE) -> 442 | O51: =IF(_xlfn.IFNA(M51,0)=0,"No data",M51/K51) -> 0.0050674295 | P51: =IF(_xlfn.IFNA(N51,0)=0,"No data",N51/L51) -> 0.0075020792 | Q51: =IF(O51="No data","No data",IF(O51<$Q$1,"Less than "&$Q$1,"Above "&$Q$1)) -> Less than 0.1 | R51: =IF(P51="No data","No data",IF(P51<$Q$1,"Less than "&$Q$1,"Above "&$Q$1)) -> Less than 0.1 | X51: EGY | Y51: =VLOOKUP(X51,'Reference table'!$J$2:$K$195,2,FALSE) -> Egypt | Z51: 0.05514399 | AA51: 0.0055944694 | AC51: ALB | AD51: =VLOOKUP(AC51,'Reference table'!$J$2:$K$195,2,FALSE) -> Albania | AE51: 0.22419863 | AF51: 0.10279123
A52: VEN | B52: 970 | E52: ARG | F52: 2768 | J52: ='Processed HWF'!B51 -> DOM | K52: =ROUND('Processed HWF'!D51/10000*'Processed HWF'!J51,0) -> 15807 | L52: =ROUND('Processed HWF'!E51/10000*'Processed HWF'!J51,0) -> 15890 | M52: =VLOOKUP(J52,A$3:B$184,2,FALSE) -> 212 | N52: =VLOOKUP(J52,E$3:F$171,2,FALSE) -> 10362 | O52: =IF(_xlfn.IFNA(M52,0)=0,"No data",M52/K52) -> 0.01341178 | P52: =IF(_xlfn.IFNA(N52,0)=0,"No data",N52/L52) -> 0.65210824 | Q52: =IF(O52="No data","No data",IF(O52<$Q$1,"Less than "&$Q$1,"Above "&$Q$1)) -> Less than 0.1 | R52: =IF(P52="No data","No data",IF(P52<$Q$1,"Less than "&$Q$1,"Above "&$Q$1)) -> Above 0.1 | X52: PAN | Y52: =VLOOKUP(X52,'Reference table'!$J$2:$K$195,2,FALSE) -> Panama | Z52: 0.054656445 | AA52: 0.26483985 | AC52: CYP | AD52: =VLOOKUP(AC52,'Reference table'!$J$2:$K$195,2,FALSE) -> Cyprus | AE52: 0.27660695 | AF52: 0.098107256
A53: AUS | B53: 898 | E53: NLD | F53: 2616 | J53: ='Processed HWF'!B52 -> DZA | K53: =ROUND('Processed HWF'!D52/10000*'Processed HWF'!J52,0) -> 75445 | L53: =ROUND('Processed HWF'!E52/10000*'Processed HWF'!J52,0) -> 58618 | M53: =VLOOKUP(J53,A$3:B$184,2,FALSE) -> 11000 | N53: =VLOOKUP(J53,E$3:F$171,2,FALSE) -> 8374 | O53: =IF(_xlfn.IFNA(M53,0)=0,"No data",M53/K53) -> 0.14580158 | P53: =IF(_xlfn.IFNA(N53,0)=0,"No data",N53/L53) -> 0.14285714 | Q53: =IF(O53="No data","No data",IF(O53<$Q$1,"Less than "&$Q$1,"Above "&$Q$1)) -> Above 0.1 | R53: =IF(P53="No data","No data",IF(P53<$Q$1,"Less than "&$Q$1,"Above "&$Q$1)) -> Above 0.1 | X53: PRY | Y53: =VLOOKUP(X53,'Reference table'!$J$2:$K$195,2,FALSE) -> Paraguay | Z53: 0.050266667 | AA53: 0.014723811 | AC53: GTM | AD53: =VLOOKUP(AC53,'Reference table'!$J$2:$K$195,2,FALSE) -> Guatemala | AE53: 0.0066978333 | AF53: 0.097753173
A54: NZL | B54: 845 | E54: HND | F54: 2546 | J54: ='Processed HWF'!B53 -> ECU | K54: =ROUND('Processed HWF'!D53/10000*'Processed HWF'!J53,0) -> 39133 | L54: =ROUND('Processed HWF'!E53/10000*'Processed HWF'!J53,0) -> 44171 | M54: =VLOOKUP(J54,A$3:B$184,2,FALSE) -> 453 | N54: =VLOOKUP(J54,E$3:F$171,2,FALSE) -> 5141 | O54: =IF(_xlfn.IFNA(M54,0)=0,"No data",M54/K54) -> 0.011575908 | P54: =IF(_xlfn.IFNA(N54,0)=0,"No data",N54/L54) -> 0.11638858 | Q54: =IF(O54="No data","No data",IF(O54<$Q$1,"Less than "&$Q$1,"Above "&$Q$1)) -> Less than 0.1 | R54: =IF(P54="No data","No data",IF(P54<$Q$1,"Less than "&$Q$1,"Above "&$Q$1)) -> Above 0.1 | X54: SUR | Y54: =VLOOKUP(X54,'Reference table'!$J$2:$K$195,2,FALSE) -> Suriname | Z54: 0.04989605 | AA54: No data | AC54: ROU | AD54: =VLOOKUP(AC54,'Reference table'!$J$2:$K$195,2,FALSE) -> Romania | AE54: 0.16539645 | AF54: 0.094351339
A55: ARM | B55: 819 | E55: NZL | F55: 2513 | J55: ='Processed HWF'!B54 -> EGY | K55: =ROUND('Processed HWF'!D54/10000*'Processed HWF'!J54,0) -> 76672 | L55: =ROUND('Processed HWF'!E54/10000*'Processed HWF'!J54,0) -> 197159 | M55: =VLOOKUP(J55,A$3:B$184,2,FALSE) -> 4228 | N55: =VLOOKUP(J55,E$3:F$171,2,FALSE) -> 1103 | O55: =IF(_xlfn.IFNA(M55,0)=0,"No data",M55/K55) -> 0.05514399 | P55: =IF(_xlfn.IFNA(N55,0)=0,"No data",N55/L55) -> 0.0055944694 | Q55: =IF(O55="No data","No data",IF(O55<$Q$1,"Less than "&$Q$1,"Above "&$Q$1)) -> Less than 0.1 | R55: =IF(P55="No data","No data",IF(P55<$Q$1,"Less than "&$Q$1,"Above "&$Q$1)) -> Less than 0.1 | X55: AUT | Y55: =VLOOKUP(X55,'Reference table'!$J$2:$K$195,2,FALSE) -> Austria | Z55: 0.048999455 | AA55: 0.0093800935 | AC55: PER | AD55: =VLOOKUP(AC55,'Reference table'!$J$2:$K$195,2,FALSE) -> Peru | AE55: 0.025013847 | AF55: 0.09431968
A56: BGD | B56: 744 | E56: SOM | F56: 2477 | J56: ='Processed HWF'!B55 -> ERI | K56: =ROUND('Processed HWF'!D55/10000*'Processed HWF'!J55,0) -> 291 | L56: =ROUND('Processed HWF'!E55/10000*'Processed HWF'!J55,0) -> 5106 | M56: =VLOOKUP(J56,A$3:B$184,2,FALSE) -> 3 | N56: =VLOOKUP(J56,E$3:F$171,2,FALSE) -> 1739 | O56: =IF(_xlfn.IFNA(M56,0)=0,"No data",M56/K56) -> 0.010309278 | P56: =IF(_xlfn.IFNA(N56,0)=0,"No data",N56/L56) -> 0.34057971 | Q56: =IF(O56="No data","No data",IF(O56<$Q$1,"Less than "&$Q$1,"Above "&$Q$1)) -> Less than 0.1 | R56: =IF(P56="No data","No data",IF(P56<$Q$1,"Less than "&$Q$1,"Above "&$Q$1)) -> Above 0.1 | X56: NZL | Y56: =VLOOKUP(X56,'Reference table'!$J$2:$K$195,2,FALSE) -> New Zealand | Z56: 0.048429619 | AA56: 0.046594849 | AC56: ZMB | AD56: =VLOOKUP(AC56,'Reference table'!$J$2:$K$195,2,FALSE) -> Zambia | AE56: 0.034563288 | AF56: 0.093127845
A57: BIH | B57: 732 | E57: VEN | F57: 2393 | J57: ='Processed HWF'!B56 -> ESP | K57: =ROUND('Processed HWF'!D56/10000*'Processed HWF'!J56,0) -> 207808 | L57: =ROUND('Processed HWF'!E56/10000*'Processed HWF'!J56,0) -> 277959 | M57: =VLOOKUP(J57,A$3:B$184,2,FALSE) -> 2814 | N57: =VLOOKUP(J57,E$3:F$171,2,FALSE) -> 10149 | O57: =IF(_xlfn.IFNA(M57,0)=0,"No data",M57/K57) -> 0.013541346 | P57: =IF(_xlfn.IFNA(N57,0)=0,"No data",N57/L57) -> 0.036512579 | Q57: =IF(O57="No data","No data",IF(O57<$Q$1,"Less than "&$Q$1,"Above "&$Q$1)) -> Less than 0.1 | R57: =IF(P57="No data","No data",IF(P57<$Q$1,"Less than "&$Q$1,"Above "&$Q$1)) -> Less than 0.1 | X57: CUB | Y57: =VLOOKUP(X57,'Reference table'!$J$2:$K$195,2,FALSE) -> Cuba | Z57: 0.047831039 | AA57: 0.20660041 | AC57: MAR | AD57: =VLOOKUP(AC57,'Reference table'!$J$2:$K$195,2,FALSE) -> Morocco | AE57: 0.21038576 | AF57: 0.092626875
A58: LVA | B58: 659 | E58: NIC | F58: 2357 | J58: ='Processed HWF'!B57 -> EST | K58: =ROUND('Processed HWF'!D57/10000*'Processed HWF'!J57,0) -> 4606 | L58: =ROUND('Processed HWF'!E57/10000*'Processed HWF'!J57,0) -> 8285 | M58: =VLOOKUP(J58,A$3:B$184,2,FALSE) -> 143 | N58: =VLOOKUP(J58,E$3:F$171,2,FALSE) -> 330 | O58: =IF(_xlfn.IFNA(M58,0)=0,"No data",M58/K58) -> 0.031046461 | P58: =IF(_xlfn.IFNA(N58,0)=0,"No data",N58/L58) -> 0.03983102 | Q58: =IF(O58="No data","No data",IF(O58<$Q$1,"Less than "&$Q$1,"Above "&$Q$1)) -> Less than 0.1 | R58: =IF(P58="No data","No data",IF(P58<$Q$1,"Less than "&$Q$1,"Above "&$Q$1)) -> Less than 0.1 | X58: LKA | Y58: =VLOOKUP(X58,'Reference table'!$J$2:$K$195,2,FALSE) -> Sri Lanka | Z58: 0.047197752 | AA58: 0.017997675 | AC58: BOL | AD58: =VLOOKUP(AC58,'Reference table'!$J$2:$K$195,2,FALSE) -> Bolivia | AE58: 0.10878069 | AF58: 0.090234246
A59: NLD | B59: 622 | E59: BIH | F59: 2271 | J59: ='Processed HWF'!B58 -> ETH | K59: =ROUND('Processed HWF'!D58/10000*'Processed HWF'!J58,0) -> 12170 | L59: =ROUND('Processed HWF'!E58/10000*'Processed HWF'!J58,0) -> 69802 | M59: =VLOOKUP(J59,A$3:B$184,2,FALSE) -> 66 | N59: =VLOOKUP(J59,E$3:F$171,2,FALSE) -> 6230 | O59: =IF(_xlfn.IFNA(M59,0)=0,"No data",M59/K59) -> 0.0054231717 | P59: =IF(_xlfn.IFNA(N59,0)=0,"No data",N59/L59) -> 0.089252457 | Q59: =IF(O59="No data","No data",IF(O59<$Q$1,"Less than "&$Q$1,"Above "&$Q$1)) -> Less than 0.1 | R59: =IF(P59="No data","No data",IF(P59<$Q$1,"Less than "&$Q$1,"Above "&$Q$1)) -> Less than 0.1 | X59: IRQ | Y59: =VLOOKUP(X59,'Reference table'!$J$2:$K$195,2,FALSE) -> Iraq | Z59: 0.046493687 | AA59: 0.01875833 | AC59: MUS | AD59: =VLOOKUP(AC59,'Reference table'!$J$2:$K$195,2,FALSE) -> Mauritius | AE59: 0.0084057971 | AF59: 0.090127898
A60: BEL | B60: 603 | E60: LAO | F60: 2260 | J60: ='Processed HWF'!B59 -> FIN | K60: =ROUND('Processed HWF'!D59/10000*'Processed HWF'!J59,0) -> 25711 | L60: =ROUND('Processed HWF'!E59/10000*'Processed HWF'!J59,0) -> 116369 | M60: =VLOOKUP(J60,A$3:B$184,2,FALSE) -> 93 | N60: =VLOOKUP(J60,E$3:F$171,2,FALSE) -> 742 | O60: =IF(_xlfn.IFNA(M60,0)=0,"No data",M60/K60) -> 0.0036171289 | P60: =IF(_xlfn.IFNA(N60,0)=0,"No data",N60/L60) -> 0.0063762686 | Q60: =IF(O60="No data","No data",IF(O60<$Q$1,"Less than "&$Q$1,"Above "&$Q$1)) -> Less than 0.1 | R60: =IF(P60="No data","No data",IF(P60<$Q$1,"Less than "&$Q$1,"Above "&$Q$1)) -> Less than 0.1 | X60: AZE | Y60: =VLOOKUP(X60,'Reference table'!$J$2:$K$195,2,FALSE) -> Azerbaijan | Z60: 0.04493059 | AA60: 0.016730673 | AC60: ETH | AD60: =VLOOKUP(AC60,'Reference table'!$J$2:$K$195,2,FALSE) -> Ethiopia | AE60: 0.0054231717 | AF60: 0.089252457
A61: MMR | B61: 577 | E61: BRB | F61: 2243 | J61: ='Processed HWF'!B60 -> FJI | K61: =ROUND('Processed HWF'!D60/10000*'Processed HWF'!J60,0) -> 771 | L61: =ROUND('Processed HWF'!E60/10000*'Processed HWF'!J60,0) -> 3280 | M61: =VLOOKUP(J61,A$3:B$184,2,FALSE) -> 13 | N61: =VLOOKUP(J61,E$3:F$171,2,FALSE) -> 925 | O61: =IF(_xlfn.IFNA(M61,0)=0,"No data",M61/K61) -> 0.016861219 | P61: =IF(_xlfn.IFNA(N61,0)=0,"No data",N61/L61) -> 0.2820122 | Q61: =IF(O61="No data","No data",IF(O61<$Q$1,"Less than "&$Q$1,"Above "&$Q$1)) -> Less than 0.1 | R61: =IF(P61="No data","No data",IF(P61<$Q$1,"Less than "&$Q$1,"Above "&$Q$1)) -> Above 0.1 | X61: BHR | Y61: =VLOOKUP(X61,'Reference table'!$J$2:$K$195,2,FALSE) -> Bahrain | Z61: 0.043174603 | AA61: 0.0011781338 | AC61: CRI | AD61: =VLOOKUP(AC61,'Reference table'!$J$2:$K$195,2,FALSE) -> Costa Rica | AE61: 0.0060072563 | AF61: 0.08814417
A62: MEX | B62: 570 | E62: LBN | F62: 2094 | J62: ='Processed HWF'!B61 -> FRA | K62: =ROUND('Processed HWF'!D61/10000*'Processed HWF'!J61,0) -> 213769 | L62: =ROUND('Processed HWF'!E61/10000*'Processed HWF'!J61,0) -> 746291 | M62: =VLOOKUP(J62,A$3:B$184,2,FALSE) -> 1206 | N62: =VLOOKUP(J62,E$3:F$171,2,FALSE) -> 4779 | O62: =IF(_xlfn.IFNA(M62,0)=0,"No data",M62/K62) -> 0.0056416038 | P62: =IF(_xlfn.IFNA(N62,0)=0,"No data",N62/L62) -> 0.0064036683 | Q62: =IF(O62="No data","No data",IF(O62<$Q$1,"Less than "&$Q$1,"Above "&$Q$1)) -> Less than 0.1 | R62: =IF(P62="No data","No data",IF(P62<$Q$1,"Less than "&$Q$1,"Above "&$Q$1)) -> Less than 0.1 | X62: SLE | Y62: =VLOOKUP(X62,'Reference table'!$J$2:$K$195,2,FALSE) -> Sierra Leone | Z62: 0.042372881 | AA62: 0.98850575 | AC62: MNE | AD62: =VLOOKUP(AC62,'Reference table'!$J$2:$K$195,2,FALSE) -> Montenegro | AE62: 0.040674027 | AF62: 0.076972418
A63: MKD | B63: 534 | E63: NPL | F63: 2073 | J63: ='Processed HWF'!B62 -> FSM | K63: =ROUND('Processed HWF'!D62/10000*'Processed HWF'!J62,0) -> 108 | L63: =ROUND('Processed HWF'!E62/10000*'Processed HWF'!J62,0) -> 232 | M63: =VLOOKUP(J63,A$3:B$184,2,FALSE) -> 310 | N63: =VLOOKUP(J63,E$3:F$171,2,FALSE) -> 51 | O63: =IF(_xlfn.IFNA(M63,0)=0,"No data",M63/K63) -> 2.8703704 | P63: =IF(_xlfn.IFNA(N63,0)=0,"No data",N63/L63) -> 0.21982759 | Q63: =IF(O63="No data","No data",IF(O63<$Q$1,"Less than "&$Q$1,"Above "&$Q$1)) -> Above 0.1 | R63: =IF(P63="No data","No data",IF(P63<$Q$1,"Less than "&$Q$1,"Above "&$Q$1)) -> Above 0.1 | X63: MNE | Y63: =VLOOKUP(X63,'Reference table'!$J$2:$K$195,2,FALSE) -> Montenegro | Z63: 0.040674027 | AA63: 0.076972418 | AC63: IRL | AD63: =VLOOKUP(AC63,'Reference table'!$J$2:$K$195,2,FALSE) -> Ireland | AE63: 0.15640416 | AF63: 0.072229061
A64: LBN | B64: 508 | E64: CHL | F64: 2029 | J64: ='Processed HWF'!B63 -> GAB | K64: =ROUND('Processed HWF'!D63/10000*'Processed HWF'!J63,0) -> 1362 | L64: =ROUND('Processed HWF'!E63/10000*'Processed HWF'!J63,0) -> 4826 | M64: =VLOOKUP(J64,A$3:B$184,2,FALSE) -> 22 | N64: =VLOOKUP(J64,E$3:F$171,2,FALSE) -> #N/A | O64: =IF(_xlfn.IFNA(M64,0)=0,"No data",M64/K64) -> 0.016152717 | P64: =IF(_xlfn.IFNA(N64,0)=0,"No data",N64/L64) -> No data | Q64: =IF(O64="No data","No data",IF(O64<$Q$1,"Less than "&$Q$1,"Above "&$Q$1)) -> Less than 0.1 | R64: =IF(P64="No data","No data",IF(P64<$Q$1,"Less than "&$Q$1,"Above "&$Q$1)) -> No data | X64: CZE | Y64: =VLOOKUP(X64,'Reference table'!$J$2:$K$195,2,FALSE) -> Czech Republic | Z64: 0.040143772 | AA64: 0.015596461 | AC64: CAN | AD64: =VLOOKUP(AC64,'Reference table'!$J$2:$K$195,2,FALSE) -> Canada | AE64: 0.0040776046 | AF64: 0.071957131
A65: BRA | B65: 493 | E65: ARM | F65: 1984 | J65: ='Processed HWF'!B64 -> GBR | K65: =ROUND('Processed HWF'!D64/10000*'Processed HWF'!J64,0) -> 203865 | L65: =ROUND('Processed HWF'!E64/10000*'Processed HWF'!J64,0) -> 568041 | M65: =VLOOKUP(J65,A$3:B$184,2,FALSE) -> 1676 | N65: =VLOOKUP(J65,E$3:F$171,2,FALSE) -> 23429 | O65: =IF(_xlfn.IFNA(M65,0)=0,"No data",M65/K65) -> 0.0082211267 | P65: =IF(_xlfn.IFNA(N65,0)=0,"No data",N65/L65) -> 0.041245262 | Q65: =IF(O65="No data","No data",IF(O65<$Q$1,"Less than "&$Q$1,"Above "&$Q$1)) -> Less than 0.1 | R65: =IF(P65="No data","No data",IF(P65<$Q$1,"Less than "&$Q$1,"Above "&$Q$1)) -> Less than 0.1 | X65: COK | Y65: =VLOOKUP(X65,'Reference table'!$J$2:$K$195,2,FALSE) -> Cook Islands | Z65: 0.04 | AA65: No data | AC65: PAK | AD65: =VLOOKUP(AC65,'Reference table'!$J$2:$K$195,2,FALSE) -> Pakistan | AE65: 0.026229295 | AF65: 0.068056788
A66: LUX | B66: 477 | E66: BGR | F66: 1850 | J66: ='Processed HWF'!B65 -> GEO | K66: =ROUND('Processed HWF'!D65/10000*'Processed HWF'!J65,0) -> 20379 | L66: =ROUND('Processed HWF'!E65/10000*'Processed HWF'!J65,0) -> 22126 | M66: =VLOOKUP(J66,A$3:B$184,2,FALSE) -> 1807 | N66: =VLOOKUP(J66,E$3:F$171,2,FALSE) -> 1382 | O66: =IF(_xlfn.IFNA(M66,0)=0,"No data",M66/K66) -> 0.088669709 | P66: =IF(_xlfn.IFNA(N66,0)=0,"No data",N66/L66) -> 0.062460454 | Q66: =IF(O66="No data","No data",IF(O66<$Q$1,"Less than "&$Q$1,"Above "&$Q$1)) -> Less than 0.1 | R66: =IF(P66="No data","No data",IF(P66<$Q$1,"Less than "&$Q$1,"Above "&$Q$1)) -> Less than 0.1 | X66: BLR | Y66: =VLOOKUP(X66,'Reference table'!$J$2:$K$195,2,FALSE) -> Belarus | Z66: 0.037753888 | AA66: 0.012295537 | AC66: AFG | AD66: =VLOOKUP(AC66,'Reference table'!$J$2:$K$195,2,FALSE) -> Afghanistan | AE66: 0.026398301 | AF66: 0.063826246
A67: ECU | B67: 453 | E67: ERI | F67: 1739 | J67: ='Processed HWF'!B66 -> GHA | K67: =ROUND('Processed HWF'!D66/10000*'Processed HWF'!J66,0) -> 5280 | L67: =ROUND('Processed HWF'!E66/10000*'Processed HWF'!J66,0) -> 95706 | M67: =VLOOKUP(J67,A$3:B$184,2,FALSE) -> 315 | N67: =VLOOKUP(J67,E$3:F$171,2,FALSE) -> 11557 | O67: =IF(_xlfn.IFNA(M67,0)=0,"No data",M67/K67) -> 0.059659091 | P67: =IF(_xlfn.IFNA(N67,0)=0,"No data",N67/L67) -> 0.12075523 | Q67: =IF(O67="No data","No data",IF(O67<$Q$1,"Less than "&$Q$1,"Above "&$Q$1)) -> Less than 0.1 | R67: =IF(P67="No data","No data",IF(P67<$Q$1,"Less than "&$Q$1,"Above "&$Q$1)) -> Above 0.1 | X67: ZAF | Y67: =VLOOKUP(X67,'Reference table'!$J$2:$K$195,2,FALSE) -> South Africa | Z67: 0.035502833 | AA67: 0.023511583 | AC67: SEN | AD67: =VLOOKUP(AC67,'Reference table'!$J$2:$K$195,2,FALSE) -> Senegal | AE67: 0.018317503 | AF67: 0.062984649
A68: ISR | B68: 446 | E68: CRI | F68: 1707 | J68: ='Processed HWF'!B67 -> GIN | K68: =ROUND('Processed HWF'!D67/10000*'Processed HWF'!J67,0) -> 2952 | L68: =ROUND('Processed HWF'!E67/10000*'Processed HWF'!J67,0) -> 7620 | M68: =VLOOKUP(J68,A$3:B$184,2,FALSE) -> 20 | N68: =VLOOKUP(J68,E$3:F$171,2,FALSE) -> 333 | O68: =IF(_xlfn.IFNA(M68,0)=0,"No data",M68/K68) -> 0.0067750678 | P68: =IF(_xlfn.IFNA(N68,0)=0,"No data",N68/L68) -> 0.043700787 | Q68: =IF(O68="No data","No data",IF(O68<$Q$1,"Less than "&$Q$1,"Above "&$Q$1)) -> Less than 0.1 | R68: =IF(P68="No data","No data",IF(P68<$Q$1,"Less than "&$Q$1,"Above "&$Q$1)) -> Less than 0.1 | X68: NGA | Y68: =VLOOKUP(X68,'Reference table'!$J$2:$K$195,2,FALSE) -> Nigeria | Z68: 0.034898404 | AA68: 0.20213133 | AC68: GEO | AD68: =VLOOKUP(AC68,'Reference table'!$J$2:$K$195,2,FALSE) -> Georgia | AE68: 0.088669709 | AF68: 0.062460454
A69: KAZ | B69: 431 | E69: ZMB | F69: 1698 | J69: ='Processed HWF'!B68 -> GMB | K69: =ROUND('Processed HWF'!D68/10000*'Processed HWF'!J68,0) -> 199 | L69: =ROUND('Processed HWF'!E68/10000*'Processed HWF'!J68,0) -> 1740 | M69: =VLOOKUP(J69,A$3:B$184,2,FALSE) -> 3 | N69: =VLOOKUP(J69,E$3:F$171,2,FALSE) -> 388 | O69: =IF(_xlfn.IFNA(M69,0)=0,"No data",M69/K69) -> 0.015075377 | P69: =IF(_xlfn.IFNA(N69,0)=0,"No data",N69/L69) -> 0.22298851 | Q69: =IF(O69="No data","No data",IF(O69<$Q$1,"Less than "&$Q$1,"Above "&$Q$1)) -> Less than 0.1 | R69: =IF(P69="No data","No data",IF(P69<$Q$1,"Less than "&$Q$1,"Above "&$Q$1)) -> Above 0.1 | X69: ZMB | Y69: =VLOOKUP(X69,'Reference table'!$J$2:$K$195,2,FALSE) -> Zambia | Z69: 0.034563288 | AA69: 0.093127845 | AC69: BGR | AD69: =VLOOKUP(AC69,'Reference table'!$J$2:$K$195,2,FALSE) -> Bulgaria | AE69: 0.074094345 | AF69: 0.061378189
A70: IDN | B70: 413 | E70: IRQ | F70: 1689 | J70: ='Processed HWF'!B69 -> GNB | K70: =ROUND('Processed HWF'!D69/10000*'Processed HWF'!J69,0) -> 385 | L70: =ROUND('Processed HWF'!E69/10000*'Processed HWF'!J69,0) -> 1371 | M70: =VLOOKUP(J70,A$3:B$184,2,FALSE) -> 1 | N70: =VLOOKUP(J70,E$3:F$171,2,FALSE) -> #N/A | O70: =IF(_xlfn.IFNA(M70,0)=0,"No data",M70/K70) -> 0.0025974026 | P70: =IF(_xlfn.IFNA(N70,0)=0,"No data",N70/L70) -> No data | Q70: =IF(O70="No data","No data",IF(O70<$Q$1,"Less than "&$Q$1,"Above "&$Q$1)) -> Less than 0.1 | R70: =IF(P70="No data","No data",IF(P70<$Q$1,"Less than "&$Q$1,"Above "&$Q$1)) -> No data | X70: LBN | Y70: =VLOOKUP(X70,'Reference table'!$J$2:$K$195,2,FALSE) -> Lebanon | Z70: 0.033722783 | AA70: 0.20274981 | AC70: LVA | AD70: =VLOOKUP(AC70,'Reference table'!$J$2:$K$195,2,FALSE) -> Latvia | AE70: 0.10261601 | AF70: 0.060115462
A71: CHE | B71: 405 | E71: BOL | F71: 1641 | J71: ='Processed HWF'!B70 -> GNQ | K71: =ROUND('Processed HWF'!D70/10000*'Processed HWF'!J70,0) -> 564 | L71: =ROUND('Processed HWF'!E70/10000*'Processed HWF'!J70,0) -> 435 | M71: =VLOOKUP(J71,A$3:B$184,2,FALSE) -> 1 | N71: =VLOOKUP(J71,E$3:F$171,2,FALSE) -> 10 | O71: =IF(_xlfn.IFNA(M71,0)=0,"No data",M71/K71) -> 0.0017730496 | P71: =IF(_xlfn.IFNA(N71,0)=0,"No data",N71/L71) -> 0.022988506 | Q71: =IF(O71="No data","No data",IF(O71<$Q$1,"Less than "&$Q$1,"Above "&$Q$1)) -> Less than 0.1 | R71: =IF(P71="No data","No data",IF(P71<$Q$1,"Less than "&$Q$1,"Above "&$Q$1)) -> Less than 0.1 | X71: MWI | Y71: =VLOOKUP(X71,'Reference table'!$J$2:$K$195,2,FALSE) -> Malawi | Z71: 0.033333333 | AA71: 0.014280456 | AC71: JOR | AD71: =VLOOKUP(AC71,'Reference table'!$J$2:$K$195,2,FALSE) -> Jordan | AE71: 0.06539028 | AF71: 0.053853235
A72: SAU | B72: 386 | E72: JOR | F72: 1638 | J72: ='Processed HWF'!B71 -> GRC | K72: =ROUND('Processed HWF'!D71/10000*'Processed HWF'!J71,0) -> 65574 | L72: =ROUND('Processed HWF'!E71/10000*'Processed HWF'!J71,0) -> 35985 | M72: =VLOOKUP(J72,A$3:B$184,2,FALSE) -> 3914 | N72: =VLOOKUP(J72,E$3:F$171,2,FALSE) -> 1490 | O72: =IF(_xlfn.IFNA(M72,0)=0,"No data",M72/K72) -> 0.059688291 | P72: =IF(_xlfn.IFNA(N72,0)=0,"No data",N72/L72) -> 0.041406141 | Q72: =IF(O72="No data","No data",IF(O72<$Q$1,"Less than "&$Q$1,"Above "&$Q$1)) -> Less than 0.1 | R72: =IF(P72="No data","No data",IF(P72<$Q$1,"Less than "&$Q$1,"Above "&$Q$1)) -> Less than 0.1 | X72: HND | Y72: =VLOOKUP(X72,'Reference table'!$J$2:$K$195,2,FALSE) -> Honduras | Z72: 0.031899859 | AA72: 0.35277816 | AC72: COG | AD72: =VLOOKUP(AC72,'Reference table'!$J$2:$K$195,2,FALSE) -> Congo | AE72: 0.06993007 | AF72: 0.050505051
A73: PAN | B73: 385 | E73: ALB | F73: 1613 | J73: ='Processed HWF'!B72 -> GRD | K73: =ROUND('Processed HWF'!D72/10000*'Processed HWF'!J72,0) -> 162 | L73: =ROUND('Processed HWF'!E72/10000*'Processed HWF'!J72,0) -> 707 | M73: =VLOOKUP(J73,A$3:B$184,2,FALSE) -> 79 | N73: =VLOOKUP(J73,E$3:F$171,2,FALSE) -> 1452 | O73: =IF(_xlfn.IFNA(M73,0)=0,"No data",M73/K73) -> 0.48765432 | P73: =IF(_xlfn.IFNA(N73,0)=0,"No data",N73/L73) -> 2.0537482 | Q73: =IF(O73="No data","No data",IF(O73<$Q$1,"Less than "&$Q$1,"Above "&$Q$1)) -> Above 0.1 | R73: =IF(P73="No data","No data",IF(P73<$Q$1,"Less than "&$Q$1,"Above "&$Q$1)) -> Above 0.1 | X73: EST | Y73: =VLOOKUP(X73,'Reference table'!$J$2:$K$195,2,FALSE) -> Estonia | Z73: 0.031046461 | AA73: 0.03983102 | AC73: KAZ | AD73: =VLOOKUP(AC73,'Reference table'!$J$2:$K$195,2,FALSE) -> Kazakhstan | AE73: 0.0056452035 | AF73: 0.048851369
A74: LTU | B74: 383 | E74: MYS | F74: 1533 | J74: ='Processed HWF'!B73 -> GTM | K74: =ROUND('Processed HWF'!D73/10000*'Processed HWF'!J73,0) -> 22246 | L74: =ROUND('Processed HWF'!E73/10000*'Processed HWF'!J73,0) -> 40101 | M74: =VLOOKUP(J74,A$3:B$184,2,FALSE) -> 149 | N74: =VLOOKUP(J74,E$3:F$171,2,FALSE) -> 3920 | O74: =IF(_xlfn.IFNA(M74,0)=0,"No data",M74/K74) -> 0.0066978333 | P74: =IF(_xlfn.IFNA(N74,0)=0,"No data",N74/L74) -> 0.097753173 | Q74: =IF(O74="No data","No data",IF(O74<$Q$1,"Less than "&$Q$1,"Above "&$Q$1)) -> Less than 0.1 | R74: =IF(P74="No data","No data",IF(P74<$Q$1,"Less than "&$Q$1,"Above "&$Q$1)) -> Less than 0.1 | X74: NIC | Y74: =VLOOKUP(X74,'Reference table'!$J$2:$K$195,2,FALSE) -> Nicaragua | Z74: 0.030652036 | AA74: 0.22919098 | AC74: BTN | AD74: =VLOOKUP(AC74,'Reference table'!$J$2:$K$195,2,FALSE) -> Bhutan | AE74: 0.0025974026 | AF74: 0.048034934
A75: PRY | B75: 377 | E75: KHM | F75: 1497 | J75: ='Processed HWF'!B74 -> GUY | K75: =ROUND('Processed HWF'!D74/10000*'Processed HWF'!J74,0) -> 1120 | L75: =ROUND('Processed HWF'!E74/10000*'Processed HWF'!J74,0) -> 2437 | M75: =VLOOKUP(J75,A$3:B$184,2,FALSE) -> 17 | N75: =VLOOKUP(J75,E$3:F$171,2,FALSE) -> 11579 | O75: =IF(_xlfn.IFNA(M75,0)=0,"No data",M75/K75) -> 0.015178571 | P75: =IF(_xlfn.IFNA(N75,0)=0,"No data",N75/L75) -> 4.7513336 | Q75: =IF(O75="No data","No data",IF(O75<$Q$1,"Less than "&$Q$1,"Above "&$Q$1)) -> Less than 0.1 | R75: =IF(P75="No data","No data",IF(P75<$Q$1,"Less than "&$Q$1,"Above "&$Q$1)) -> Above 0.1 | X75: ATG | Y75: =VLOOKUP(X75,'Reference table'!$J$2:$K$195,2,FALSE) -> Antigua and Barbuda | Z75: 0.029520295 | AA75: 1.4731707 | AC75: NZL | AD75: =VLOOKUP(AC75,'Reference table'!$J$2:$K$195,2,FALSE) -> New Zealand | AE75: 0.048429619 | AF75: 0.046594849
A76: CAN | B76: 376 | E76: GRC | F76: 1490 | J76: ='Processed HWF'!B75 -> HND | K76: =ROUND('Processed HWF'!D75/10000*'Processed HWF'!J75,0) -> 4953 | L76: =ROUND('Processed HWF'!E75/10000*'Processed HWF'!J75,0) -> 7217 | M76: =VLOOKUP(J76,A$3:B$184,2,FALSE) -> 158 | N76: =VLOOKUP(J76,E$3:F$171,2,FALSE) -> 2546 | O76: =IF(_xlfn.IFNA(M76,0)=0,"No data",M76/K76) -> 0.031899859 | P76: =IF(_xlfn.IFNA(N76,0)=0,"No data",N76/L76) -> 0.35277816 | Q76: =IF(O76="No data","No data",IF(O76<$Q$1,"Less than "&$Q$1,"Above "&$Q$1)) -> Less than 0.1 | R76: =IF(P76="No data","No data",IF(P76<$Q$1,"Less than "&$Q$1,"Above "&$Q$1)) -> Above 0.1 | X76: PRT | Y76: =VLOOKUP(X76,'Reference table'!$J$2:$K$195,2,FALSE) -> Portugal | Z76: 0.028773257 | AA76: 0.11486087 | AC76: SWZ | AD76: =VLOOKUP(AC76,'Reference table'!$J$2:$K$195,2,FALSE) -> Eswatini | AE76: 0.0060606061 | AF76: 0.044909153
A77: YEM | B77: 357 | E77: UZB | F77: 1487 | J77: ='Processed HWF'!B76 -> HRV | K77: =ROUND('Processed HWF'!D76/10000*'Processed HWF'!J76,0) -> 14225 | L77: =ROUND('Processed HWF'!E76/10000*'Processed HWF'!J76,0) -> 33345 | M77: =VLOOKUP(J77,A$3:B$184,2,FALSE) -> 1282 | N77: =VLOOKUP(J77,E$3:F$171,2,FALSE) -> 532 | O77: =IF(_xlfn.IFNA(M77,0)=0,"No data",M77/K77) -> 0.090123023 | P77: =IF(_xlfn.IFNA(N77,0)=0,"No data",N77/L77) -> 0.015954416 | Q77: =IF(O77="No data","No data",IF(O77<$Q$1,"Less than "&$Q$1,"Above "&$Q$1)) -> Less than 0.1 | R77: =IF(P77="No data","No data",IF(P77<$Q$1,"Less than "&$Q$1,"Above "&$Q$1)) -> Less than 0.1 | X77: LTU | Y77: =VLOOKUP(X77,'Reference table'!$J$2:$K$195,2,FALSE) -> Lithuania | Z77: 0.027715464 | AA77: 0.026753819 | AC77: GIN | AD77: =VLOOKUP(AC77,'Reference table'!$J$2:$K$195,2,FALSE) -> Guinea | AE77: 0.0067750678 | AF77: 0.043700787
... A84: MDG | B84: 312 | E84: BGD | F84: 1281 | J84: ='Processed HWF'!B83 -> IRQ | K84: =ROUND('Processed HWF'!D83/10000*'Processed HWF'!J83,0) -> 38887 | L84: =ROUND('Processed HWF'!E83/10000*'Processed HWF'!J83,0) -> 90040 | M84: =VLOOKUP(J84,A$3:B$184,2,FALSE) -> 1808 | N84: =VLOOKUP(J84,E$3:F$171,2,FALSE) -> 1689 | O84: =IF(_xlfn.IFNA(M84,0)=0,"No data",M84/K84) -> 0.046493687 | P84: =IF(_xlfn.IFNA(N84,0)=0,"No data",N84/L84) -> 0.01875833 | Q84: =IF(O84="No data","No data",IF(O84<$Q$1,"Less than "&$Q$1,"Above "&$Q$1)) -> Less than 0.1 | R84: =IF(P84="No data","No data",IF(P84<$Q$1,"Less than "&$Q$1,"Above "&$Q$1)) -> Less than 0.1 | X84: YEM | Y84: =VLOOKUP(X84,'Reference table'!$J$2:$K$195,2,FALSE) -> Yemen | Z84: 0.022773667 | AA84: 0.010547442 | AC84: UKR | AD84: =VLOOKUP(AC84,'Reference table'!$J$2:$K$195,2,FALSE) -> Ukraine | AE84: 0.058152593 | AF84: 0.039187654
A85: FSM | B85: 310 | E85: BLR | F85: 1217 | J85: ='Processed HWF'!B84 -> ISL | K85: =ROUND('Processed HWF'!D84/10000*'Processed HWF'!J84,0) -> 1413 | L85: =ROUND('Processed HWF'!E84/10000*'Processed HWF'!J84,0) -> 5727 | M85: =VLOOKUP(J85,A$3:B$184,2,FALSE) -> 21 | N85: =VLOOKUP(J85,E$3:F$171,2,FALSE) -> 197 | O85: =IF(_xlfn.IFNA(M85,0)=0,"No data",M85/K85) -> 0.014861996 | P85: =IF(_xlfn.IFNA(N85,0)=0,"No data",N85/L85) -> 0.034398463 | Q85: =IF(O85="No data","No data",IF(O85<$Q$1,"Less than "&$Q$1,"Above "&$Q$1)) -> Less than 0.1 | R85: =IF(P85="No data","No data",IF(P85<$Q$1,"Less than "&$Q$1,"Above "&$Q$1)) -> Less than 0.1 | X85: DJI | Y85: =VLOOKUP(X85,'Reference table'!$J$2:$K$195,2,FALSE) -> Djibouti | Z85: 0.022624434 | AA85: No data | AC85: ESP | AD85: =VLOOKUP(AC85,'Reference table'!$J$2:$K$195,2,FALSE) -> Spain | AE85: 0.013541346 | AF85: 0.036512579
A86: MYS | B86: 296 | E86: TUN | F86: 1189 | J86: ='Processed HWF'!B85 -> ISR | K86: =ROUND('Processed HWF'!D85/10000*'Processed HWF'!J85,0) -> 31384 | L86: =ROUND('Processed HWF'!E85/10000*'Processed HWF'!J85,0) -> 101480 | M86: =VLOOKUP(J86,A$3:B$184,2,FALSE) -> 446 | N86: =VLOOKUP(J86,E$3:F$171,2,FALSE) -> 27 | O86: =IF(_xlfn.IFNA(M86,0)=0,"No data",M86/K86) -> 0.014211063 | P86: =IF(_xlfn.IFNA(N86,0)=0,"No data",N86/L86) -> 0.00026606228 | Q86: =IF(O86="No data","No data",IF(O86<$Q$1,"Less than "&$Q$1,"Above "&$Q$1)) -> Less than 0.1 | R86: =IF(P86="No data","No data",IF(P86<$Q$1,"Less than "&$Q$1,"Above "&$Q$1)) -> Less than 0.1 | X86: POL | Y86: =VLOOKUP(X86,'Reference table'!$J$2:$K$195,2,FALSE) -> Poland | Z86: 0.021177426 | AA86: 0.12953971 | AC86: ISL | AD86: =VLOOKUP(AC86,'Reference table'!$J$2:$K$195,2,FALSE) -> Iceland | AE86: 0.014861996 | AF86: 0.034398463
A87: MLT | B87: 295 | E87: EGY | F87: 1103 | J87: ='Processed HWF'!B86 -> ITA | K87: =ROUND('Processed HWF'!D86/10000*'Processed HWF'!J86,0) -> 238537 | L87: =ROUND('Processed HWF'!E86/10000*'Processed HWF'!J86,0) -> 361833 | M87: =VLOOKUP(J87,A$3:B$184,2,FALSE) -> 5434 | N87: =VLOOKUP(J87,E$3:F$171,2,FALSE) -> 7945 | O87: =IF(_xlfn.IFNA(M87,0)=0,"No data",M87/K87) -> 0.022780533 | P87: =IF(_xlfn.IFNA(N87,0)=0,"No data",N87/L87) -> 0.021957643 | Q87: =IF(O87="No data","No data",IF(O87<$Q$1,"Less than "&$Q$1,"Above "&$Q$1)) -> Less than 0.1 | R87: =IF(P87="No data","No data",IF(P87<$Q$1,"Less than "&$Q$1,"Above "&$Q$1)) -> Less than 0.1 | X87: COL | Y87: =VLOOKUP(X87,'Reference table'!$J$2:$K$195,2,FALSE) -> Colombia | Z87: 0.020225744 | AA87: 0.11511093 | AC87: NPL | AD87: =VLOOKUP(AC87,'Reference table'!$J$2:$K$195,2,FALSE) -> Nepal | AE87: 0.01424834 | AF87: 0.03335264
A88: SLV | B88: 294 | E88: CHE | F88: 1097 | J88: ='Processed HWF'!B87 -> JAM | K88: =ROUND('Processed HWF'!D87/10000*'Processed HWF'!J87,0) -> 1560 | L88: =ROUND('Processed HWF'!E87/10000*'Processed HWF'!J87,0) -> 2389 | M88: =VLOOKUP(J88,A$3:B$184,2,FALSE) -> 25 | N88: =VLOOKUP(J88,E$3:F$171,2,FALSE) -> 37599 | O88: =IF(_xlfn.IFNA(M88,0)=0,"No data",M88/K88) -> 0.016025641 | P88: =IF(_xlfn.IFNA(N88,0)=0,"No data",N88/L88) -> 15.738384 | Q88: =IF(O88="No data","No data",IF(O88<$Q$1,"Less than "&$Q$1,"Above "&$Q$1)) -> Less than 0.1 | R88: =IF(P88="No data","No data",IF(P88<$Q$1,"Less than "&$Q$1,"Above "&$Q$1)) -> Above 0.1 | X88: VEN | Y88: =VLOOKUP(X88,'Reference table'!$J$2:$K$195,2,FALSE) -> Venezuela, Bolivarian Republic of | Z88: 0.019716249 | AA88: 0.040744398 | AC88: CHL | AD88: =VLOOKUP(AC88,'Reference table'!$J$2:$K$195,2,FALSE) -> Chile | AE88: 0.0063788208 | AF88: 0.030025009
A89: JPN | B89: 269 | E89: BLZ | F89: 1090 | J89: ='Processed HWF'!B88 -> JOR | K89: =ROUND('Processed HWF'!D88/10000*'Processed HWF'!J88,0) -> 27160 | L89: =ROUND('Processed HWF'!E88/10000*'Processed HWF'!J88,0) -> 30416 | M89: =VLOOKUP(J89,A$3:B$184,2,FALSE) -> 1776 | N89: =VLOOKUP(J89,E$3:F$171,2,FALSE) -> 1638 | O89: =IF(_xlfn.IFNA(M89,0)=0,"No data",M89/K89) -> 0.06539028 | P89: =IF(_xlfn.IFNA(N89,0)=0,"No data",N89/L89) -> 0.053853235 | Q89: =IF(O89="No data","No data",IF(O89<$Q$1,"Less than "&$Q$1,"Above "&$Q$1)) -> Less than 0.1 | R89: =IF(P89="No data","No data",IF(P89<$Q$1,"Less than "&$Q$1,"Above "&$Q$1)) -> Less than 0.1 | X89: TZA | Y89: =VLOOKUP(X89,'Reference table'!$J$2:$K$195,2,FALSE) -> United Republic of Tanzania | Z89: 0.019274747 | AA89: 0.029863078 | AC89: TZA | AD89: =VLOOKUP(AC89,'Reference table'!$J$2:$K$195,2,FALSE) -> United Republic of Tanzania | AE89: 0.019274747 | AF89: 0.029863078
A90: AFG | B90: 261 | E90: TGO | F90: 1051 | J90: ='Processed HWF'!B89 -> JPN | K90: =ROUND('Processed HWF'!D89/10000*'Processed HWF'!J89,0) -> 314106 | L90: =ROUND('Processed HWF'!E89/10000*'Processed HWF'!J89,0) -> 1481312 | M90: =VLOOKUP(J90,A$3:B$184,2,FALSE) -> 269 | N90: =VLOOKUP(J90,E$3:F$171,2,FALSE) -> 9525 | O90: =IF(_xlfn.IFNA(M90,0)=0,"No data",M90/K90) -> 0.0008563988 | P90: =IF(_xlfn.IFNA(N90,0)=0,"No data",N90/L90) -> 0.0064301106 | Q90: =IF(O90="No data","No data",IF(O90<$Q$1,"Less than "&$Q$1,"Above "&$Q$1)) -> Less than 0.1 | R90: =IF(P90="No data","No data",IF(P90<$Q$1,"Less than "&$Q$1,"Above "&$Q$1)) -> Less than 0.1 | X90: SEN | Y90: =VLOOKUP(X90,'Reference table'!$J$2:$K$195,2,FALSE) -> Senegal | Z90: 0.018317503 | AA90: 0.062984649 | AC90: IND | AD90: =VLOOKUP(AC90,'Reference table'!$J$2:$K$195,2,FALSE) -> India | AE90: 0.016955451 | AF90: 0.02952381
A91: CMR | B91: 238 | E91: SGP | F91: 1021 | J91: ='Processed HWF'!B90 -> KAZ | K91: =ROUND('Processed HWF'!D90/10000*'Processed HWF'!J90,0) -> 76348 | L91: =ROUND('Processed HWF'!E90/10000*'Processed HWF'!J90,0) -> 126629 | M91: =VLOOKUP(J91,A$3:B$184,2,FALSE) -> 431 | N91: =VLOOKUP(J91,E$3:F$171,2,FALSE) -> 6186 | O91: =IF(_xlfn.IFNA(M91,0)=0,"No data",M91/K91) -> 0.0056452035 | P91: =IF(_xlfn.IFNA(N91,0)=0,"No data",N91/L91) -> 0.048851369 | Q91: =IF(O91="No data","No data",IF(O91<$Q$1,"Less than "&$Q$1,"Above "&$Q$1)) -> Less than 0.1 | R91: =IF(P91="No data","No data",IF(P91<$Q$1,"Less than "&$Q$1,"Above "&$Q$1)) -> Less than 0.1 | X91: KEN | Y91: =VLOOKUP(X91,'Reference table'!$J$2:$K$195,2,FALSE) -> Kenya | Z91: 0.01782955 | AA91: 0.227515 | AC91: THA | AD91: =VLOOKUP(AC91,'Reference table'!$J$2:$K$195,2,FALSE) -> Thailand | AE91: 0.0013423629 | AF91: 0.028309345
A92: DOM | B92: 212 | E92: TZA | F92: 1012 | J92: ='Processed HWF'!B91 -> KEN | K92: =ROUND('Processed HWF'!D91/10000*'Processed HWF'!J91,0) -> 8413 | L92: =ROUND('Processed HWF'!E91/10000*'Processed HWF'!J91,0) -> 62664 | M92: =VLOOKUP(J92,A$3:B$184,2,FALSE) -> 150 | N92: =VLOOKUP(J92,E$3:F$171,2,FALSE) -> 14257 | O92: =IF(_xlfn.IFNA(M92,0)=0,"No data",M92/K92) -> 0.01782955 | P92: =IF(_xlfn.IFNA(N92,0)=0,"No data",N92/L92) -> 0.227515 | Q92: =IF(O92="No data","No data",IF(O92<$Q$1,"Less than "&$Q$1,"Above "&$Q$1)) -> Less than 0.1 | R92: =IF(P92="No data","No data",IF(P92<$Q$1,"Less than "&$Q$1,"Above "&$Q$1)) -> Above 0.1 | X92: RUS | Y92: =VLOOKUP(X92,'Reference table'!$J$2:$K$195,2,FALSE) -> Russian Federation | Z92: 0.017704453 | AA92: 0.025018507 | AC92: SGP | AD92: =VLOOKUP(AC92,'Reference table'!$J$2:$K$195,2,FALSE) -> Singapore | AE92: 0.0049332963 | AF92: 0.027954222
A93: SWE | B93: 212 | E93: AZE | F93: 1002 | J93: ='Processed HWF'!B92 -> KGZ | K93: =ROUND('Processed HWF'!D92/10000*'Processed HWF'!J92,0) -> 14438 | L93: =ROUND('Processed HWF'!E92/10000*'Processed HWF'!J92,0) -> 34084 | M93: =VLOOKUP(J93,A$3:B$184,2,FALSE) -> 89 | N93: =VLOOKUP(J93,E$3:F$171,2,FALSE) -> 2 | O93: =IF(_xlfn.IFNA(M93,0)=0,"No data",M93/K93) -> 0.0061642887 | P93: =IF(_xlfn.IFNA(N93,0)=0,"No data",N93/L93) -> 5.8678559e-05 | Q93: =IF(O93="No data","No data",IF(O93<$Q$1,"Less than "&$Q$1,"Above "&$Q$1)) -> Less than 0.1 | R93: =IF(P93="No data","No data",IF(P93<$Q$1,"Less than "&$Q$1,"Above "&$Q$1)) -> Less than 0.1 | X93: IND | Y93: =VLOOKUP(X93,'Reference table'!$J$2:$K$195,2,FALSE) -> India | Z93: 0.016955451 | AA93: 0.02952381 | AC93: SYC | AD93: =VLOOKUP(AC93,'Reference table'!$J$2:$K$195,2,FALSE) -> Seychelles | AE93: 0.0045248869 | AF93: 0.027913159
A94: ZWE | B94: 207 | E94: BEL | F94: 977 | J94: ='Processed HWF'!B93 -> KHM | K94: =ROUND('Processed HWF'!D93/10000*'Processed HWF'!J93,0) -> 3217 | L94: =ROUND('Processed HWF'!E93/10000*'Processed HWF'!J93,0) -> 9609 | M94: =VLOOKUP(J94,A$3:B$184,2,FALSE) -> 16 | N94: =VLOOKUP(J94,E$3:F$171,2,FALSE) -> 1497 | O94: =IF(_xlfn.IFNA(M94,0)=0,"No data",M94/K94) -> 0.0049735779 | P94: =IF(_xlfn.IFNA(N94,0)=0,"No data",N94/L94) -> 0.15579145 | Q94: =IF(O94="No data","No data",IF(O94<$Q$1,"Less than "&$Q$1,"Above "&$Q$1)) -> Less than 0.1 | R94: =IF(P94="No data","No data",IF(P94<$Q$1,"Less than "&$Q$1,"Above "&$Q$1)) -> Above 0.1 | X94: FJI | Y94: =VLOOKUP(X94,'Reference table'!$J$2:$K$195,2,FALSE) -> Fiji | Z94: 0.016861219 | AA94: 0.2820122 | AC94: SYR | AD94: =VLOOKUP(AC94,'Reference table'!$J$2:$K$195,2,FALSE) -> Syrian Arab Republic | AE94: 0.24014943 | AF94: 0.027202795
A95: PHL | B95: 168 | E95: MMR | F95: 956 | J95: ='Processed HWF'!B94 -> KIR | K95: =ROUND('Processed HWF'!D94/10000*'Processed HWF'!J94,0) -> 24 | L95: =ROUND('Processed HWF'!E94/10000*'Processed HWF'!J94,0) -> 457 | M95: =VLOOKUP(J95,A$3:B$184,2,FALSE) -> #N/A | N95: =VLOOKUP(J95,E$3:F$171,2,FALSE) -> #N/A | O95: =IF(_xlfn.IFNA(M95,0)=0,"No data",M95/K95) -> No data | P95: =IF(_xlfn.IFNA(N95,0)=0,"No data",N95/L95) -> No data | Q95: =IF(O95="No data","No data",IF(O95<$Q$1,"Less than "&$Q$1,"Above "&$Q$1)) -> No data | R95: =IF(P95="No data","No data",IF(P95<$Q$1,"Less than "&$Q$1,"Above "&$Q$1)) -> No data | X95: SOM | Y95: =VLOOKUP(X95,'Reference table'!$J$2:$K$195,2,FALSE) -> Somalia | Z95: 0.016393443 | AA95: 2.5301328 | AC95: LTU | AD95: =VLOOKUP(AC95,'Reference table'!$J$2:$K$195,2,FALSE) -> Lithuania | AE95: 0.027715464 | AF95: 0.026753819
A96: BHS | B96: 166 | E96: FJI | F96: 925 | J96: ='Processed HWF'!B95 -> KNA | K96: =ROUND('Processed HWF'!D95/10000*'Processed HWF'!J95,0) -> 147 | L96: =ROUND('Processed HWF'!E95/10000*'Processed HWF'!J95,0) -> 224 | M96: =VLOOKUP(J96,A$3:B$184,2,FALSE) -> 15 | N96: =VLOOKUP(J96,E$3:F$171,2,FALSE) -> 3 | O96: =IF(_xlfn.IFNA(M96,0)=0,"No data",M96/K96) -> 0.10204082 | P96: =IF(_xlfn.IFNA(N96,0)=0,"No data",N96/L96) -> 0.013392857 | Q96: =IF(O96="No data","No data",IF(O96<$Q$1,"Less than "&$Q$1,"Above "&$Q$1)) -> Above 0.1 | R96: =IF(P96="No data","No data",IF(P96<$Q$1,"Less than "&$Q$1,"Above "&$Q$1)) -> Less than 0.1 | X96: AGO | Y96: =VLOOKUP(X96,'Reference table'!$J$2:$K$195,2,FALSE) -> Angola | Z96: 0.016204691 | AA96: 0.0011943864 | AC96: BWA | AD96: =VLOOKUP(AC96,'Reference table'!$J$2:$K$195,2,FALSE) -> Botswana | AE96: 0.004494382 | AF96: 0.025259359
A97: HND | B97: 158 | E97: BHS | F97: 909 | J97: ='Processed HWF'!B96 -> KOR | K97: =ROUND('Processed HWF'!D96/10000*'Processed HWF'!J96,0) -> 127430 | L97: =ROUND('Processed HWF'!E96/10000*'Processed HWF'!J96,0) -> 411249 | M97: =VLOOKUP(J97,A$3:B$184,2,FALSE) -> 113 | N97: =VLOOKUP(J97,E$3:F$171,2,FALSE) -> 44 | O97: =IF(_xlfn.IFNA(M97,0)=0,"No data",M97/K97) -> 0.00088676136 | P97: =IF(_xlfn.IFNA(N97,0)=0,"No data",N97/L97) -> 0.00010699114 | Q97: =IF(O97="No data","No data",IF(O97<$Q$1,"Less than "&$Q$1,"Above "&$Q$1)) -> Less than 0.1 | R97: =IF(P97="No data","No data",IF(P97<$Q$1,"Less than "&$Q$1,"Above "&$Q$1)) -> Less than 0.1 | X97: GAB | Y97: =VLOOKUP(X97,'Reference table'!$J$2:$K$195,2,FALSE) -> Gabon | Z97: 0.016152717 | AA97: No data | AC97: RUS | AD97: =VLOOKUP(AC97,'Reference table'!$J$2:$K$195,2,FALSE) -> Russian Federation | AE97: 0.017704453 | AF97: 0.025018507
A98: URY | B98: 157 | E98: ATG | F98: 906 | J98: ='Processed HWF'!B97 -> KWT | K98: =ROUND('Processed HWF'!D97/10000*'Processed HWF'!J97,0) -> 10000 | L98: =ROUND('Processed HWF'!E97/10000*'Processed HWF'!J97,0) -> 20000 | M98: =VLOOKUP(J98,A$3:B$184,2,FALSE) -> 68 | N98: =VLOOKUP(J98,E$3:F$171,2,FALSE) -> 222 | O98: =IF(_xlfn.IFNA(M98,0)=0,"No data",M98/K98) -> 0.0068 | P98: =IF(_xlfn.IFNA(N98,0)=0,"No data",N98/L98) -> 0.0111 | Q98: =IF(O98="No data","No data",IF(O98<$Q$1,"Less than "&$Q$1,"Above "&$Q$1)) -> Less than 0.1 | R98: =IF(P98="No data","No data",IF(P98<$Q$1,"Less than "&$Q$1,"Above "&$Q$1)) -> Less than 0.1 | X98: JAM | Y98: =VLOOKUP(X98,'Reference table'!$J$2:$K$195,2,FALSE) -> Jamaica | Z98: 0.016025641 | AA98: 15.738384 | AC98: DEU | AD98: =VLOOKUP(AC98,'Reference table'!$J$2:$K$195,2,FALSE) -> Germany | AE98: 0.0077337001 | AF98: 0.024396342
A99: KEN | B99: 150 | E99: AUT | F99: 869 | J99: ='Processed HWF'!B98 -> LAO | K99: =ROUND('Processed HWF'!D98/10000*'Processed HWF'!J98,0) -> 2575 | L99: =ROUND('Processed HWF'!E98/10000*'Processed HWF'!J98,0) -> 6981 | M99: =VLOOKUP(J99,A$3:B$184,2,FALSE) -> 316 | N99: =VLOOKUP(J99,E$3:F$171,2,FALSE) -> 2260 | O99: =IF(_xlfn.IFNA(M99,0)=0,"No data",M99/K99) -> 0.12271845 | P99: =IF(_xlfn.IFNA(N99,0)=0,"No data",N99/L99) -> 0.32373585 | Q99: =IF(O99="No data","No data",IF(O99<$Q$1,"Less than "&$Q$1,"Above "&$Q$1)) -> Above 0.1 | R99: =IF(P99="No data","No data",IF(P99<$Q$1,"Less than "&$Q$1,"Above "&$Q$1)) -> Above 0.1 | X99: SLV | Y99: =VLOOKUP(X99,'Reference table'!$J$2:$K$195,2,FALSE) -> El Salvador | Z99: 0.015793715 | AA99: 0.59707514 | AC99: ARG | AD99: =VLOOKUP(AC99,'Reference table'!$J$2:$K$195,2,FALSE) -> Argentina | AE99: 0.0071515006 | AF99: 0.023539417
A100: GTM | B100: 149 | E100: LKA | F100: 805 | J100: ='Processed HWF'!B99 -> LBN | K100: =ROUND('Processed HWF'!D99/10000*'Processed HWF'!J99,0) -> 15064 | L100: =ROUND('Processed HWF'!E99/10000*'Processed HWF'!J99,0) -> 10328 | M100: =VLOOKUP(J100,A$3:B$184,2,FALSE) -> 508 | N100: =VLOOKUP(J100,E$3:F$171,2,FALSE) -> 2094 | O100: =IF(_xlfn.IFNA(M100,0)=0,"No data",M100/K100) -> 0.033722783 | P100: =IF(_xlfn.IFNA(N100,0)=0,"No data",N100/L100) -> 0.20274981 | Q100: =IF(O100="No data","No data",IF(O100<$Q$1,"Less than "&$Q$1,"Above "&$Q$1)) -> Less than 0.1 | R100: =IF(P100="No data","No data",IF(P100<$Q$1,"Less than "&$Q$1,"Above "&$Q$1)) -> Above 0.1 | X100: GUY | Y100: =VLOOKUP(X100,'Reference table'!$J$2:$K$195,2,FALSE) -> Guyana | Z100: 0.015178571 | AA100: 4.7513336 | AC100: MDA | AD100: =VLOOKUP(AC100,'Reference table'!$J$2:$K$195,2,FALSE) -> Republic of Moldova | AE100: 0.20645574 | AF100: 0.023533908
A101: EST | B101: 143 | E101: AFG | F101: 767 | J101: ='Processed HWF'!B100 -> LBR | K101: =ROUND('Processed HWF'!D100/10000*'Processed HWF'!J100,0) -> 258 | L101: =ROUND('Processed HWF'!E100/10000*'Processed HWF'!J100,0) -> 9881 | M101: =VLOOKUP(J101,A$3:B$184,2,FALSE) -> 6 | N101: =VLOOKUP(J101,E$3:F$171,2,FALSE) -> 5691 | O101: =IF(_xlfn.IFNA(M101,0)=0,"No data",M101/K101) -> 0.023255814 | P101: =IF(_xlfn.IFNA(N101,0)=0,"No data",N101/L101) -> 0.57595385 | Q101: =IF(O101="No data","No data",IF(O101<$Q$1,"Less than "&$Q$1,"Above "&$Q$1)) -> Less than 0.1 | R101: =IF(P101="No data","No data",IF(P101<$Q$1,"Less than "&$Q$1,"Above "&$Q$1)) -> Above 0.1 | X101: GMB | Y101: =VLOOKUP(X101,'Reference table'!$J$2:$K$195,2,FALSE) -> Gambia | Z101: 0.015075377 | AA101: 0.22298851 | AC101: ZAF | AD101: =VLOOKUP(AC101,'Reference table'!$J$2:$K$195,2,FALSE) -> South Africa | AE101: 0.035502833 | AF101: 0.023511583
A102: NIU | B102: 133 | E102: FIN | F102: 742 | J102: ='Processed HWF'!B101 -> LBY | K102: =ROUND('Processed HWF'!D101/10000*'Processed HWF'!J101,0) -> 14364 | L102: =ROUND('Processed HWF'!E101/10000*'Processed HWF'!J101,0) -> 43786 | M102: =VLOOKUP(J102,A$3:B$184,2,FALSE) -> 1208 | N102: =VLOOKUP(J102,E$3:F$171,2,FALSE) -> 169 | O102: =IF(_xlfn.IFNA(M102,0)=0,"No data",M102/K102) -> 0.084099137 | P102: =IF(_xlfn.IFNA(N102,0)=0,"No data",N102/L102) -> 0.0038596812 | Q102: =IF(O102="No data","No data",IF(O102<$Q$1,"Less than "&$Q$1,"Above "&$Q$1)) -> Less than 0.1 | R102: =IF(P102="No data","No data",IF(P102<$Q$1,"Less than "&$Q$1,"Above "&$Q$1)) -> Less than 0.1 | X102: HTI | Y102: =VLOOKUP(X102,'Reference table'!$J$2:$K$195,2,FALSE) -> Haiti | Z102: 0.014942099 | AA102: 7.8843851 | AC102: MMR | AD102: =VLOOKUP(AC102,'Reference table'!$J$2:$K$195,2,FALSE) -> Myanmar | AE102: 0.014378987 | AF102: 0.023237725
A103: ARE | B103: 130 | E103: SYR | F103: 732 | J103: ='Processed HWF'!B102 -> LCA | K103: =ROUND('Processed HWF'!D102/10000*'Processed HWF'!J102,0) -> 118 | L103: =ROUND('Processed HWF'!E102/10000*'Processed HWF'!J102,0) -> 483 | M103: =VLOOKUP(J103,A$3:B$184,2,FALSE) -> 9 | N103: =VLOOKUP(J103,E$3:F$171,2,FALSE) -> 618 | O103: =IF(_xlfn.IFNA(M103,0)=0,"No data",M103/K103) -> 0.076271186 | P103: =IF(_xlfn.IFNA(N103,0)=0,"No data",N103/L103) -> 1.2795031 | Q103: =IF(O103="No data","No data",IF(O103<$Q$1,"Less than "&$Q$1,"Above "&$Q$1)) -> Less than 0.1 | R103: =IF(P103="No data","No data",IF(P103<$Q$1,"Less than "&$Q$1,"Above "&$Q$1)) -> Above 0.1 | X103: ISL | Y103: =VLOOKUP(X103,'Reference table'!$J$2:$K$195,2,FALSE) -> Iceland | Z103: 0.014861996 | AA103: 0.034398463 | AC103: GNQ | AD103: =VLOOKUP(AC103,'Reference table'!$J$2:$K$195,2,FALSE) -> Equatorial Guinea | AE103: 0.0017730496 | AF103: 0.022988506
A104: PRK | B104: 127 | E104: SRB | F104: 714 | J104: ='Processed HWF'!B103 -> LKA | K104: =ROUND('Processed HWF'!D103/10000*'Processed HWF'!J103,0) -> 26336 | L104: =ROUND('Processed HWF'!E103/10000*'Processed HWF'!J103,0) -> 44728 | M104: =VLOOKUP(J104,A$3:B$184,2,FALSE) -> 1243 | N104: =VLOOKUP(J104,E$3:F$171,2,FALSE) -> 805 | O104: =IF(_xlfn.IFNA(M104,0)=0,"No data",M104/K104) -> 0.047197752 | P104: =IF(_xlfn.IFNA(N104,0)=0,"No data",N104/L104) -> 0.017997675 | Q104: =IF(O104="No data","No data",IF(O104<$Q$1,"Less than "&$Q$1,"Above "&$Q$1)) -> Less than 0.1 | R104: =IF(P104="No data","No data",IF(P104<$Q$1,"Less than "&$Q$1,"Above "&$Q$1)) -> Less than 0.1 | X104: MMR | Y104: =VLOOKUP(X104,'Reference table'!$J$2:$K$195,2,FALSE) -> Myanmar | Z104: 0.014378987 | AA104: 0.023237725 | AC104: ITA | AD104: =VLOOKUP(AC104,'Reference table'!$J$2:$K$195,2,FALSE) -> Italy | AE104: 0.022780533 | AF104: 0.021957643
A105: DNK | B105: 124 | E105: LTU | F105: 704 | J105: ='Processed HWF'!B104 -> LSO | K105: =ROUND('Processed HWF'!D104/10000*'Processed HWF'!J104,0) -> 1014 | L105: =ROUND('Processed HWF'!E104/10000*'Processed HWF'!J104,0) -> 6976 | M105: =VLOOKUP(J105,A$3:B$184,2,FALSE) -> #N/A | N105: =VLOOKUP(J105,E$3:F$171,2,FALSE) -> 77 | O105: =IF(_xlfn.IFNA(M105,0)=0,"No data",M105/K105) -> No data | P105: =IF(_xlfn.IFNA(N105,0)=0,"No data",N105/L105) -> 0.011037844 | Q105: =IF(O105="No data","No data",IF(O105<$Q$1,"Less than "&$Q$1,"Above "&$Q$1)) -> No data | R105: =IF(P105="No data","No data",IF(P105<$Q$1,"Less than "&$Q$1,"Above "&$Q$1)) -> Less than 0.1 | X105: NPL | Y105: =VLOOKUP(X105,'Reference table'!$J$2:$K$195,2,FALSE) -> Nepal | Z105: 0.01424834 | AA105: 0.03335264 | AC105: HUN | AD105: =VLOOKUP(AC105,'Reference table'!$J$2:$K$195,2,FALSE) -> Hungary | AE105: 0.059835772 | AF105: 0.021267368
A106: AGO | B106: 114 | E106: SWE | F106: 679 | J106: ='Processed HWF'!B105 -> LTU | K106: =ROUND('Processed HWF'!D105/10000*'Processed HWF'!J105,0) -> 13819 | L106: =ROUND('Processed HWF'!E105/10000*'Processed HWF'!J105,0) -> 26314 | M106: =VLOOKUP(J106,A$3:B$184,2,FALSE) -> 383 | N106: =VLOOKUP(J106,E$3:F$171,2,FALSE) -> 704 | O106: =IF(_xlfn.IFNA(M106,0)=0,"No data",M106/K106) -> 0.027715464 | P106: =IF(_xlfn.IFNA(N106,0)=0,"No data",N106/L106) -> 0.026753819 | Q106: =IF(O106="No data","No data",IF(O106<$Q$1,"Less than "&$Q$1,"Above "&$Q$1)) -> Less than 0.1 | R106: =IF(P106="No data","No data",IF(P106<$Q$1,"Less than "&$Q$1,"Above "&$Q$1)) -> Less than 0.1 | X106: ISR | Y106: =VLOOKUP(X106,'Reference table'!$J$2:$K$195,2,FALSE) -> Israel | Z106: 0.014211063 | AA106: 0.00026606228 | AC106: BGD | AD106: =VLOOKUP(AC106,'Reference table'!$J$2:$K$195,2,FALSE) -> Bangladesh | AE106: 0.0067841739 | AF106: 0.019163164
A107: KOR | B107: 113 | E107: UGA | F107: 646 | J107: ='Processed HWF'!B106 -> LUX | K107: =ROUND('Processed HWF'!D106/10000*'Processed HWF'!J106,0) -> 1882 | L107: =ROUND('Processed HWF'!E106/10000*'Processed HWF'!J106,0) -> 7394 | M107: =VLOOKUP(J107,A$3:B$184,2,FALSE) -> 477 | N107: =VLOOKUP(J107,E$3:F$171,2,FALSE) -> 1 | O107: =IF(_xlfn.IFNA(M107,0)=0,"No data",M107/K107) -> 0.25345377 | P107: =IF(_xlfn.IFNA(N107,0)=0,"No data",N107/L107) -> 0.00013524479 | Q107: =IF(O107="No data","No data",IF(O107<$Q$1,"Less than "&$Q$1,"Above "&$Q$1)) -> Above 0.1 | R107: =IF(P107="No data","No data",IF(P107<$Q$1,"Less than "&$Q$1,"Above "&$Q$1)) -> Less than 0.1 | X107: BDI | Y107: =VLOOKUP(X107,'Reference table'!$J$2:$K$195,2,FALSE) -> Burundi | Z107: 0.014101058 | AA107: 0.00038925652 | AC107: IRQ | AD107: =VLOOKUP(AC107,'Reference table'!$J$2:$K$195,2,FALSE) -> Iraq | AE107: 0.046493687 | AF107: 0.01875833
A108: VNM | B108: 104 | E108: CYP | F108: 622 | J108: ='Processed HWF'!B107 -> LVA | K108: =ROUND('Processed HWF'!D107/10000*'Processed HWF'!J107,0) -> 6422 | L108: =ROUND('Processed HWF'!E107/10000*'Processed HWF'!J107,0) -> 7968 | M108: =VLOOKUP(J108,A$3:B$184,2,FALSE) -> 659 | N108: =VLOOKUP(J108,E$3:F$171,2,FALSE) -> 479 | O108: =IF(_xlfn.IFNA(M108,0)=0,"No data",M108/K108) -> 0.10261601 | P108: =IF(_xlfn.IFNA(N108,0)=0,"No data",N108/L108) -> 0.060115462 | Q108: =IF(O108="No data","No data",IF(O108<$Q$1,"Less than "&$Q$1,"Above "&$Q$1)) -> Above 0.1 | R108: =IF(P108="No data","No data",IF(P108<$Q$1,"Less than "&$Q$1,"Above "&$Q$1)) -> Less than 0.1 | X108: ESP | Y108: =VLOOKUP(X108,'Reference table'!$J$2:$K$195,2,FALSE) -> Spain | Z108: 0.013541346 | AA108: 0.036512579 | AC108: LKA | AD108: =VLOOKUP(AC108,'Reference table'!$J$2:$K$195,2,FALSE) -> Sri Lanka | AE108: 0.047197752 | AF108: 0.017997675
A109: CRI | B109: 101 | E109: LCA | F109: 618 | J109: ='Processed HWF'!B108 -> MAR | K109: =ROUND('Processed HWF'!D108/10000*'Processed HWF'!J108,0) -> 26960 | L109: =ROUND('Processed HWF'!E108/10000*'Processed HWF'!J108,0) -> 46995 | M109: =VLOOKUP(J109,A$3:B$184,2,FALSE) -> 5672 | N109: =VLOOKUP(J109,E$3:F$171,2,FALSE) -> 4353 | O109: =IF(_xlfn.IFNA(M109,0)=0,"No data",M109/K109) -> 0.21038576 | P109: =IF(_xlfn.IFNA(N109,0)=0,"No data",N109/L109) -> 0.092626875 | Q109: =IF(O109="No data","No data",IF(O109<$Q$1,"Less than "&$Q$1,"Above "&$Q$1)) -> Above 0.1 | R109: =IF(P109="No data","No data",IF(P109<$Q$1,"Less than "&$Q$1,"Above "&$Q$1)) -> Less than 0.1 | X109: DOM | Y109: =VLOOKUP(X109,'Reference table'!$J$2:$K$195,2,FALSE) -> Dominican Republic | Z109: 0.01341178 | AA109: 0.65210824 | AC109: SVK | AD109: =VLOOKUP(AC109,'Reference table'!$J$2:$K$195,2,FALSE) -> Slovakia | AE109: 0.2034116 | AF109: 0.017399355
A110: CIV | B110: 99 | E110: SAU | F110: 567 | J110: ='Processed HWF'!B109 -> MCO | K110: =ROUND('Processed HWF'!D109/10000*'Processed HWF'!J109,0) -> 294 | L110: =ROUND('Processed HWF'!E109/10000*'Processed HWF'!J109,0) -> 770 | M110: =VLOOKUP(J110,A$3:B$184,2,FALSE) -> #N/A | N110: =VLOOKUP(J110,E$3:F$171,2,FALSE) -> #N/A | O110: =IF(_xlfn.IFNA(M110,0)=0,"No data",M110/K110) -> No data | P110: =IF(_xlfn.IFNA(N110,0)=0,"No data",N110/L110) -> No data | Q110: =IF(O110="No data","No data",IF(O110<$Q$1,"Less than "&$Q$1,"Above "&$Q$1)) -> No data | R110: =IF(P110="No data","No data",IF(P110<$Q$1,"Less than "&$Q$1,"Above "&$Q$1)) -> No data | X110: SVN | Y110: =VLOOKUP(X110,'Reference table'!$J$2:$K$195,2,FALSE) -> Slovenia | Z110: 0.013356818 | AA110: 0.0008384963 | AC110: MLT | AD110: =VLOOKUP(AC110,'Reference table'!$J$2:$K$195,2,FALSE) -> Malta | AE110: 0.23357086 | AF110: 0.01714135
...

Sheet Raw HWF
A1: region | B1: country | C1: iso3 | D1: WBI | E1: MaxMeddensity | F1: MaxNurdensity | G1: MaxMiddensity | H1: flagnurmiddoublecount | I1: MaxDendensity | J1: MaxPhadensity | K1: emeddensity2020 | L1: enurdensity2020 | M1: emiddensity2020 | N1: edendensity2020 | O1: ephadensity2020 | P1: Shortage2020 | Q1: OtherShortage2020
A2: EUR | B2: Republic of Austria | C2: AUT | D2: HIN | E2: 52.933468 | F2: 102.86308 | G2: 2.7746935 | H2: 0 | I2: 5.7492452 | J2: 7.2348552 | K2: 52.933468 | L2: 102.86308 | M2: 2.7746935 | N2: 5.7492452 | O2: 7.2348552 | P2: 1120.1978 | Q2: 182.4014
A3: EMR | B3: State of Kuwait | C3: KWT | D3: HIN | E3: 23.416117 | F3: 46.832233 | H3: 0 | I3: 6.7447286 | J3: 4.9147387 | K3: 23.416117 | L3: 46.832233 | M3: 5.1814961 | N3: 6.7447286 | O3: 4.9147387 | P3: 0 | Q3: 0
A4: EUR | B4: Kingdom of Belgium | C4: BEL | D4: HIN | E4: 60.734482 | F4: 188.5043 | G4: 12.151724 | H4: 0 | I4: 10.992241 | J4: 19.781897 | K4: 60.734482 | L4: 188.5043 | M4: 12.151724 | N4: 10.992241 | O4: 19.781897 | P4: 0 | Q4: 0
A5: AMR | B5: Canada | C5: CAN | D5: HIN | E5: 24.431818 | F5: 110.85438 | H5: 1 | I5: 6.6323528 | J5: 11.102387 | K5: 24.431818 | L5: 110.85438 | N5: 6.6323528 | O5: 11.102387 | P5: 0 | Q5: 0
A6: WPR | B6: Brunei Darussalam | C6: BRN | D6: HIN | E6: 16.090237 | F6: 58.979858 | H6: 1 | I6: 2.5386803 | J6: 1.711198 | K6: 16.090237 | L6: 58.979858 | N6: 2.5386803 | O6: 1.711198 | P6: 13.204123 | Q6: 2.8210742
A7: EUR | B7: Principality of Andorra | C7: AND | D7: HIN | E7: 33.336327 | F7: 37.952126 | G7: 2.1796827 | H7: 0 | I7: 8.2058649 | J7: 10.129114 | K7: 33.336327 | L7: 37.952126 | M7: 2.1796827 | N7: 8.2058649 | O7: 10.129114 | P7: 15.1016 | Q7: 2.458988
A8: WPR | B8: Australia | C8: AUS | D8: HIN | E8: 41.291374 | F8: 122.97857 | G8: 8.4265871 | H8: 0 | I8: 6.1575398 | J8: 8.9678574 | K8: 41.291374 | L8: 122.97857 | M8: 8.4265871 | N8: 6.1575398 | O8: 8.9678574 | P8: 0 | Q8: 0
A9: EUR | B9: United Kingdom of Great Britain and Northern Ireland | C9: GBR | D9: HIN | E9: 30.030485 | F9: 83.675697 | G9: 4.8363771 | H9: 0 | I9: 5.359941 | J9: 8.4268045 | K9: 30.030485 | L9: 83.675697 | M9: 4.8363771 | N9: 5.359941 | O9: 8.4268045 | P9: 0 | Q9: 0
A10: WPR | B10: Republic of Korea | C10: KOR | D10: HIN | E10: 24.855078 | F10: 80.213669 | G10: 1.6107422 | H10: 0 | I10: 5.1730471 | J10: 7.6056643 | K10: 24.855078 | L10: 80.213669 | M10: 1.6107422 | N10: 5.1730471 | O10: 7.6056643 | P10: 14386.375 | Q10: 3073.6636
A11: EUR | B11: Republic of Iceland | C11: ISL | D11: HIN | E11: 41.411407 | F11: 167.82417 | H11: 1 | I11: 8.4981689 | J11: 6.0952382 | K11: 41.411407 | L11: 167.82417 | N11: 8.4981689 | O11: 6.0952382 | P11: 0 | Q11: 0
A12: EUR | B12: State of Israel | C12: ISR | D12: HIN | E12: 36.258854 | F12: 117.24281 | G12: 2.6757426 | H12: 0 | I12: 11.701175 | J12: 9.8873081 | K12: 36.258854 | L12: 117.24281 | M12: 2.6757426 | N12: 11.701175 | O12: 9.8873081 | P12: 1178.8644 | Q12: 191.95406
A13: WPR | B13: New Zealand | C13: NZL | D13: HIN | E13: 36.182407 | F13: 111.84238 | G13: 5.9204936 | H13: 0 | I13: 6.4874759 | J13: 7.5732551 | K13: 36.182407 | L13: 111.84238 | M13: 5.9204936 | N13: 6.4874759 | O13: 7.5732551 | P13: 0 | Q13: 0
A14: EUR | B14: Republic of Malta | C14: MLT | D14: HIN | E14: 28.600491 | F14: 85.872673 | G14: 8.9697332 | H14: 0 | I14: 4.8367648 | J14: 12.870221 | K14: 28.600491 | L14: 85.872673 | M14: 8.9697332 | N14: 4.8367648 | O14: 12.870221 | P14: 0 | Q14: 0
A15: EUR | B15: Portuguese Republic | C15: PRT | D15: HIN | E15: 54.977451 | F15: 71.37059 | G15: 2.9166667 | H15: 0 | I15: 10.578641 | J15: 9.3980389 | K15: 54.977451 | L15: 71.37059 | M15: 2.9166667 | N15: 10.578641 | O15: 9.3980389 | P15: 1095.6765 | Q15: 178.4086
A16: EMR | B16: Kingdom of Saudi Arabia | C16: SAU | D16: HIN | E16: 27.395403 | F16: 56.8242 | G16: 1.2962099 | H16: 0 | I16: 5.6385059 | J16: 8.6424332 | K16: 27.395403 | L16: 56.8242 | M16: 1.2962099 | N16: 5.6385059 | O16: 8.6424332 | P16: 12530.461 | Q16: 3761.769
A17: AMR | B17: United States of America | C17: USA | D17: HIN | E17: 26.107676 | F17: 156.89624 | H17: 1 | I17: 6.1017737 | J17: 9.2489967 | K17: 26.107676 | L17: 156.89624 | N17: 6.1017737 | O17: 9.2489967 | P17: 0 | Q17: 0
A18: EUR | B18: Kingdom of Sweden | C18: SWE | D18: HIN | E18: 71.179001 | F18: 110.75521 | G18: 13.11 | H18: 0 | I18: 8.235364 | J18: 16.232 | K18: 71.179001 | L18: 110.75521 | M18: 13.11 | N18: 8.235364 | O18: 16.232 | P18: 0 | Q18: 0
A19: EUR | B19: Swiss Confederation | C19: CHE | D19: HIN | E19: 43.804359 | F19: 179.25449 | G19: 3.3510406 | H19: 0 | I19: 4.0517445 | J19: 6.7148848 | K19: 43.804359 | L19: 179.25449 | M19: 3.3510406 | N19: 4.0517445 | O19: 6.7148848 | P19: 480.61957 | Q19: 78.259109
A20: EUR | B20: Principality of Monaco | C20: MCO | D20: HIN | E20: 75.026794 | F20: 196.14148 | G20: 5.3590569 | H20: 0 | I20: 10.182208 | J20: 26.259378 | K20: 75.026794 | L20: 196.14148 | M20: 5.3590569 | N20: 10.182208 | O20: 26.259378 | P20: 0 | Q20: 0
A21: EUR | B21: Republic of Slovenia | C21: SVN | D21: HIN | E21: 32.771206 | F21: 103.25912 | G21: 1.3133498 | H21: 0 | I21: 7.2835593 | J21: 7.2931809 | K21: 32.771206 | L21: 103.25912 | M21: 1.3133498 | N21: 7.2835593 | O21: 7.2931809 | P21: 621.46655 | Q21: 101.19317
A22: EMR | B22: United Arab Emirates | C22: ARE | D22: HIN | E22: 26.010881 | F22: 57.460571 | H22: 0 | I22: 6.7304463 | J22: 12.104774 | K22: 26.010881 | L22: 57.460571 | M22: 5.1814961 | N22: 6.7304463 | O22: 12.104774 | P22: 0 | Q22: 0
A23: WPR | B23: Republic of Singapore | C23: SGP | D23: HIN | E23: 24.600544 | F23: 62.431217 | H23: 1 | I23: 4.1042099 | J23: 5.0852327 | K23: 24.600544 | L23: 62.431217 | N23: 4.1042099 | O23: 5.0852327 | P23: 0 | Q23: 0
A24: EUR | B24: Ireland | C24: IRL | D24: HIN | E24: 34.896137 | F24: 157.9417 | G24: 21.839231 | H24: 0 | I24: 6.6669421 | J24: 13.704494 | K24: 34.896137 | L24: 157.9417 | M24: 21.839231 | N24: 6.6669421 | O24: 13.704494 | P24: 0 | Q24: 0
A25: EMR | B25: State of Qatar | C25: QAT | D25: HIN | E25: 24.85187 | F25: 70.863602 | G25: 1.1072438 | H25: 0 | I25: 6.1474447 | J25: 8.8938999 | K25: 24.85187 | L25: 70.863602 | M25: 1.1072438 | N25: 6.1474447 | O25: 8.8938999 | P25: 1115.1833 | Q25: 334.78912
A26: EUR | B26: Republic of Cyprus | C26: CYP | D26: HIN | E26: 31.437359 | F26: 52.512886 | G26: 2.7949882 | H26: 0 | I26: 8.038599 | J26: 6.4600205 | K26: 31.437359 | L26: 52.512886 | M26: 2.7949882 | N26: 8.038599 | O26: 6.4600205 | P26: 147.24223 | Q26: 23.975399
A27: EUR | B27: Hellenic Republic | C27: GRC | D27: HIN | E27: 62.91238 | F27: 34.524761 | G27: 2.7180953 | H27: 0 | I27: 12.822857 | J27: 10.826667 | K27: 62.91238 | L27: 34.524761 | M27: 2.7180953 | N27: 12.822857 | O27: 10.826667 | P27: 1363.8417 | Q27: 222.07384
A28: EUR | B28: Kingdom of Norway | C28: NOR | D28: HIN | E28: 50.469986 | F28: 178.74133 | G28: 5.4747601 | H28: 0 | I28: 9.0440531 | J28: 8.7581406 | K28: 50.469986 | L28: 178.74133 | M28: 5.4747601 | N28: 9.0440531 | O28: 8.7581406 | P28: 0 | Q28: 0
A29: EUR | B29: Republic of Finland | C29: FIN | D29: HIN | E29: 46.403996 | F29: 210.02484 | G29: 13.05548 | H29: 0 | I29: 10.755833 | J29: 19.244612 | K29: 46.403996 | L29: 210.02484 | M29: 13.05548 | N29: 10.755833 | O29: 19.244612 | P29: 0 | Q29: 0
A30: EUR | B30: Grand Duchy of Luxembourg | C30: LUX | D30: HIN | E30: 30.071936 | F30: 118.12527 | G30: 3.6153901 | H30: 0 | I30: 9.8156147 | J30: 7.028048 | K30: 30.071936 | L30: 118.12527 | M30: 3.6153901 | N30: 9.8156147 | O30: 7.028048 | P30: 14.99636 | Q30: 2.4418519
A31: EUR | B31: Republic of Italy | C31: ITA | D31: HIN | E31: 39.45256 | F31: 59.844795 | G31: 2.8295867 | H31: 0 | I31: 8.4398346 | J31: 12.139669 | K31: 39.45256 | L31: 59.844795 | M31: 2.8295867 | N31: 8.4398346 | O31: 12.139669 | P31: 7128.1689 | Q31: 1160.6771
A32: EUR | B32: French Republic | C32: FRA | D32: HIN | E32: 32.749771 | F32: 114.33287 | G32: 3.5543778 | H32: 0 | I32: 6.5374808 | J32: 10.61106 | K32: 32.749771 | L32: 114.33287 | M32: 3.5543778 | N32: 6.5374808 | O32: 10.61106 | P32: 2040.2776 | Q32: 332.21765
A33: EUR | B33: Federal Republic of Germany | C33: DEU | D33: HIN | E33: 44.339142 | F33: 138.92215 | G33: 2.9940119 | H33: 0 | I33: 8.5077848 | J33: 6.6365271 | K33: 44.339142 | L33: 138.92215 | M33: 2.9940119 | N33: 8.5077848 | O33: 6.6365271 | P33: 8227.5166 | Q33: 1339.6835
A34: EUR | B34: Kingdom of Denmark | C34: DNK | D34: HIN | E34: 42.246952 | F34: 101.71709 | G34: 3.6369131 | H34: 0 | I34: 7.2355795 | J34: 5.4414616 | K34: 42.246952 | L34: 101.71709 | M34: 3.6369131 | N34: 7.2355795 | O34: 5.4414616 | P34: 123.87114 | Q34: 20.169893
A35: EUR | B35: Republic of San Marino | C35: SMR | D35: HIN | E35: 61.018185 | F35: 76.803986 | G35: 5.1607418 | H35: 0 | I35: 17.759886 | J35: 6.678607 | K35: 61.018185 | L35: 76.803986 | M35: 5.1607418 | N35: 17.759886 | O35: 6.678607 | P35: 0 | Q35: 0
A36: EUR | B36: Kingdom of Spain | C36: ESP | D36: HIN | E36: 44.446468 | F36: 59.450321 | G36: 2.04197 | H36: 0 | I36: 8.3102779 | J36: 12.44818 | K36: 44.446468 | L36: 59.450321 | M36: 2.04197 | N36: 8.3102779 | O36: 12.44818 | P36: 9917.0039 | Q36: 1614.7821
A37: EUR | B37: Kingdom of the Netherlands | C37: NLD | D37: HIN | E37: 40.877193 | F37: 116.66666 | H37: 1 | I37: 5.591228 | J37: 2.1719298 | K37: 40.877193 | L37: 116.66666 | N37: 5.591228 | O37: 2.1719298 | P37: 0 | Q37: 0
A38: AMR | B38: Commonwealth of the Bahamas | C38: BHS | D38: HIN | E38: 19.384464 | F38: 45.664944 | H38: 0 | I38: 2.593327 | J38: 5.6176181 | K38: 19.384464 | L38: 45.664944 | M38: 5.1814961 | N38: 2.593327 | O38: 5.6176181 | P38: 0 | Q38: 0
A39: WPR | B39: Japan | C39: JPN | D39: HIN | E39: 24.835117 | F39: 117.12157 | G39: 2.5485039 | H39: 0 | I39: 8.016614 | J39: 18.926851 | K39: 24.835117 | L39: 117.12157 | M39: 2.5485039 | N39: 8.016614 | O39: 18.926851 | P39: 20308.805 | Q39: 4338.9971
A40: EMR | B40: Kingdom of Bahrain | C40: BHR | D40: HIN | E40: 9.2575512 | F40: 24.944363 | H40: 0 | I40: 0.97678101 | J40: 1.6182492 | K40: 9.2575512 | L40: 24.944363 | M40: 5.1814961 | N40: 0.97678101 | O40: 1.6182492 | P40: 2573.8413 | Q40: 772.69275
A41: AFR | B41: Democratic Republic of Sao Tome and Principe | C41: STP | D41: LIN | E41: 4.8826308 | F41: 20.460548 | G41: 1.0230274 | H41: 0 | I41: 0.27900746 | J41: 1.7205461 | K41: 4.8826308 | L41: 20.460548 | M41: 1.0230274 | N41: 0.27900746 | O41: 1.7205461 | P41: 723.31989 | Q41: 222.92564
A42: AFR | B42: Republic of Rwanda | C42: RWA | D42: LIN | E42: 1.184127 | F42: 8.2611113 | G42: 1.2388889 | H42: 0 | I42: 0.18536586 | J42: 0.72032523 | K42: 1.184127 | L42: 8.2611113 | M42: 1.2388889 | N42: 0.18536586 | O42: 0.72032523 | P42: 74429.766 | Q42: 22939.094
A43: AFR | B43: Republic of Burundi | C43: BDI | D43: LIN | E43: 0.7159664 | F43: 6.4815125 | H43: 1 | I43: 0.0125 | J43: 0.10625 | K43: 0.7159664 | L43: 6.4815125 | N43: 0.0125 | O43: 0.10625 | P43: 68919.078 | Q43: 21240.711
A44: SEAR | B44: Republic of India | C44: IND | D44: LIN | E44: 7.3517246 | F44: 17.482761 | H44: 1 | I44: 1.6146086 | J44: 8.7015505 | K44: 7.3517246 | L44: 17.482761 | N44: 1.6146086 | O44: 8.7015505 | P44: 3896771 | Q44: 1276916.9
A45: AFR | B45: Republic of Guinea | C45: GIN | D45: LIN | E45: 2.2475805 | F45: 5.8024192 | H45: 1 | I45: 0.058870967 | J45: 0.20564516 | K45: 2.2475805 | L45: 5.8024192 | N45: 0.058870967 | O45: 0.20564516 | P45: 73978.531 | Q45: 22800.025
A46: AFR | B46: Republic of Malawi | C46: MWI | D46: LIN | E46: 0.5015707 | F46: 7.1015706 | H46: 1 | I46: 0.07801047 | J46: 0.079057589 | K46: 0.5015707 | L46: 7.1015706 | N46: 0.07801047 | O46: 0.079057589 | P46: 109392.22 | Q46: 33714.449
A47: EUR | B47: Republic of Tajikistan | C47: TJK | D47: LIN | E47: 17.229246 | F47: 42.041348 | G47: 5.4926624 | H47: 0 | I47: 1.5618888 | J47: 1.0395089 | K47: 17.229246 | L47: 42.041348 | M47: 5.4926624 | N47: 1.5618888 | O47: 1.0395089 | P47: 1176.8118 | Q47: 191.61983
A48: SEAR | B48: Republic of the Union of Myanmar | C48: MMR | D48: LIN | E48: 7.375185 | F48: 7.561111 | G48: 3.2694445 | H48: 0 | I48: 0.7037037 | J48: 0.77833331 | K48: 7.375185 | L48: 7.561111 | M48: 3.2694445 | N48: 0.7037037 | O48: 0.77833331 | P48: 254963.81 | Q48: 83548.047
A49: AFR | B49: Republic of Zambia | C49: ZMB | D49: LIN | E49: 1.1643678 | F49: 9.9178162 | G49: 0.28045976 | H49: 0 | I49: 0.26149425 | J49: 0.98160917 | K49: 1.1643678 | L49: 9.9178162 | M49: 0.28045976 | N49: 0.26149425 | O49: 0.98160917 | P49: 102644.66 | Q49: 31634.865
A50: AFR | B50: Republic of Sierra Leone | C50: SLE | D50: LIN | E50: 0.73985487 | F50: 7.5253434 | G50: 0.94967407 | H50: 0 | I50: 0.019607462 | J50: 0.20391759 | K50: 0.73985487 | L50: 7.5253434 | M50: 0.94967407 | N50: 0.019607462 | O50: 0.20391759 | P50: 48151.91 | Q50: 14840.315
A51: EMR | B51: Islamic Republic of Pakistan | C51: PAK | D51: LIN | E51: 11.156636 | F51: 4.0816131 | G51: 0.74050689 | H51: 0 | I51: 1.2297696 | J51: 1.541705 | K51: 11.156636 | L51: 4.0816131 | M51: 0.74050689 | N51: 1.2297696 | O51: 1.541705 | P51: 1024730.6 | Q51: 307634.31
A52: AFR | B52: Togolese Republic | C52: TGO | D52: LIN | E52: 0.82742089 | F52: 2.9654281 | G52: 2.1053936 | H52: 0 | I52: 0.026619023 | J52: 0.28023598 | K52: 0.82742089 | L52: 2.9654281 | M52: 2.1053936 | N52: 0.026619023 | O52: 0.28023598 | P52: 53842.656 | Q52: 16594.191
A53: AFR | B53: Federal Democratic Republic of Ethiopia | C53: ETH | D53: LIN | E53: 1.0586087 | F53: 6.0716519 | G53: 1.77 | H53: 0 | I53: 0.019826086 | J53: 0.46904346 | K53: 1.0586087 | L53: 6.0716519 | M53: 1.77 | N53: 0.019826086 | O53: 0.46904346 | P53: 694999.75 | Q53: 214197.44
A54: AFR | B54: Republic of the Niger | C54: NER | D54: LIN | E54: 0.34504133 | F54: 1.8334821 | G54: 0.40446427 | H54: 0 | I54: 0.013392857 | J54: 0.026785715 | K54: 0.34504133 | L54: 1.8334821 | M54: 0.40446427 | N54: 0.013392857 | O54: 0.026785715 | P54: 169920.2 | Q54: 52369.043
A55: AFR | B55: Democratic Republic of the Congo | C55: COD | D55: LIN | E55: 3.7510107 | F55: 11.097028 | H55: 1 | I55: 0.048038051 | J55: 0.20059453 | K55: 3.7510107 | L55: 11.097028 | N55: 0.048038051 | O55: 0.20059453 | P55: 418150.25 | Q55: 128873.02
A56: AFR | B56: Republic of Mozambique | C56: MOZ | D56: LIN | E56: 0.84920126 | F56: 2.8214056 | G56: 2.0204473 | H56: 0 | I56: 0.090095848 | J56: 0.13514377 | K56: 0.84920126 | L56: 2.8214056 | M56: 2.0204473 | N56: 0.090095848 | O56: 0.13514377 | P56: 204873.36 | Q56: 63141.531
A57: SEAR | B57: Kingdom of Bhutan | C57: BTN | D57: LIN | E57: 4.9895544 | F57: 20.774691 | H57: 1 | I57: 0.92015159 | J57: 0.66095394 | K57: 4.9895544 | L57: 20.774691 | N57: 0.92015159 | O57: 0.66095394 | P57: 2299.6069 | Q57: 753.54871
A58: AFR | B58: Federal Republic of Nigeria | C58: NGA | D58: LIN | E58: 3.8032143 | F58: 8.9904976 | G58: 6.013433 | H58: 0 | I58: 0.21681592 | J58: 1.2272637 | K58: 3.8032143 | L58: 8.9904976 | M58: 6.013433 | N58: 0.21681592 | O58: 1.2272637 | P58: 986947.38 | Q58: 304175.06
A59: AFR | B59: Republic of Ghana | C59: GHA | D59: LIN | E59: 1.6993569 | F59: 30.800322 | G59: 5.3697748 | H59: 0 | I59: 0.23926175 | J59: 0.44630226 | K59: 1.6993569 | L59: 30.800322 | M59: 5.3697748 | N59: 0.23926175 | O59: 0.44630226 | P59: 63821.953 | Q59: 19669.789
A60: AFR | B60: Republic of Madagascar | C60: MDG | D60: LIN | E60: 1.9885931 | F60: 1.4574145 | G60: 1.5186312 | H60: 0 | I60: 0.21140684 | J60: 0.12509505 | K60: 1.9885931 | L60: 1.4574145 | M60: 1.5186312 | N60: 0.21140684 | O60: 0.12509505 | P60: 183772.73 | Q60: 56638.363
A61: EUR | B61: Republic of Moldova | C61: MDA | D61: LIN | E61: 31.026562 | F61: 45.399525 | G61: 1.3857341 | H61: 0 | I61: 4.0952287 | J61: 3.0193634 | K61: 31.026562 | L61: 45.399525 | M61: 1.3857341 | N61: 4.0952287 | O61: 3.0193634 | P61: 1171.0157 | Q61: 190.67607
A62: WPR | B62: Socialist Republic of Viet Nam | C62: VNM | D62: LIN | E62: 8.2840815 | F62: 11.394658 | G62: 3.0745726 | H62: 0 | J62: 3.388782 | K62: 8.2840815 | L62: 11.394658 | M62: 3.0745726 | N62: 0.55726933 | O62: 3.388782 | P62: 320958.78 | Q62: 68573.172
A63: AFR | B63: Kingdom of Lesotho | C63: LSO | D63: LIN | E63: 4.7336111 | F63: 32.566105 | H63: 0 | I63: 0.17409578 | J63: 1.8877527 | K63: 4.7336111 | L63: 32.566105 | M63: 2.7208631 | N63: 0.17409578 | O63: 1.8877527 | P63: 3335.6929 | Q63: 1028.0533
A64: WPR | B64: Solomon Islands | C64: SLB | D64: LIN | E64: 1.9372399 | F64: 21.643364 | H64: 1 | I64: 0.74646807 | J64: 1.1946312 | K64: 1.9372399 | L64: 21.643364 | N64: 0.74646807 | O64: 1.1946312 | P64: 1909.5099 | Q64: 407.96872
A65: AFR | B65: Cote d'Ivoire | C65: CIV | D65: LIN | E65: 1.6237354 | F65: 4.3809338 | G65: 2.1793773 | H65: 0 | I65: 0.14513619 | J65: 0.36731517 | K65: 1.6237354 | L65: 4.3809338 | M65: 2.1793773 | N65: 0.14513619 | O65: 0.36731517 | P65: 162190.94 | Q65: 49986.898
A66: AFR | B66: Republic of South Sudan | C66: SSD | D66: LIN | E66: 0.37363636 | F66: 3.3872728 | H66: 0 | I66: 0.029090909 | J66: 0.32727271 | K66: 0.37363636 | L66: 3.3872728 | M66: 2.7208631 | N66: 0.029090909 | O66: 0.32727271 | P66: 71816.891 | Q66: 22133.811
A67: WPR | B67: Mongolia | C67: MNG | D67: LIN | E67: 38.517906 | F67: 38.937435 | G67: 3.2587471 | H67: 0 | I67: 4.0817432 | J67: 6.8134203 | K67: 38.517906 | L67: 38.937435 | M67: 3.2587471 | N67: 4.0817432 | O67: 6.8134203 | P67: 232.2977 | Q67: 49.630638
A68: SEAR | B68: People's Republic of Bangladesh | C68: BGD | D68: LIN | E68: 6.6590304 | F68: 4.0589695 | G68: 0.82321215 | H68: 0 | I68: 0.68533331 | J68: 1.8091304 | K68: 6.6590304 | L68: 4.0589695 | M68: 0.82321215 | N68: 0.68533331 | O68: 1.8091304 | P68: 912042.12 | Q68: 298863.34
A69: AFR | B69: Republic of Zimbabwe | C69: ZWE | D69: LIN | E69: 1.9845637 | F69: 15.1 | G69: 6.2369127 | H69: 0 | I69: 0.15704697 | J69: 1.0738255 | K69: 1.9845637 | L69: 15.1 | M69: 6.2369127 | N69: 0.15704697 | O69: 1.0738255 | P69: 62603.586 | Q69: 19294.291
A70: WPR | B70: Lao People's Democratic Republic | C70: LAO | D70: LIN | E70: 3.5392485 | F70: 9.5951433 | G70: 2.3077273 | H70: 0 | I70: 0.76832616 | J70: 2.2871103 | K70: 3.5392485 | L70: 9.5951433 | M70: 2.3077273 | N70: 0.76832616 | O70: 2.2871103 | P70: 30568.799 | Q70: 6531.0552
A71: AFR | B71: Republic of Guinea-Bissau | C71: GNB | D71: LIN | E71: 1.9563028 | F71: 6.9664707 | G71: 0.9400416 | H71: 0 | I71: 0.02540653 | J71: 0.066056974 | K71: 1.9563028 | L71: 6.9664707 | M71: 0.9400416 | N71: 0.02540653 | O71: 0.066056974 | P71: 11732.778 | Q71: 3616.0171
A72: EMR | B72: Islamic Republic of Afghanistan | C72: AFG | D72: LIN | E72: 2.5398457 | F72: 3.086828 | G72: 1.3704301 | H72: 0 | I72: 0.70973682 | J72: 0.28844085 | K72: 2.5398457 | L72: 3.086828 | M72: 1.3704301 | N72: 0.70973682 | O72: 0.28844085 | P72: 240155.88 | Q72: 72097.18
A73: AFR | B73: Republic of Uganda | C73: UGA | D73: LIN | E73: 1.538512 | F73: 11.231291 | G73: 5.1522975 | H73: 0 | I73: 0.055798687 | J73: 0.37571117 | K73: 1.538512 | L73: 11.231291 | M73: 5.1522975 | N73: 0.055798687 | O73: 0.37571117 | P73: 225795.94 | Q73: 69589.82
A74: AFR | B74: Republic of Mali | C74: MLI | D74: LIN | E74: 1.2848167 | F74: 2.7089005 | G74: 1.6937172 | H74: 0 | I74: 0.015706806 | J74: 0.095287956 | K74: 1.2848167 | L74: 2.7089005 | M74: 1.6937172 | N74: 0.015706806 | O74: 0.095287956 | P74: 133219 | Q74: 41057.809
A75: EMR | B75: Federal Republic of Somalia | C75: SOM | D75: LIN | E75: 0.23059702 | F75: 0.61567163 | G75: 0.50522387 | H75: 0 | K75: 0.23059702 | L75: 0.61567163 | M75: 0.50522387 | N75: 0.55726933 | O75: 1.035708 | P75: 109637.39 | Q75: 32914.234
A76: AFR | B76: Republic of Cameroon | C76: CMR | D76: LIN | E76: 0.96716982 | F76: 4.3313208 | G76: 0.47471699 | H76: 0 | I76: 0.072075471 | J76: 0.12716982 | K76: 0.96716982 | L76: 4.3313208 | M76: 0.47471699 | N76: 0.072075471 | O76: 0.12716982 | P76: 173239.95 | Q76: 53392.184
A77: AFR | B77: Central African Republic | C77: CAF | D77: LIN | E77: 0.717902 | F77: 2.5608742 | H77: 1 | I77: 0.021429911 | J77: 0.077147678 | K77: 0.717902 | L77: 2.5608742 | N77: 0.021429911 | O77: 0.077147678 | P77: 30721.564 | Q77: 9468.3203
A78: AFR | B78: Republic of Kenya | C78: KEN | D78: LIN | E78: 1.5645914 | F78: 11.653891 | H78: 1 | I78: 0.24714829 | J78: 0.18754864 | K78: 1.5645914 | L78: 11.653891 | N78: 0.24714829 | O78: 0.18754864 | P78: 262302.56 | Q78: 80841.094
A79: EMR | B79: Republic of Yemen | C79: YEM | D79: LIN | E79: 5.2558141 | F79: 7.8515787 | H79: 1 | I79: 0.21046512 | J79: 1.0527132 | K79: 5.2558141 | L79: 7.8515787 | N79: 0.21046512 | O79: 1.0527132 | P79: 140576.86 | Q79: 42202.57
A80: AMR | B80: Republic of Haiti | C80: HTI | D80: LIN | E80: 2.3477478 | F80: 3.8081081 | G80: 0.17747748 | H80: 0 | I80: 0.21351351 | J80: 0.3027027 | K80: 2.3477478 | L80: 3.8081081 | M80: 0.17747748 | N80: 0.21351351 | O80: 0.3027027 | P80: 64238.062 | Q80: 13680.796
A81: EMR | B81: Republic of the Sudan | C81: SDN | D81: LIN | E81: 2.6183825 | F81: 11.455024 | H81: 1 | I81: 2.0863752 | J81: 0.25171569 | K81: 2.6183825 | L81: 11.455024 | N81: 2.0863752 | O81: 0.25171569 | P81: 196352.59 | Q81: 58947
A82: WPR | B82: Independent State of Papua New Guinea | C82: PNG | D82: LIN | E82: 0.66088438 | F82: 4.5293369 | H82: 1 | I82: 0.070646264 | J82: 0.13362268 | K82: 0.66088438 | L82: 4.5293369 | N82: 0.070646264 | O82: 0.13362268 | P82: 47773.203 | Q82: 10206.794
A83: AFR | B83: Burkina Faso | C83: BFA | D83: LIN | E83: 0.52105266 | F83: 5.5980296 | G83: 3.6832511 | H83: 0 | I83: 0.025615763 | J83: 0.15418719 | K83: 0.52105266 | L83: 5.5980296 | M83: 3.6832511 | N83: 0.025615763 | O83: 0.15418719 | P83: 124517.12 | Q83: 38375.91
A84: AFR | B84: Republic of the Congo | C84: COG | D84: LIN | E84: 1.0373043 | F84: 9.6884975 | H84: 1 | I84: 0.051483851 | J84: 0.29936907 | K84: 1.0373043 | L84: 9.6884975 | N84: 0.051483851 | O84: 0.29936907 | P84: 28958.668 | Q84: 8924.999
A85: AFR | B85: Republic of Chad | C85: TCD | D85: LIN | E85: 0.61158538 | F85: 1.5993903 | G85: 0.43292683 | H85: 0 | I85: 0.0019354839 | J85: 0.032926828 | K85: 0.61158538 | L85: 1.5993903 | M85: 0.43292683 | N85: 0.0019354839 | O85: 0.032926828 | P85: 115020.73 | Q85: 35449.145
A86: AMR | B86: Republic of Nicaragua | C86: NIC | D86: LIN | E86: 16.645266 | F86: 15.524266 | H86: 0 | I86: 0.39904094 | J86: 1.8574791 | K86: 16.645266 | L86: 15.524266 | M86: 2.7208631 | N86: 0.39904094 | O86: 1.8574791 | P86: 15031.637 | Q86: 3201.2915
A87: AFR | B87: Republic of Benin | C87: BEN | D87: LIN | E87: 0.64661014 | F87: 2.2627118 | G87: 0.76694918 | H87: 0 | I87: 0.010434783 | J87: 0.26608697 | K87: 0.64661014 | L87: 2.2627118 | M87: 0.76694918 | N87: 0.010434783 | O87: 0.26608697 | P87: 82634.516 | Q87: 25467.779
A88: AFR | B88: Republic of Liberia | C88: LBR | D88: LIN | E88: 0.51048189 | F88: 19.537346 | H88: 1 | I88: 0.014177577 | J88: 2.2224638 | K88: 0.51048189 | L88: 19.537346 | N88: 0.014177577 | O88: 2.2224638 | P88: 18548.809 | Q88: 5716.7031
