Workbook

Sheet Sheet1
B1: 2011 | E1: 2012 | H1: 2013 | K1: 2014
A2: Row Labels | B2: Sum of Value | D2: Row Labels | E2: Sum of Value
A3: Dental Assistants and Therapists (number) | B3: 4536 | D3: Dental Assistants and Therapists (number) | E3: 5057 | G3: Row Labels | H3: Sum of Value
A4: MOZ | B4: 252 | D4: MOZ | E4: 305 | G4: Dental Assistants and Therapists (number) | H4: 4863 | J4: Row Labels | K4: Sum of Value
A5: MUS | B5: 230 | D5: TZA | E5: 366 | G5: MOZ | H5: 238 | J5: Dental Assistants and Therapists (number) | K5: 5911
A6: ZAF | B6: 3792 | D6: ZAF | E6: 4104 | G6: ZAF | H6: 4625 | J6: CIV | K6: 120
A7: ZMB | B7: 262 | D7: ZMB | E7: 282 | G7: Dental Prosthetic Technicians (number) | H7: 44 | J7: TZA | K7: 933
A8: Dental Prosthetic Technicians (number) | B8: 116 | D8: Dental Prosthetic Technicians (number) | E8: 119 | G8: MOZ | H8: 44 | J8: ZAF | K8: 4687
A9: MOZ | B9: 42 | D9: MOZ | E9: 33 | G9: Dentists (number) | H9: 7737 | J9: ZWE | K9: 171
A10: MUS | B10: 36 | D10: TZA | E10: 44 | G10: BDI | H10: 4 | J10: Dental Prosthetic Technicians (number) | K10: 190
A11: ZMB | B11: 38 | D11: ZMB | E11: 42 | G11: KEN | H11: 1045 | J11: CIV | K11: 190
A12: Dentists (number) | B12: 7410 | D12: Dentists (number) | E12: 7547 | G12: MDG | H12: 111 | J12: Dentists (number) | K12: 8063
A13: BDI | B13: 2 | D13: BFA | E13: 38 | G13: MOZ | H13: 136 | J13: CIV | K13: 490
A14: BWA | B14: 55 | D14: BWA | E14: 55 | G14: MUS | H14: 351 | J14: KEN | K14: 1090
A15: CMR | B15: 58 | D15: COM | E15: 18 | G15: NER | H15: 30 | J15: MUS | K15: 366
A16: COG | B16: 133 | D16: KEN | E16: 985 | G16: SEN | H16: 54 | J16: NAM | K16: 68
... A188: MOZ | B188: 56 | D188: TCD | E188: 0.053 | G188: BEN | H188: 770 | J188: ZWE | K188: 227
A189: MUS | B189: 408 | D189: TZA | E189: 0.071 | G189: MOZ | H189: 1388
A190: NGA | B190: 15377 | D190: UGA | E190: 0.16 | G190: SEN | H190: 371
A191: SLE | B191: 197 | D191: ZAF | E191: 2.567 | G191: Pharmacists (number) | H191: 3942
A192: SWZ | B192: 30 | D192: ZMB | E192: 0.277 | G192: BFA | H192: 207
A193: SYC | B193: 5 | D193: ZWE | E193: 0.285 | G193: COD | H193: 283
A194: ZAF | B194: 12813 | D194: Specialist medical practitioners (number) | E194: 23 | G194: KEN | H194: 2202
A195: ZMB | B195: 360 | D195: BDI | E195: 23 | G195: MOZ | H195: 103
A196: Pharmacists (per 10,000) | B196: 10.793 | G196: MUS | H196: 460
A197: BDI | B197: 0.024 | G197: MWI | H197: 170
A198: BEN | B198: 0.015 | G198: NER | H198: 51
A199: BFA | B199: 0.134 | G199: TCD | H199: 72
A200: BWA | B200: 2.015 | G200: ZWE | H200: 394
A201: CMR | B201: 0.079 | G201: Pharmacists (per 10,000) | H201: 4.731
A202: COG | B202: 0.545 | G202: BFA | H202: 0.117
A203: CPV | B203: 0.057 | G203: COD | H203: 0.039
A204: MDG | B204: 0.002 | G204: KEN | H204: 0.492
A205: MOZ | B205: 0.024 | G205: MOZ | H205: 0.041
A206: MUS | B206: 3.172 | G206: MUS | H206: 3.564
A207: NGA | B207: 0.929 | G207: MWI | H207: 0.106
... A216: CMR | B216: 422 | G216: Grand Total | H216: 1121473
A217: COG | B217: 200
A218: SLE | B218: 86
A219: Grand Total | B219: 455664.77

Sheet Sheet2
A1: Country | B1: Dentists | C1: medical doctors | D1: Midwives | E1: Nurses | F1: Pharmacists
A2: AGO | B2: =VLOOKUP(A2,Sheet1!G410:H418,2,FALSE) -> #N/A
A3: BDI | B3: =VLOOKUP(A3,Sheet1!G411:H419,2,FALSE) -> #N/A
A4: BEN | B4: =VLOOKUP(A4,Sheet1!G412:H420,2,FALSE) -> #N/A
A5: BFA | B5: =VLOOKUP(A5,Sheet1!G413:H421,2,FALSE) -> #N/A
A6: BWA | B6: =VLOOKUP(A6,Sheet1!G414:H422,2,FALSE) -> #N/A
A7: CAF | B7: =VLOOKUP(A7,Sheet1!G415:H423,2,FALSE) -> #N/A
A8: CIV | B8: =VLOOKUP(A8,Sheet1!G416:H424,2,FALSE) -> #N/A
A9: CMR | B9: =VLOOKUP(A9,Sheet1!G417:H425,2,FALSE) -> #N/A
A10: COD | B10: =VLOOKUP(A10,Sheet1!G418:H426,2,FALSE) -> #N/A
A11: COG | B11: =VLOOKUP(A11,Sheet1!G419:H427,2,FALSE) -> #N/A
A12: COM | B12: =VLOOKUP(A12,Sheet1!G420:H428,2,FALSE) -> #N/A
A13: CPV | B13: =VLOOKUP(A13,Sheet1!G421:H429,2,FALSE) -> #N/A
... A48: ZWE | B48: =VLOOKUP(A48,Sheet1!G456:H464,2,FALSE) -> #N/A
