Workbook
Name Country: #REF!

Sheet Female in leadership
A1: Country | C1: ISCO | D1: Occupation | E1: Percentage share
A2: Algeria | C2: 2211 | D2: Generalist medical practitioners
A3: Algeria | C3: 2212 | D3: Total of all Specialist medical practitioners
A4: Algeria | D4: Surgeon
A5: Algeria | D5: Pediatrician
A6: Algeria | D6: Family medicine
A7: Algeria | D7: Obstetrician & Gynecologist
A8: Algeria | D8: Internal medicine
A9: Algeria | C9: 2221 | D9: Nursing professionals
A10: Algeria | D10: Nurse, professional: paediatric
A11: Algeria | D11: Nurse, anaesthetics
A12: Algeria | D12: Nurse, operating theatre
A13: Algeria | C13: 3221 | D13: Nursing associate professionals
A14: Algeria | C14: 2222 | D14: Midwifery professionals
A15: Algeria | C15: 3222 | D15: Midwifery associate professionals
A16: Algeria | C16: 2240 | D16: Paramedical practitioners (specify)
A17: Algeria | C17: 2261 | D17: Dentists
A18: Algeria | C18: 3251 | D18: Dental assistants and therapists
A19: Algeria | C19: 2262 | D19: Pharmacists
A20: Algeria | C20: 3213 | D20: Pharmaceutical technicians and assistants
A21: Algeria | C21: 2263, 3257 | D21: Environmental and occupational health & hygiene workers
A22: Algeria | C22: 2264 | D22: Physiotherapists
A23: Algeria | C23: 3255 | D23: Physiotherapy assistants
A24: Algeria | C24: 2267 | D24: Optometrists
A25: Algeria | C25: 3254 | D25: Opticians
A26: Algeria | D26: Field Epidemiologist
A27: Algeria | C27: 3211 | D27: Medical imaging and therapeutic equipment operators
A28: Algeria | C28: 3212 | D28: Medical and pathology laboratory technicians
A29: Algeria | C29: 3214 | D29: Medical and dental prosthetic technicians
A30: Algeria | C30: 3253 | D30: Community health workers
A31: Algeria | C31: 3256 | D31: Medical assistants, clinical officers and physician Assistants
A32: Algeria | C32: 2230, 3230 | D32: Traditional and complementary medicine practitioners
A33: Algeria | C33: 2265 | D33: Dieticians and nutritionists
A34: Algeria | C34: 1342 | D34: Health service managers
A35: Algeria | C35: 3252 | D35: Medical records and health information technicians (including biostatisticians)
A36: Angola | C36: 2211 | D36: Generalist medical practitioners
A37: Angola | C37: 2212 | D37: Total of all Specialist medical practitioners
A38: Angola | D38: Surgeon
A39: Angola | D39: Pediatrician
A40: Angola | D40: Family medicine
A41: Angola | D41: Obstetrician & Gynecologist
A42: Angola | D42: Internal medicine
A43: Angola | C43: 2221 | D43: Nursing professionals
A44: Angola | D44: Nurse, professional: paediatric
A45: Angola | D45: Nurse, anaesthetics
A46: Angola | D46: Nurse, operating theatre
A47: Angola | C47: 3221 | D47: Nursing associate professionals
A48: Angola | C48: 2222 | D48: Midwifery professionals
A49: Angola | C49: 3222 | D49: Midwifery associate professionals
A50: Angola | C50: 2240 | D50: Paramedical practitioners (specify)
A51: Angola | C51: 2261 | D51: Dentists
A52: Angola | C52: 3251 | D52: Dental assistants and therapists
A53: Angola | C53: 2262 | D53: Pharmacists
A54: Angola | C54: 3213 | D54: Pharmaceutical technicians and assistants
A55: Angola | C55: 2263, 3257 | D55: Environmental and occupational health & hygiene workers
A56: Angola | C56: 2264 | D56: Physiotherapists
A57: Angola | C57: 3255 | D57: Physiotherapy assistants
A58: Angola | C58: 2267 | D58: Optometrists
A59: Angola | C59: 3254 | D59: Opticians
A60: Angola | D60: Field Epidemiologist
A61: Angola | C61: 3211 | D61: Medical imaging and therapeutic equipment operators
A62: Angola | C62: 3212 | D62: Medical and pathology laboratory technicians
A63: Angola | C63: 3214 | D63: Medical and dental prosthetic technicians
A64: Angola | C64: 3253 | D64: Community health workers
A65: Angola | C65: 3256 | D65: Medical assistants, clinical officers and physician Assistants
A66: Angola | C66: 2230, 3230 | D66: Traditional and complementary medicine practitioners
A67: Angola | C67: 2265 | D67: Dieticians and nutritionists
A68: Angola | C68: 1342 | D68: Health service managers
A69: Angola | C69: 3252 | D69: Medical records and health information technicians (including biostatisticians)
A70: Benin | C70: 2211 | D70: Generalist medical practitioners | E70: 4.62
A71: Benin | C71: 2212 | D71: Total of all Specialist medical practitioners | E71: 3.7
A72: Benin | D72: Surgeon
A73: Benin | D73: Pediatrician
A74: Benin | D74: Family medicine
A75: Benin | D75: Obstetrician & Gynecologist
A76: Benin | D76: Internal medicine
A77: Benin | C77: 2221 | D77: Nursing professionals | E77: 0
A78: Benin | D78: Nurse, professional: paediatric
A79: Benin | D79: Nurse, anaesthetics
A80: Benin | D80: Nurse, operating theatre
A81: Benin | C81: 3221 | D81: Nursing associate professionals
A82: Benin | C82: 2222 | D82: Midwifery professionals | E82: 0
A83: Benin | C83: 3222 | D83: Midwifery associate professionals
A84: Benin | C84: 2240 | D84: Paramedical practitioners (specify)
A85: Benin | C85: 2261 | D85: Dentists
A86: Benin | C86: 3251 | D86: Dental assistants and therapists
A87: Benin | C87: 2262 | D87: Pharmacists
A88: Benin | C88: 3213 | D88: Pharmaceutical technicians and assistants
A89: Benin | C89: 2263, 3257 | D89: Environmental and occupational health & hygiene workers
A90: Benin | C90: 2264 | D90: Physiotherapists
A91: Benin | C91: 3255 | D91: Physiotherapy assistants
A92: Benin | C92: 2267 | D92: Optometrists
A93: Benin | C93: 3254 | D93: Opticians
A94: Benin | D94: Field Epidemiologist
A95: Benin | C95: 3211 | D95: Medical imaging and therapeutic equipment operators
A96: Benin | C96: 3212 | D96: Medical and pathology laboratory technicians
A97: Benin | C97: 3214 | D97: Medical and dental prosthetic technicians
A98: Benin | C98: 3253 | D98: Community health workers
A99: Benin | C99: 3256 | D99: Medical assistants, clinical officers and physician Assistants
A100: Benin | C100: 2230, 3230 | D100: Traditional and complementary medicine practitioners
...

Sheet Sheet3
B3: Column Labels
A4: Row Labels | B4: NO | C4: PARTLY | D4: YES | E4: (blank) | F4: Grand Total
A5: Algeria
A6: Angola
A7: Benin
A8: Botswana
A9: Burkina Faso
A10: Burundi
A11: Cabo Verde
A12: Cameroon
A13: Central African Republic
A14: Chad
A15: Comoros
A16: Congo
... A52: Grand Total

Sheet Sheet6
A1: Algeria | C1: Sub-indicator 1 | D1: Existence of national/subnational policies/laws regulating minimum wage (Yes/No)
A2: Algeria | C2: Sub-indicator 2 | D2: Existence of national/subnational policies/laws regulating social protection (Yes/No)
A3: Algeria | C3: Sub-indicator 3 | D3: Existence of national/subnational policies/laws regulating dual practice (Yes/No)
A4: Algeria | C4: Sub-indicator 4 | D4: Existence of national/subnational policies/laws regulating compulsory service (Yes/No)
A5: Angola | C5: Sub-indicator 1 | D5: Existence of national/subnational policies/laws regulating minimum wage (Yes/No) | E5: YES
A6: Angola | C6: Sub-indicator 2 | D6: Existence of national/subnational policies/laws regulating social protection (Yes/No) | E6: YES
A7: Angola | C7: Sub-indicator 3 | D7: Existence of national/subnational policies/laws regulating dual practice (Yes/No) | E7: NO
A8: Angola | C8: Sub-indicator 4 | D8: Existence of national/subnational policies/laws regulating compulsory service (Yes/No) | E8: YES
A9: Benin | C9: Sub-indicator 1 | D9: Existence of national/subnational policies/laws regulating minimum wage (Yes/No) | E9: YES
A10: Benin | C10: Sub-indicator 2 | D10: Existence of national/subnational policies/laws regulating social protection (Yes/No) | E10: YES
A11: Benin | C11: Sub-indicator 3 | D11: Existence of national/subnational policies/laws regulating dual practice (Yes/No) | E11: YES
A12: Benin | C12: Sub-indicator 4 | D12: Existence of national/subnational policies/laws regulating compulsory service (Yes/No) | E12: YES
A13: Botswana | C13: Sub-indicator 1 | D13: Existence of national/subnational policies/laws regulating minimum wage (Yes/No) | E13: YES
A14: Botswana | C14: Sub-indicator 2 | D14: Existence of national/subnational policies/laws regulating social protection (Yes/No) | E14: YES
A15: Botswana | C15: Sub-indicator 3 | D15: Existence of national/subnational policies/laws regulating dual practice (Yes/No) | E15: YES
A16: Botswana | C16: Sub-indicator 4 | D16: Existence of national/subnational policies/laws regulating compulsory service (Yes/No) | E16: YES
... A24: Burundi | C24: Sub-indicator 4 | D24: Existence of national/subnational policies/laws regulating compulsory service (Yes/No) | E24: NO
A25: Cabo verde | C25: Sub-indicator 1 | D25: Existence of national/subnational policies/laws regulating minimum wage (Yes/No)
A26: Cabo verde | C26: Sub-indicator 2 | D26: Existence of national/subnational policies/laws regulating social protection (Yes/No)
A27: Cabo verde | C27: Sub-indicator 3 | D27: Existence of national/subnational policies/laws regulating dual practice (Yes/No)
A28: Cabo verde | C28: Sub-indicator 4 | D28: Existence of national/subnational policies/laws regulating compulsory service (Yes/No)
A29: Cameroon | C29: Sub-indicator 1 | D29: Existence of national/subnational policies/laws regulating minimum wage (Yes/No) | E29: YES
A30: Cameroon | C30: Sub-indicator 2 | D30: Existence of national/subnational policies/laws regulating social protection (Yes/No) | E30: YES
A31: Cameroon | C31: Sub-indicator 3 | D31: Existence of national/subnational policies/laws regulating dual practice (Yes/No) | E31: YES
A32: Cameroon | C32: Sub-indicator 4 | D32: Existence of national/subnational policies/laws regulating compulsory service (Yes/No) | E32: YES
A33: Central African republic | C33: Sub-indicator 1 | D33: Existence of national/subnational policies/laws regulating minimum wage (Yes/No)
A34: Central African republic | C34: Sub-indicator 2 | D34: Existence of national/subnational policies/laws regulating social protection (Yes/No)
A35: Central African republic | C35: Sub-indicator 3 | D35: Existence of national/subnational policies/laws regulating dual practice (Yes/No)
A36: Central African republic | C36: Sub-indicator 4 | D36: Existence of national/subnational policies/laws regulating compulsory service (Yes/No)
A37: Chad | C37: Sub-indicator 1 | D37: Existence of national/subnational policies/laws regulating minimum wage (Yes/No) | E37: YES
A38: Chad | C38: Sub-indicator 2 | D38: Existence of national/subnational policies/laws regulating social protection (Yes/No) | E38: NO
A39: Chad | C39: Sub-indicator 3 | D39: Existence of national/subnational policies/laws regulating dual practice (Yes/No) | E39: YES
A40: Chad | C40: Sub-indicator 4 | D40: Existence of national/subnational policies/laws regulating compulsory service (Yes/No) | E40: YES
A41: Comoros | C41: Sub-indicator 1 | D41: Existence of national/subnational policies/laws regulating minimum wage (Yes/No) | E41: YES
A42: Comoros | C42: Sub-indicator 2 | D42: Existence of national/subnational policies/laws regulating social protection (Yes/No) | E42: YES
A43: Comoros | C43: Sub-indicator 3 | D43: Existence of national/subnational policies/laws regulating dual practice (Yes/No) | E43: YES
A44: Comoros | C44: Sub-indicator 4 | D44: Existence of national/subnational policies/laws regulating compulsory service (Yes/No) | E44: YES
A45: Congo | C45: Sub-indicator 1 | D45: Existence of national/subnational policies/laws regulating minimum wage (Yes/No) | E45: YES
A46: Congo | C46: Sub-indicator 2 | D46: Existence of national/subnational policies/laws regulating social protection (Yes/No) | E46: YES
A47: Congo | C47: Sub-indicator 3 | D47: Existence of national/subnational policies/laws regulating dual practice (Yes/No) | E47: YES
A48: Congo | C48: Sub-indicator 4 | D48: Existence of national/subnational policies/laws regulating compulsory service (Yes/No) | E48: NO
... A54: Democratic Republic of Congo | C54: Sub-indicator 2 | D54: Existence of national/subnational policies/laws regulating social protection (Yes/No) | E54: YES
A55: Democratic Republic of Congo | C55: Sub-indicator 3 | D55: Existence of national/subnational policies/laws regulating dual practice (Yes/No)
A56: Democratic Republic of Congo | C56: Sub-indicator 4 | D56: Existence of national/subnational policies/laws regulating compulsory service (Yes/No)
A57: Equatorial Guinea | C57: Sub-indicator 1 | D57: Existence of national/subnational policies/laws regulating minimum wage (Yes/No) | E57: YES
A58: Equatorial Guinea | C58: Sub-indicator 2 | D58: Existence of national/subnational policies/laws regulating social protection (Yes/No) | E58: YES
A59: Equatorial Guinea | C59: Sub-indicator 3 | D59: Existence of national/subnational policies/laws regulating dual practice (Yes/No) | E59: NO
A60: Equatorial Guinea | C60: Sub-indicator 4 | D60: Existence of national/subnational policies/laws regulating compulsory service (Yes/No) | E60: NO
A61: Eritrea | C61: Sub-indicator 1 | D61: Existence of national/subnational policies/laws regulating minimum wage (Yes/No) | E61: YES
A62: Eritrea | C62: Sub-indicator 2 | D62: Existence of national/subnational policies/laws regulating social protection (Yes/No) | E62: NO
A63: Eritrea | C63: Sub-indicator 3 | D63: Existence of national/subnational policies/laws regulating dual practice (Yes/No) | E63: YES
A64: Eritrea | C64: Sub-indicator 4 | D64: Existence of national/subnational policies/laws regulating compulsory service (Yes/No) | E64: YES
A65: Eswatini | C65: Sub-indicator 1 | D65: Existence of national/subnational policies/laws regulating minimum wage (Yes/No) | E65: YES
A66: Eswatini | C66: Sub-indicator 2 | D66: Existence of national/subnational policies/laws regulating social protection (Yes/No) | E66: YES
A67: Eswatini | C67: Sub-indicator 3 | D67: Existence of national/subnational policies/laws regulating dual practice (Yes/No) | E67: NO
A68: Eswatini | C68: Sub-indicator 4 | D68: Existence of national/subnational policies/laws regulating compulsory service (Yes/No) | E68: YES
A69: Ethiopia | C69: Sub-indicator 1 | D69: Existence of national/subnational policies/laws regulating minimum wage (Yes/No)
A70: Ethiopia | C70: Sub-indicator 2 | D70: Existence of national/subnational policies/laws regulating social protection (Yes/No)
A71: Ethiopia | C71: Sub-indicator 3 | D71: Existence of national/subnational policies/laws regulating dual practice (Yes/No)
A72: Ethiopia | C72: Sub-indicator 4 | D72: Existence of national/subnational policies/laws regulating compulsory service (Yes/No)
A73: Gabon | C73: Sub-indicator 1 | D73: Existence of national/subnational policies/laws regulating minimum wage (Yes/No)
A74: Gabon | C74: Sub-indicator 2 | D74: Existence of national/subnational policies/laws regulating social protection (Yes/No)
A75: Gabon | C75: Sub-indicator 3 | D75: Existence of national/subnational policies/laws regulating dual practice (Yes/No)
A76: Gabon | C76: Sub-indicator 4 | D76: Existence of national/subnational policies/laws regulating compulsory service (Yes/No)
A77: Gambia | C77: Sub-indicator 1 | D77: Existence of national/subnational policies/laws regulating minimum wage (Yes/No)
A78: Gambia | C78: Sub-indicator 2 | D78: Existence of national/subnational policies/laws regulating social protection (Yes/No)
A79: Gambia | C79: Sub-indicator 3 | D79: Existence of national/subnational policies/laws regulating dual practice (Yes/No)
A80: Gambia | C80: Sub-indicator 4 | D80: Existence of national/subnational policies/laws regulating compulsory service (Yes/No)
... A84: Ghana | C84: Sub-indicator 4 | D84: Existence of national/subnational policies/laws regulating compulsory service (Yes/No)
A85: Guinea | C85: Sub-indicator 1 | D85: Existence of national/subnational policies/laws regulating minimum wage (Yes/No) | E85: YES
A86: Guinea | C86: Sub-indicator 2 | D86: Existence of national/subnational policies/laws regulating social protection (Yes/No) | E86: YES
A87: Guinea | C87: Sub-indicator 3 | D87: Existence of national/subnational policies/laws regulating dual practice (Yes/No) | E87: NO
A88: Guinea | C88: Sub-indicator 4 | D88: Existence of national/subnational policies/laws regulating compulsory service (Yes/No) | E88: NO
A89: Guinea-Bissau | C89: Sub-indicator 1 | D89: Existence of national/subnational policies/laws regulating minimum wage (Yes/No)
A90: Guinea-Bissau | C90: Sub-indicator 2 | D90: Existence of national/subnational policies/laws regulating social protection (Yes/No)
A91: Guinea-Bissau | C91: Sub-indicator 3 | D91: Existence of national/subnational policies/laws regulating dual practice (Yes/No)
A92: Guinea-Bissau | C92: Sub-indicator 4 | D92: Existence of national/subnational policies/laws regulating compulsory service (Yes/No)
A93: Kenya | C93: Sub-indicator 1 | D93: Existence of national/subnational policies/laws regulating minimum wage (Yes/No) | E93: YES
A94: Kenya | C94: Sub-indicator 2 | D94: Existence of national/subnational policies/laws regulating social protection (Yes/No) | E94: YES
A95: Kenya | C95: Sub-indicator 3 | D95: Existence of national/subnational policies/laws regulating dual practice (Yes/No) | E95: YES
A96: Kenya | C96: Sub-indicator 4 | D96: Existence of national/subnational policies/laws regulating compulsory service (Yes/No) | E96: YES
A97: Lesotho | C97: Sub-indicator 1 | D97: Existence of national/subnational policies/laws regulating minimum wage (Yes/No) | E97: YES
A98: Lesotho | C98: Sub-indicator 2 | D98: Existence of national/subnational policies/laws regulating social protection (Yes/No) | E98: YES
A99: Lesotho | C99: Sub-indicator 3 | D99: Existence of national/subnational policies/laws regulating dual practice (Yes/No) | E99: NO
A100: Lesotho | C100: Sub-indicator 4 | D100: Existence of national/subnational policies/laws regulating compulsory service (Yes/No) | E100: NO
A101: Liberia | C101: Sub-indicator 1 | D101: Existence of national/subnational policies/laws regulating minimum wage (Yes/No) | E101: YES
A102: Liberia | C102: Sub-indicator 2 | D102: Existence of national/subnational policies/laws regulating social protection (Yes/No) | E102: NO
A103: Liberia | C103: Sub-indicator 3 | D103: Existence of national/subnational policies/laws regulating dual practice (Yes/No) | E103: NO
A104: Liberia | C104: Sub-indicator 4 | D104: Existence of national/subnational policies/laws regulating compulsory service (Yes/No) | E104: NO
A105: Madagascar | C105: Sub-indicator 1 | D105: Existence of national/subnational policies/laws regulating minimum wage (Yes/No)
A106: Madagascar | C106: Sub-indicator 2 | D106: Existence of national/subnational policies/laws regulating social protection (Yes/No)
A107: Madagascar | C107: Sub-indicator 3 | D107: Existence of national/subnational policies/laws regulating dual practice (Yes/No)
A108: Madagascar | C108: Sub-indicator 4 | D108: Existence of national/subnational policies/laws regulating compulsory service (Yes/No)
A109: Malawi | C109: Sub-indicator 1 | D109: Existence of national/subnational policies/laws regulating minimum wage (Yes/No)
A110: Malawi | C110: Sub-indicator 2 | D110: Existence of national/subnational policies/laws regulating social protection (Yes/No)
A111: Malawi | C111: Sub-indicator 3 | D111: Existence of national/subnational policies/laws regulating dual practice (Yes/No)
A112: Malawi | C112: Sub-indicator 4 | D112: Existence of national/subnational policies/laws regulating compulsory service (Yes/No)
A113: Mali | C113: Sub-indicator 1 | D113: Existence of national/subnational policies/laws regulating minimum wage (Yes/No) | E113: YES
A114: Mali | C114: Sub-indicator 2 | D114: Existence of national/subnational policies/laws regulating social protection (Yes/No) | E114: YES
A115: Mali | C115: Sub-indicator 3 | D115: Existence of national/subnational policies/laws regulating dual practice (Yes/No) | E115: NO
...

Sheet Sheet11
A1: Average tution fee
A2: Country | C2: ISCO | D2: Occupation | E2: Public | F2: Private | G2: Average
A3: Benin | C3: 2211 | D3: Generalist medical practitioners | E3: 415000
A4: Benin | C4: 2212 | D4: Total of all Specialist medical practitioners | E4: 750000
A5: Benin | D5: Surgeon
A6: Benin | D6: Pediatrician
A7: Benin | D7: Family medicine
A8: Benin | D8: Obstetrician & Gynecologist
A9: Benin | D9: Internal medicine
A10: Benin | C10: 2221 | D10: Nursing professionals | E10: 430000
A11: Benin | D11: Nurse, professional: paediatric | E11: 415000
A12: Benin | D12: Nurse, anaesthetics | E12: 415000
A13: Benin | D13: Nurse, operating theatre | E13: 415000
A14: Benin | C14: 3221 | D14: Nursing associate professionals | E14: 430000
A15: Benin | C15: 2222 | D15: Midwifery professionals | E15: 430000
A16: Benin | C16: 3222 | D16: Midwifery associate professionals | E16: 430000
A17: Benin | C17: 2240 | D17: Paramedical practitioners (specify) | E17: 415000
A18: Benin | C18: 2261 | D18: Dentists | E18: 400000
A19: Benin | C19: 3251 | D19: Dental assistants and therapists | E19: 415000
A20: Benin | C20: 2262 | D20: Pharmacists | E20: 415000
A21: Benin | C21: 3213 | D21: Pharmaceutical technicians and assistants | E21: 415000
A22: Benin | C22: 2263, 3257 | D22: Environmental and occupational health & hygiene workers | E22: 415000
A23: Benin | C23: 2264 | D23: Physiotherapists | E23: 415000
A24: Benin | C24: 3255 | D24: Physiotherapy assistants | E24: 415000
A25: Benin | C25: 2267 | D25: Optometrists
A26: Benin | C26: 3254 | D26: Opticians
A27: Benin | D27: Field Epidemiologist | E27: 480000
A28: Benin | C28: 3211 | D28: Medical imaging and therapeutic equipment operators | E28: 415000
A29: Benin | C29: 3212 | D29: Medical and pathology laboratory technicians | E29: 415000
A30: Benin | C30: 3214 | D30: Medical and dental prosthetic technicians | E30: 415000
A31: Benin | C31: 3253 | D31: Community health workers
A32: Benin | C32: 3256 | D32: Medical assistants, clinical officers and physician Assistants
A33: Benin | C33: 2230, 3230 | D33: Traditional and complementary medicine practitioners
A34: Benin | C34: 2265 | D34: Dieticians and nutritionists | E34: 415000
A35: Benin | C35: 1342 | D35: Health service managers | E35: 415000
A36: Benin | C36: 3252 | D36: Medical records and health information technicians (including biostatisticians)
A37: Botswana | C37: 2211 | D37: Generalist medical practitioners | E37: 78,735.00
A38: Botswana | C38: 2212 | D38: Total of all Specialist medical practitioners
A39: Botswana | D39: Surgeon | E39: 36,480.00
A40: Botswana | D40: Pediatrician | E40: 36,480.00
A41: Botswana | D41: Family medicine | E41: 36,480.00
A42: Botswana | D42: Obstetrician & Gynecologist | E42: 36,480.00
A43: Botswana | D43: Internal medicine | E43: 36,480.00
A44: Botswana | C44: 2221 | D44: Nursing professionals | E44: 28,200.00
A45: Botswana | D45: Nurse, professional: paediatric
A46: Botswana | D46: Nurse, anaesthetics | E46: 9,562.50
A47: Botswana | D47: Nurse, operating theatre
A48: Botswana | C48: 3221 | D48: Nursing associate professionals
A49: Botswana | C49: 2222 | D49: Midwifery professionals
A50: Botswana | C50: 3222 | D50: Midwifery associate professionals | E50: 9,187.50
A51: Botswana | C51: 2240 | D51: Paramedical practitioners (specify) | F51: 70.361.25
A52: Botswana | C52: 2261 | D52: Dentists
A53: Botswana | C53: 3251 | D53: Dental assistants and therapists | E53: 8,075.00
A54: Botswana | C54: 2262 | D54: Pharmacists | E54: 49612.5 | F54: 144000 | G54: =AVERAGE(E54:F54) -> 96806.25
A55: Botswana | C55: 3213 | D55: Pharmaceutical technicians and assistants | E55: 7,675.00
A56: Botswana | C56: 2263, 3257 | D56: Environmental and occupational health & hygiene workers | E56: 53340 | F56: 50,981.70 | G56: =AVERAGE(E56:F56) -> 53340
A57: Botswana | C57: 2264 | D57: Physiotherapists | F57: 144,00.00 | G57: =F57 -> 144,00.00
A58: Botswana | C58: 3255 | D58: Physiotherapy assistants
A59: Botswana | C59: 2267 | D59: Optometrists
A60: Botswana | C60: 3254 | D60: Opticians
A61: Botswana | D61: Field Epidemiologist
A62: Botswana | C62: 3211 | D62: Medical imaging and therapeutic equipment operators
A63: Botswana | C63: 3212 | D63: Medical and pathology laboratory technicians | E63: 28,200.00 | F63: P144,000 | G63: =AVERAGE(E63:F68) -> #DIV/0!
A64: Botswana | C64: 3214 | D64: Medical and dental prosthetic technicians
A65: Botswana | C65: 3253 | D65: Community health workers
A66: Botswana | C66: 3256 | D66: Medical assistants, clinical officers and physician Assistants
A67: Botswana | C67: 2230, 3230 | D67: Traditional and complementary medicine practitioners
A68: Botswana | C68: 2265 | D68: Dieticians and nutritionists
A69: Botswana | C69: 1342 | D69: Health service managers | F69: 42,460.00 | G69: =F69 -> 42,460.00
A70: Botswana | C70: 3252 | D70: Medical records and health information technicians (including biostatisticians) | F70: 39,950.00 | G70: =F70 -> 39,950.00
A71: Botswana | D71: Emercgency Medicine | E71: 36,480.00
A72: Botswana | D72: Public Health Medicine | E72: 36,480.00
A73: Botswana | D73: Anatomical Medicine | E73: 36480
A74: Botswana | D74: Cytotechnology | E74: 28,200.00
A75: Botswana | D75: Medical Lab Science | E75: 28,200.00
A76: Botswana | D76: Family Nurse | E76: 9,187.50
A77: Botswana | D77: General Nurse | E77: 7,941.70
A78: Botswana | D78: Nurse, Psychiatric | E78: 7,437.50
A79: Botswana | D79: Nurse, Ophthalmic | E79: 9,562.50
A80: Botswana | D80: Social Workers | F80: 41,166.00 | G80: =F80 -> 41,166.00
A81: Botswana | D81: Public Health | F81: 30,243.10 | G81: =F81 -> 30,243.10
A82: Burkina Faso | C82: 2211 | D82: Generalist medical practitioners | E82: 16500 | F82: 550000 | G82: =AVERAGE(E82:F82) -> 283250
A83: Burkina Faso | C83: 2212 | D83: Total of all Specialist medical practitioners
A84: Burkina Faso | D84: Surgeon | E84: 550000 | F84: 1300000 | G84: =AVERAGE(E84:F84) -> 925000
A85: Burkina Faso | D85: Pediatrician | E85: 550000 | F85: 1300000 | G85: =AVERAGE(E85:F85) -> 925000
A86: Burkina Faso | D86: Family medicine
A87: Burkina Faso | D87: Obstetrician & Gynecologist | E87: 550000 | F87: 1300000 | G87: =AVERAGE(E87:F87) -> 925000
A88: Burkina Faso | D88: Internal medicine | E88: 550000 | F88: 1300000 | G88: =AVERAGE(E88:F88) -> 925000
A89: Burkina Faso | C89: 2221 | D89: Nursing professionals
A90: Burkina Faso | D90: Nurse, professional: paediatric | E90: 440000
A91: Burkina Faso | D91: Nurse, anaesthetics | E91: 440000
A92: Burkina Faso | D92: Nurse, operating theatre | E92: 440000
A93: Burkina Faso | C93: 3221 | D93: Nursing associate professionals | E93: 400000 | F93: 450000 | G93: =AVERAGE(E93:F93) -> 425000
A94: Burkina Faso | C94: 2222 | D94: Midwifery professionals
A95: Burkina Faso | C95: 3222 | D95: Midwifery associate professionals | E95: 400000 | F95: 450000 | G95: =AVERAGE(E95:F95) -> 425000
A96: Burkina Faso | C96: 2240 | D96: Paramedical practitioners (specify) | E96: 400000 | F96: 450000 | G96: =AVERAGE(E96:F96) -> 425000
A97: Burkina Faso | C97: 2261 | D97: Dentists | E97: 16500 | F97: 550000 | G97: =AVERAGE(E97:F97) -> 283250
A98: Burkina Faso | C98: 3251 | D98: Dental assistants and therapists
A99: Burkina Faso | C99: 2262 | D99: Pharmacists | E99: 16500 | F99: 750000 | G99: =AVERAGE(E99:F99) -> 383250
A100: Burkina Faso | C100: 3213 | D100: Pharmaceutical technicians and assistants | E100: 400000 | F100: 450000 | G100: =AVERAGE(E100:F100) -> 425000
...

Sheet Accreditation
A1: Name of Country | B1: Code ISO 08 | C1: Occupation | D1: Existence of national and/or subnational mechanisms for accreditation of health workforce education and training institutions and their programmes (Yes/No/Partly)
A2: Algeria | B2: 1342 | C2: Health service managers
A3: Algeria | B3: 1342 | C3: Health service managers
A4: Algeria | B4: 1342 | C4: Health service managers | D4: YES
A5: Algeria | B5: 1342 | C5: Health service managers | D5: YES
A6: Algeria | B6: 1342 | C6: Health service managers | D6: YES
A7: Algeria | B7: 1342 | C7: Health service managers
A8: Algeria | B8: 1342 | C8: Health service managers
A9: Algeria | B9: 1342 | C9: Health service managers | D9: YES
A10: Algeria | B10: 1342 | C10: Health service managers
A11: Algeria | B11: 1342 | C11: Health service managers | D11: YES
A12: Algeria | B12: 1342 | C12: Health service managers
A13: Algeria | B13: 1342 | C13: Cadres de direction, services de santé | D13: YES
A14: Algeria | B14: 1342 | C14: Health service managers
A15: Algeria | B15: 1342 | C15: Health service managers
A16: Algeria | B16: 1342 | C16: Health service managers
A17: Algeria | B17: 1342 | C17: Health service managers | D17: PARTLY
A18: Algeria | B18: 1342 | C18: Health service managers | D18: YES
A19: Algeria | B19: 1342 | C19: Health service managers
A20: Algeria | B20: 1342 | C20: Health service managers
A21: Algeria | B21: 1342 | C21: Health service managers | D21: YES
A22: Algeria | B22: 1342 | C22: Health service managers | D22: YES
A23: Algeria | B23: 1342 | C23: Health service managers | D23: YES
A24: Algeria | B24: 1342 | C24: Gestores dos serviços de saúde | D24: NO
A25: Algeria | B25: 1342 | C25: Health service managers
A26: Algeria | B26: 1342 | C26: Health service managers
A27: Algeria | B27: 1342 | C27: Health service managers
A28: Algeria | B28: 1342 | C28: Health service managers
A29: Algeria | B29: 1342 | C29: Health service managers
A30: Algeria | B30: 1342 | C30: Health service managers
A31: Algeria | B31: 1342 | C31: Health service managers
A32: Algeria | B32: 1342 | C32: Health service managers
A33: Algeria | B33: 1342 | C33: Health service managers
A34: Algeria | B34: 1342 | C34: Health service managers
A35: Algeria | B35: 1342 | C35: Health service managers
A36: Angola | B36: 1342 | C36: Health service managers
... A42: Angola | B42: 1342 | C42: Health service managers
A43: Angola | B43: 1342 | C43: Health service managers | D43: NO
A44: Angola | B44: 1342 | C44: Health service managers
A45: Angola | B45: 1342 | C45: Health service managers | D45: NO
A46: Angola | B46: 1342 | C46: Health service managers
A47: Angola | B47: 1342 | C47: Health service managers
A48: Angola | B48: 1342 | C48: Health service managers | D48: NO
A49: Angola | B49: 2131 | C49: Epidemiologist | D49: NO
A50: Angola | B50: 2131 | C50: Epidemiologist | D50: YES
A51: Angola | B51: 2131 | C51: Epidemiologist | D51: YES
A52: Angola | B52: 2131 | C52: Epidemiologista | D52: NO
A53: Angola | B53: 2131 | C53: Epidemiologist | D53: YES
A54: Angola | B54: 2131 | C54: Epidemiologist | D54: NO
A55: Angola | B55: 2211 | C55: Generalist medical practitioners
A56: Angola | B56: 2211 | C56: Generalist medical practitioners
A57: Angola | B57: 2211 | C57: Generalist medical practitioners | D57: YES
A58: Angola | B58: 2211 | C58: Generalist medical practitioners | D58: YES
A59: Angola | B59: 2211 | C59: Generalist medical practitioners | D59: YES
A60: Angola | B60: 2211 | C60: Generalist medical practitioners
A61: Angola | B61: 2211 | C61: Generalist medical practitioners
A62: Angola | B62: 2211 | C62: Generalist medical practitioners | D62: YES
A63: Angola | B63: 2211 | C63: Generalist medical practitioners
A64: Angola | B64: 2211 | C64: Generalist medical practitioners | D64: YES
A65: Angola | B65: 2211 | C65: Generalist medical practitioners
A66: Angola | B66: 2211 | C66: Médecins généralistes
A67: Angola | B67: 2211 | C67: Generalist medical practitioners
A68: Angola | B68: 2211 | C68: Generalist medical practitioners | D68: NO
A69: Angola | B69: 2211 | C69: Generalist medical practitioners
A70: Benin | B70: 2211 | C70: Generalist medical practitioners | D70: PARTLY
A71: Benin | B71: 2211 | C71: Generalist medical practitioners
A72: Benin | B72: 2211 | C72: Generalist medical practitioners | D72: NO
A73: Benin | B73: 2211 | C73: Generalist medical practitioners | D73: YES
A74: Benin | B74: 2211 | C74: Generalist medical practitioners | D74: YES
A75: Benin | B75: 2211 | C75: Generalist medical practitioners | D75: YES
A76: Benin | B76: 2211 | C76: Generalist medical practitioners | D76: YES
A77: Benin | B77: 2211 | C77: Médicos generalistas | D77: YES
A78: Benin | B78: 2211 | C78: Generalist medical practitioners | D78: YES
A79: Benin | B79: 2211 | C79: Generalist medical practitioners
A80: Benin | B80: 2211 | C80: Generalist medical practitioners
A81: Benin | B81: 2211 | C81: Generalist medical practitioners | D81: YES
A82: Benin | B82: 2211 | C82: Generalist medical practitioners
A83: Benin | B83: 2211 | C83: Generalist medical practitioners
A84: Benin | B84: 2211 | C84: Generalist medical practitioners
A85: Benin | B85: 2211 | C85: Generalist medical practitioners
A86: Benin | B86: 2211 | C86: Generalist medical practitioners
A87: Benin | B87: 2211 | C87: Generalist medical practitioners
A88: Benin | B88: 2211 | C88: Generalist medical practitioners
A89: Benin | B89: 2211 | C89: Generalist medical practitioners
A90: Benin | B90: 2211 | C90: Generalist medical practitioners
A91: Benin | B91: 2211 | C91: Generalist medical practitioners
A92: Benin | B92: 2211 | C92: Generalist medical practitioners | D92: YES
A93: Benin | B93: 2211 | C93: Generalist medical practitioners
A94: Benin | B94: 2211 | C94: Generalist medical practitioners
A95: Benin | B95: 2211 | C95: Generalist medical practitioners
A96: Benin | B96: 2211 | C96: Generalist medical practitioners | D96: PARTLY
A97: Benin | B97: 2211 | C97: Generalist medical practitioners
A98: Benin | B98: 2211 | C98: Generalist medical practitioners | D98: YES
A99: Benin | B99: 2211 | C99: Generalist medical practitioners
A100: Benin | B100: 2211 | C100: Generalist medical practitioners | D100: YES
A101: Benin | B101: 2211 | C101: Generalist medical practitioners | D101: YES
A102: Benin | B102: 2212 | C102: Total of all Specialist medical practitioners
A103: Benin | B103: 2212 | C103: Total of all Specialist medical practitioners
A104: Botswana | B104: 2212 | C104: Total of all Specialist medical practitioners | D104: YES
A105: Botswana | B105: 2212 | C105: Total of all Specialist medical practitioners | D105: YES
...

Sheet Accreditation-Pivot
B2: country | C2: (All)
B4: Count of Existence of national and/or subnational mechanisms for accreditation of health workforce education and training institutions and their programmes (Yes/No/Partly) | C4: Existence of national and/or subnational mechanisms for accreditation of health workforce education and training institutions and their programmes (Yes/No/Partly)
B5: Code ISCO 08 | C5: NO | D5: PARTLY | E5: YES | F5: Grand Total | H5: % of Countries with full Accredition | I5: % of Countries with Partial Accredition | J5: % of Countries with Partial Accredition
A6: =_xlfn.XLOOKUP(B:B,Accreditation!B:B,Accreditation!C:C,0) -> Health service managers | B6: 1342 | C6: 4 | D6: 1 | E6: 10 | F6: 15 | H6: =E6/F6 -> 0.66666667 | I6: =D6/F6 -> 0.066666667 | J6: =C6/F6 -> 0.26666667
A7: =_xlfn.XLOOKUP(B:B,Accreditation!B:B,Accreditation!C:C,0) -> Epidemiologist | B7: 2131 | C7: 3 | E7: 3 | F7: 6 | H7: =E7/F7 -> 0.5 | I7: =D7/F7 -> 0 | J7: =C7/F7 -> 0.5
A8: =_xlfn.XLOOKUP(B:B,Accreditation!B:B,Accreditation!C:C,0) -> Generalist medical practitioners | B8: 2211 | C8: 2 | D8: 2 | E8: 16 | F8: 20 | H8: =E8/F8 -> 0.8 | I8: =D8/F8 -> 0.1 | J8: =C8/F8 -> 0.1
A9: =_xlfn.XLOOKUP(B:B,Accreditation!B:B,Accreditation!C:C,0) -> Total of all Specialist medical practitioners | B9: 2212 | C9: 1 | D9: 1 | E9: 9 | F9: 11 | H9: =E9/F9 -> 0.81818182 | I9: =D9/F9 -> 0.090909091 | J9: =C9/F9 -> 0.090909091
A10: =_xlfn.XLOOKUP(B:B,Accreditation!B:B,Accreditation!C:C,0) -> Nursing professionals | B10: 2221 | C10: 2 | E10: 9 | F10: 11 | H10: =E10/F10 -> 0.81818182 | I10: =D10/F10 -> 0 | J10: =C10/F10 -> 0.18181818
A11: =_xlfn.XLOOKUP(B:B,Accreditation!B:B,Accreditation!C:C,0) -> Midwifery professionals | B11: 2222 | C11: 2 | E11: 12 | F11: 14 | H11: =E11/F11 -> 0.85714286 | I11: =D11/F11 -> 0 | J11: =C11/F11 -> 0.14285714
A12: =_xlfn.XLOOKUP(B:B,Accreditation!B:B,Accreditation!C:C,0) -> Paramedical practitioners (specify) | B12: 2240 | C12: 6 | E12: 11 | F12: 17 | H12: =E12/F12 -> 0.64705882 | I12: =D12/F12 -> 0 | J12: =C12/F12 -> 0.35294118
A13: =_xlfn.XLOOKUP(B:B,Accreditation!B:B,Accreditation!C:C,0) -> Dentists | B13: 2261 | C13: 5 | D13: 1 | E13: 14 | F13: 20 | H13: =E13/F13 -> 0.7 | I13: =D13/F13 -> 0.05 | J13: =C13/F13 -> 0.25
A14: =_xlfn.XLOOKUP(B:B,Accreditation!B:B,Accreditation!C:C,0) -> Pharmacists | B14: 2262 | C14: 2 | D14: 1 | E14: 16 | F14: 19 | H14: =E14/F14 -> 0.84210526 | I14: =D14/F14 -> 0.052631579 | J14: =C14/F14 -> 0.10526316
A15: =_xlfn.XLOOKUP(B:B,Accreditation!B:B,Accreditation!C:C,0) -> Physiotherapists | B15: 2264 | C15: 4 | D15: 1 | E15: 7 | F15: 12 | H15: =E15/F15 -> 0.58333333 | I15: =D15/F15 -> 0.083333333 | J15: =C15/F15 -> 0.33333333
A16: =_xlfn.XLOOKUP(B:B,Accreditation!B:B,Accreditation!C:C,0) -> Dieticians and nutritionists | B16: 2265 | C16: 6 | E16: 13 | F16: 19 | H16: =E16/F16 -> 0.68421053 | I16: =D16/F16 -> 0 | J16: =C16/F16 -> 0.31578947
A17: =_xlfn.XLOOKUP(B:B,Accreditation!B:B,Accreditation!C:C,0) -> Optometrists | B17: 2267 | C17: 5 | D17: 1 | E17: 5 | F17: 11 | H17: =E17/F17 -> 0.45454545 | I17: =D17/F17 -> 0.090909091 | J17: =C17/F17 -> 0.45454545
A18: =_xlfn.XLOOKUP(B:B,Accreditation!B:B,Accreditation!C:C,0) -> Medical imaging and therapeutic equipment operators | B18: 3211 | C18: 5 | D18: 1 | E18: 12 | F18: 18 | H18: =E18/F18 -> 0.66666667 | I18: =D18/F18 -> 0.055555556 | J18: =C18/F18 -> 0.27777778
A19: =_xlfn.XLOOKUP(B:B,Accreditation!B:B,Accreditation!C:C,0) -> Medical and pathology laboratory technicians | B19: 3212 | C19: 2 | D19: 1 | E19: 18 | F19: 21 | H19: =E19/F19 -> 0.85714286 | I19: =D19/F19 -> 0.047619048 | J19: =C19/F19 -> 0.095238095
A20: =_xlfn.XLOOKUP(B:B,Accreditation!B:B,Accreditation!C:C,0) -> Pharmaceutical technicians and assistants | B20: 3213 | C20: 4 | D20: 1 | E20: 15 | F20: 20 | H20: =E20/F20 -> 0.75 | I20: =D20/F20 -> 0.05 | J20: =C20/F20 -> 0.2
A21: =_xlfn.XLOOKUP(B:B,Accreditation!B:B,Accreditation!C:C,0) -> Medical and dental prosthetic technicians | B21: 3214 | C21: 5 | E21: 12 | F21: 17 | H21: =E21/F21 -> 0.70588235 | I21: =D21/F21 -> 0 | J21: =C21/F21 -> 0.29411765
A22: =_xlfn.XLOOKUP(B:B,Accreditation!B:B,Accreditation!C:C,0) -> Nursing associate professionals | B22: 3221 | C22: 5 | D22: 1 | E22: 8 | F22: 14 | H22: =E22/F22 -> 0.57142857 | I22: =D22/F22 -> 0.071428571 | J22: =C22/F22 -> 0.35714286
A23: =_xlfn.XLOOKUP(B:B,Accreditation!B:B,Accreditation!C:C,0) -> Midwifery associate professionals | B23: 3222 | C23: 5 | E23: 11 | F23: 16 | H23: =E23/F23 -> 0.6875 | I23: =D23/F23 -> 0 | J23: =C23/F23 -> 0.3125
A24: =_xlfn.XLOOKUP(B:B,Accreditation!B:B,Accreditation!C:C,0) -> Dental assistants and therapists | B24: 3251 | C24: 5 | D24: 2 | E24: 11 | F24: 18 | H24: =E24/F24 -> 0.61111111 | I24: =D24/F24 -> 0.11111111 | J24: =C24/F24 -> 0.27777778
A25: =_xlfn.XLOOKUP(B:B,Accreditation!B:B,Accreditation!C:C,0) -> Medical records and health information technicians (including biostatisticians) | B25: 3252 | C25: 8 | D25: 1 | E25: 5 | F25: 14 | H25: =E25/F25 -> 0.35714286 | I25: =D25/F25 -> 0.071428571 | J25: =C25/F25 -> 0.57142857
A26: =_xlfn.XLOOKUP(B:B,Accreditation!B:B,Accreditation!C:C,0) -> Community health workers | B26: 3253 | C26: 6 | D26: 1 | E26: 9 | F26: 16 | H26: =E26/F26 -> 0.5625 | I26: =D26/F26 -> 0.0625 | J26: =C26/F26 -> 0.375
A27: =_xlfn.XLOOKUP(B:B,Accreditation!B:B,Accreditation!C:C,0) -> Opticians | B27: 3254 | C27: 3 | E27: 6 | F27: 9 | H27: =E27/F27 -> 0.66666667 | I27: =D27/F27 -> 0 | J27: =C27/F27 -> 0.33333333
A28: =_xlfn.XLOOKUP(B:B,Accreditation!B:B,Accreditation!C:C,0) -> Physiotherapy assistants | B28: 3255 | C28: 4 | D28: 1 | E28: 6 | F28: 11 | H28: =E28/F28 -> 0.54545455 | I28: =D28/F28 -> 0.090909091 | J28: =C28/F28 -> 0.36363636
A29: =_xlfn.XLOOKUP(B:B,Accreditation!B:B,Accreditation!C:C,0) -> Medical assistants, clinical officers and physician Assistants | B29: 3256 | C29: 6 | D29: 1 | E29: 7 | F29: 14 | H29: =E29/F29 -> 0.5 | I29: =D29/F29 -> 0.071428571 | J29: =C29/F29 -> 0.42857143
A30: Traditional and complementary medicine practitioners | B30: 2230, 3230 | C30: 5 | D30: 1 | E30: 10 | F30: 16 | H30: =E30/F30 -> 0.625 | I30: =D30/F30 -> 0.0625 | J30: =C30/F30 -> 0.3125
A31: Environmental and occupational health & hygiene workers | B31: 2263, 3257 | C31: 4 | D31: 1 | E31: 13 | F31: 18 | H31: =E31/F31 -> 0.72222222 | I31: =D31/F31 -> 0.055555556 | J31: =C31/F31 -> 0.22222222
A32: Physiotherapists and physiotherapy assistants | B32: 2264, 3255 | C32: 2 | E32: 4 | F32: 6 | H32: =E32/F32 -> 0.66666667 | I32: =D32/F32 -> 0 | J32: =C32/F32 -> 0.33333333
A33: Optometrist and opticians | B33: 2267, 3254 | C33: 2 | E33: 4 | F33: 6 | H33: =E33/F33 -> 0.66666667 | I33: =D33/F33 -> 0 | J33: =C33/F33 -> 0.33333333
A34: Health care assistants and other personal care workers in health services | B34: 5321, 5322, 5329 | C34: 2 | E34: 4 | F34: 6 | H34: =E34/F34 -> 0.66666667 | I34: =D34/F34 -> 0 | J34: =C34/F34 -> 0.33333333
B35: Grand Total | C35: 115 | D35: 20 | E35: 280 | F35: 415 | H35: =E35/F35 -> 0.6746988 | I35: =D35/F35 -> 0.048192771 | J35: =C35/F35 -> 0.27710843
G446: =GETPIVOTDATA("Existence of national and/or subnational mechanisms for accreditation of health workforce education and training institutions and their programmes (Yes/No/Partly)",$B$3,"Existence of national and/or subnational mechanisms for accreditation of health workforce education and training institutions and their programmes (Yes/No/Partly)","YES")/GETPIVOTDATA("Existence of national and/or subnational mechanisms for accreditation of health workforce education and training institutions and their programmes (Yes/No/Partly)",$B$3) -> 0.6746988

Sheet E_Applications
D1: Family medicine | E1: 0 | F1: 1 | G1: 1 | K1: 1 | L1: 6 | M1: 7 | N1: 2 | O1: 8 | P1: 10 | Q1: 0 | R1: 0 | S1: 0 | T1: 3 | U1: 2 | V1: 5
D2: Internal medicine | E2: 0 | F2: 3 | G2: 3 | K2: 2 | L2: 3 | M2: 5 | N2: 1 | O2: 3 | P2: 4 | Q2: 3 | R2: 3 | S2: 6 | T2: 1 | U2: 3 | V2: 4
A3: Algeria | D3: Pediatrician | E3: 1 | F3: 3 | G3: 4 | K3: 0 | L3: 3 | M3: 3 | N3: 3 | O3: 15 | P3: 18 | Q3: 3 | R3: 11 | S3: 14 | T3: 1 | U3: 4 | V3: 5
A4: Algeria | D4: Obstetrician & Gynecologist | E4: 1 | F4: 6 | G4: 7 | K4: 3 | L4: 3 | M4: 6 | N4: 7 | O4: 6 | P4: 13 | Q4: 7 | R4: 7 | S4: 14 | T4: 7 | U4: 7 | V4: 14
A5: Algeria | D5: Surgeon | E5: 2 | F5: 2 | G5: 4 | K5: 0 | L5: 3 | M5: 3 | N5: 4 | O5: 4 | P5: 8 | Q5: 7 | R5: 0 | S5: 7 | T5: 3 | U5: 4 | V5: 7
A6: Algeria | D6: Nurse, anaesthetics | E6: 23 | F6: 65 | G6: 88 | K6: 34 | L6: 136 | M6: 170 | Q6: 15 | R6: 5 | S6: 20
A7: Algeria | C7: 3221 | D7: Nursing associate professionals | E7: 57 | F7: 45 | G7: 102 | K7: 42 | L7: 24 | M7: 66 | Q7: 16 | R7: 20 | S7: 36 | T7: 182 | U7: 124 | V7: 306
A8: Algeria | D8: Nurse, operating theatre | E8: 58 | F8: 337 | G8: 395 | K8: 58 | L8: 250 | M8: 308 | Q8: 34 | R8: 34 | S8: 68
A9: Algeria | C9: 2261 | D9: Dentists | E9: 106 | F9: 117 | G9: 223 | K9: 41 | L9: 178 | M9: 219 | T9: 102 | U9: 87 | V9: 189
A10: Algeria | C10: 2262 | D10: Pharmacists | E10: 115 | F10: 186 | G10: 301 | K10: 365 | L10: 844 | M10: 1209 | Q10: 1043 | R10: 1011 | S10: 2054 | T10: 474 | U10: 672 | V10: 1146
A11: Algeria | C11: 2265 | D11: Dieticians and nutritionists | E11: 160 | F11: 15 | G11: 175 | K11: 409 | L11: 922 | M11: 1331 | Q11: 146 | R11: 461 | S11: 607 | T11: 375 | U11: 845 | V11: 1220
A12: Algeria | C12: 3212 | D12: Medical and pathology laboratory technicians | E12: 228 | F12: 201 | G12: 429 | K12: 512 | L12: 732 | M12: 1244 | Q12: 1055 | R12: 1898 | S12: 2953 | T12: 489 | U12: 668 | V12: 1157
A13: Algeria | C13: Code ISO 08 | D13: Occupation | E13: 2022 | H13: 2022 | K13: 2021 | N13: 2020 | Q13: 2019 | T13: 2018
A14: Algeria | D14: Nurse, operating theatre | W14: Partial data of 2022 and 2018
A15: Algeria | E15: MALE | F15: FEMALE | G15: Total | H15: MALE | I15: FEMALE | J15: Total | K15: MALE | L15: FEMALE | M15: Total | N15: MALE | O15: FEMALE | P15: Total | Q15: MALE | R15: FEMALE | S15: Total | T15: MALE | U15: FEMALE | V15: Total
A16: Algeria | C16: 2211 | D16: Generalist medical practitioners | W16: No data
A17: Algeria | C17: 2212 | D17: Total of all Specialist medical practitioners | W17: No data
A18: Algeria | D18: Surgeon | W18: No data
A19: Algeria | D19: Pediatrician | W19: No data
A20: Algeria | D20: Family medicine | W20: No data
A21: Algeria | D21: Obstetrician & Gynecologist | W21: No data
A22: Algeria | D22: Internal medicine | W22: No data
A23: Algeria | C23: 2221 | D23: Nursing professionals | W23: No data
A24: Algeria | D24: Nurse, professional: paediatric | W24: No data
A25: Algeria | D25: Nurse, anaesthetics | W25: No data
A26: Algeria | D26: Nurse, operating theatre | W26: No data
A27: Algeria | C27: 3221 | D27: Nursing associate professionals | W27: No data
A28: Algeria | C28: 2222 | D28: Midwifery professionals | W28: No data
A29: Algeria | C29: 3222 | D29: Midwifery associate professionals | W29: No data
A30: Algeria | C30: 2240 | D30: Paramedical practitioners (specify) | W30: No data
A31: Algeria | C31: 2261 | D31: Dentists | W31: No data
A32: Algeria | C32: 3251 | D32: Dental assistants and therapists | W32: No data
A33: Algeria | C33: 2262 | D33: Pharmacists | W33: No data
A34: Algeria | C34: 3213 | D34: Pharmaceutical technicians and assistants | W34: No data
A35: Algeria | C35: 2263, 3257 | D35: Environmental and occupational health & hygiene workers | W35: No data
A36: Algeria | C36: 2264 | D36: Physiotherapists | W36: No data
A37: Angola | C37: 3255 | D37: Physiotherapy assistants | W37: No data
A38: Angola | C38: 2267 | D38: Optometrists | W38: No data
A39: Angola | C39: 3254 | D39: Opticians | W39: No data
A40: Angola | D40: Field Epidemiologist | W40: No data
A41: Angola | C41: 3211 | D41: Medical imaging and therapeutic equipment operators | W41: No data
A42: Angola | C42: 3212 | D42: Medical and pathology laboratory technicians | W42: No data
A43: Angola | C43: 3214 | D43: Medical and dental prosthetic technicians | W43: No data
A44: Angola | C44: 3253 | D44: Community health workers | W44: No data
A45: Angola | C45: 3256 | D45: Medical assistants, clinical officers and physician Assistants | W45: No data
A46: Angola | C46: 2230, 3230 | D46: Traditional and complementary medicine practitioners | W46: No data
A47: Angola | C47: 2265 | D47: Dieticians and nutritionists | W47: No data
A48: Angola | C48: 1342 | D48: Health service managers | W48: No data
A49: Angola | C49: 3252 | D49: Medical records and health information technicians (including biostatisticians) | W49: No data
A50: Angola | C50: 2211 | D50: Generalist medical practitioners | W50: No data
A51: Angola | C51: 2212 | D51: Total of all Specialist medical practitioners | W51: No data
A52: Angola | D52: Surgeon | W52: No data
A53: Angola | D53: Pediatrician | W53: No data
A54: Angola | D54: Family medicine | W54: No data
A55: Angola | D55: Obstetrician & Gynecologist | W55: No data
A56: Angola | D56: Internal medicine | W56: No data
A57: Angola | C57: 2221 | D57: Nursing professionals | W57: No data
A58: Angola | D58: Nurse, professional: paediatric | W58: No data
A59: Angola | D59: Nurse, anaesthetics | W59: No data
A60: Angola | D60: Nurse, operating theatre | W60: No data
A61: Angola | C61: 3221 | D61: Nursing associate professionals | W61: No data
A62: Angola | C62: 2222 | D62: Midwifery professionals | W62: No data
A63: Angola | C63: 3222 | D63: Midwifery associate professionals | W63: No data
A64: Angola | C64: 2240 | D64: Paramedical practitioners (specify) | W64: No data
A65: Angola | C65: 2261 | D65: Dentists | W65: No data
A66: Angola | C66: 3251 | D66: Dental assistants and therapists | W66: No data
A67: Angola | C67: 2262 | D67: Pharmacists | W67: No data
A68: Angola | C68: 3213 | D68: Pharmaceutical technicians and assistants | W68: No data
A69: Angola | C69: 2263, 3257 | D69: Environmental and occupational health & hygiene workers | W69: No data
A70: Angola | C70: 2264 | D70: Physiotherapists | W70: No data
A71: Benin | C71: 3255 | D71: Physiotherapy assistants | W71: No data
A72: Benin | C72: 2267 | D72: Optometrists | W72: No data
A73: Benin | C73: 3254 | D73: Opticians | W73: No data
A74: Benin | D74: Field Epidemiologist | W74: No data
A75: Benin | C75: 3211 | D75: Medical imaging and therapeutic equipment operators | W75: No data
A76: Benin | C76: 3212 | D76: Medical and pathology laboratory technicians | W76: No data
A77: Benin | C77: 3214 | D77: Medical and dental prosthetic technicians | W77: No data
A78: Benin | C78: 3253 | D78: Community health workers | W78: No data
A79: Benin | C79: 3256 | D79: Medical assistants, clinical officers and physician Assistants | W79: No data
A80: Benin | C80: 2230, 3230 | D80: Traditional and complementary medicine practitioners | W80: No data
A81: Benin | C81: 2265 | D81: Dieticians and nutritionists | W81: No data
A82: Benin | C82: 1342 | D82: Health service managers | W82: No data
A83: Benin | C83: 3252 | D83: Medical records and health information technicians (including biostatisticians) | W83: No data
A84: Benin | C84: 2211 | D84: Generalist medical practitioners | M84: 3133 | W84: Partial data, Only Total data provided on 2021
A85: Benin | C85: 2212 | D85: Total of all Specialist medical practitioners | M85: 358 | W85: Partial data, Only Total data provided on 2021
A86: Benin | D86: Surgeon | W86: Partial data, Only Total data provided on 2021
A87: Benin | D87: Pediatrician | W87: Partial data, Only Total data provided on 2021
A88: Benin | D88: Family medicine | W88: Partial data, Only Total data provided on 2021
A89: Benin | D89: Obstetrician & Gynecologist | W89: Partial data, Only Total data provided on 2021
A90: Benin | D90: Internal medicine | W90: Partial data, Only Total data provided on 2021
A91: Benin | C91: 2221 | D91: Nursing professionals | M91: 247 | W91: Partial data, Only Total data provided on 2021
A92: Benin | D92: Nurse, professional: paediatric | W92: Partial data, Only Total data provided on 2021
A93: Benin | D93: Nurse, anaesthetics | W93: Partial data, Only Total data provided on 2021
A94: Benin | D94: Nurse, operating theatre | W94: Partial data, Only Total data provided on 2021
A95: Benin | C95: 3221 | D95: Nursing associate professionals | W95: Partial data, Only Total data provided on 2021
A96: Benin | C96: 2222 | D96: Midwifery professionals | M96: 238 | W96: Partial data, Only Total data provided on 2021
A97: Benin | C97: 3222 | D97: Midwifery associate professionals | W97: Partial data, Only Total data provided on 2021
A98: Benin | C98: 2240 | D98: Paramedical practitioners (specify) | M98: 1083 | W98: Partial data, Only Total data provided on 2021
A99: Benin | C99: 2261 | D99: Dentists | W99: Partial data, Only Total data provided on 2021
A100: Benin | C100: 3251 | D100: Dental assistants and therapists | W100: Partial data, Only Total data provided on 2021
...

Sheet Sheet4
A1: country | B1: Code ISCO 08 | C1: Occupation | D1: Existence of national and/or subnational mechanisms for accreditation of health workforce education and training institutions and their programmes (Yes/No/Partly)
A2: Benin | B2: 2211 | C2: Generalist medical practitioners | D2: YES | G2: {=_xlfn.UNIQUE(A:A)} -> country
A3: Benin | B3: 2212 | C3: Total of all Specialist medical practitioners | D3: YES | G3: Benin
A4: Benin | B4: 2221 | C4: Nursing professionals | D4: YES | G4: Botswana
A5: Benin | B5: 2222 | C5: Midwifery professionals | D5: YES | G5: Burkina Faso
A6: Benin | B6: 2240 | C6: Paramedical practitioners (specify) | D6: YES | G6: Cameroon
A7: Benin | B7: 2261 | C7: Dentists | D7: YES | G7: Chad
A8: Benin | B8: 3251 | C8: Dental assistants and therapists | D8: YES | G8: Congo
A9: Benin | B9: 2262 | C9: Pharmacists | D9: YES | G9: Democratic Republic of Congo
A10: Benin | B10: 2263, 3257 | C10: Environmental and occupational health & hygiene workers | D10: YES | G10: Eritrea
A11: Benin | B11: 2264 | C11: Physiotherapists | D11: YES | G11: Eswatini
A12: Benin | B12: 3255 | C12: Physiotherapy assistants | D12: YES | G12: Ethiopia
A13: Benin | B13: 3212 | C13: Medical and pathology laboratory technicians | D13: YES | G13: Gabon
A14: Benin | B14: 3253 | C14: Community health workers | D14: YES | G14: Gambia
A15: Benin | B15: 2265 | C15: Dieticians and nutritionists | D15: YES | G15: Ghana
A16: Benin | B16: 1342 | C16: Health service managers | D16: YES | G16: Guinea
A17: Botswana | B17: 2211 | C17: Generalist medical practitioners | D17: YES | G17: Guinea-Bissau
A18: Botswana | B18: 2212 | C18: Total of all Specialist medical practitioners | D18: YES | G18: Kenya
A19: Botswana | B19: 2221 | C19: Nursing professionals | D19: YES | G19: Madagascar
A20: Botswana | B20: 3221 | C20: Nursing associate professionals | D20: YES | G20: Mozambique
A21: Botswana | B21: 2222 | C21: Midwifery professionals | D21: YES | G21: Senegal
A22: Botswana | B22: 3222 | C22: Midwifery associate professionals | D22: YES | G22: Seychelles
... A26: Botswana | B26: 2262 | C26: Pharmacists | D26: YES | G26: Zimbabwe
A27: Botswana | B27: 3213 | C27: Pharmaceutical technicians and assistants | D27: YES | G27: 0
A28: Botswana | B28: 2263, 3257 | C28: Environmental and occupational health & hygiene workers | D28: YES
A29: Botswana | B29: 2264 | C29: Physiotherapists | D29: YES
A30: Botswana | B30: 3255 | C30: Physiotherapy assistants | D30: YES
A31: Botswana | B31: 2267 | C31: Optometrists | D31: YES
A32: Botswana | B32: 3254 | C32: Opticians | D32: YES
A33: Botswana | B33: 3211 | C33: Medical imaging and therapeutic equipment operators | D33: YES
A34: Botswana | B34: 3212 | C34: Medical and pathology laboratory technicians | D34: YES
A35: Botswana | B35: 3214 | C35: Medical and dental prosthetic technicians | D35: YES
A36: Botswana | B36: 3253 | C36: Community health workers | D36: YES
A37: Botswana | B37: 3256 | C37: Medical assistants, clinical officers and physician Assistants | D37: YES
A38: Botswana | B38: 2230, 3230 | C38: Traditional and complementary medicine practitioners | D38: YES
A39: Botswana | B39: 2265 | C39: Dieticians and nutritionists | D39: YES
A40: Botswana | B40: 1342 | C40: Health service managers | D40: YES
A41: Botswana | B41: 3252 | C41: Medical records and health information technicians (including biostatisticians) | D41: YES
A42: Burkina Faso | B42: 2211 | C42: Generalist medical practitioners | D42: YES
A43: Burkina Faso | B43: 2212 | C43: Total of all Specialist medical practitioners | D43: YES
A44: Burkina Faso | B44: 2221 | C44: Nursing professionals | D44: YES
A45: Burkina Faso | B45: 3221 | C45: Nursing associate professionals | D45: YES
A46: Burkina Faso | B46: 2222 | C46: Midwifery professionals | D46: YES
A47: Burkina Faso | B47: 3222 | C47: Midwifery associate professionals | D47: YES
A48: Burkina Faso | B48: 2240 | C48: Paramedical practitioners (specify) | D48: YES
A49: Burkina Faso | B49: 2261 | C49: Dentists | D49: YES
A50: Burkina Faso | B50: 3213 | C50: Pharmaceutical technicians and assistants | D50: YES
A51: Burkina Faso | B51: 2263, 3257 | C51: Environmental and occupational health & hygiene workers | D51: YES
A52: Burkina Faso | B52: 2267 | C52: Optometrists | D52: YES
A53: Burkina Faso | B53: 3254 | C53: Opticians | D53: YES
A54: Burkina Faso | B54: 3212 | C54: Medical and pathology laboratory technicians | D54: YES
A55: Burkina Faso | B55: 3214 | C55: Medical and dental prosthetic technicians | D55: YES
A56: Burkina Faso | B56: 3253 | C56: Community health workers | D56: YES
A57: Burkina Faso | B57: 2230, 3230 | C57: Traditional and complementary medicine practitioners | D57: YES
A58: Burkina Faso | B58: 2265 | C58: Dieticians and nutritionists | D58: YES
A59: Burkina Faso | B59: 1342 | C59: Health service managers | D59: YES
A60: Burkina Faso | B60: 3252 | C60: Medical records and health information technicians (including biostatisticians) | D60: YES
A61: Cameroon | B61: 2211 | C61: Generalist medical practitioners | D61: YES
A62: Cameroon | B62: 3221 | C62: Nursing associate professionals | D62: YES
A63: Cameroon | B63: 3222 | C63: Midwifery associate professionals | D63: YES
A64: Cameroon | B64: 2240 | C64: Paramedical practitioners (specify) | D64: YES
A65: Cameroon | B65: 2261 | C65: Dentists | D65: YES
A66: Cameroon | B66: 3251 | C66: Dental assistants and therapists | D66: NO
A67: Cameroon | B67: 2262 | C67: Pharmacists | D67: YES
A68: Cameroon | B68: 3213 | C68: Pharmaceutical technicians and assistants | D68: YES
A69: Cameroon | B69: 2263, 3257 | C69: Environmental and occupational health & hygiene workers | D69: YES
A70: Cameroon | B70: 2264 | C70: Physiotherapists | D70: NO
A71: Cameroon | B71: 3255 | C71: Physiotherapy assistants | D71: NO
A72: Cameroon | B72: 2267 | C72: Optometrists | D72: NO
A73: Cameroon | B73: 3254 | C73: Opticians | D73: YES
A74: Cameroon | B74: 3211 | C74: Medical imaging and therapeutic equipment operators | D74: NO
A75: Cameroon | B75: 3212 | C75: Medical and pathology laboratory technicians | D75: YES
A76: Cameroon | B76: 3214 | C76: Medical and dental prosthetic technicians | D76: YES
A77: Cameroon | B77: 3253 | C77: Community health workers | D77: YES
A78: Cameroon | B78: 3256 | C78: Medical assistants, clinical officers and physician Assistants | D78: NO
A79: Cameroon | B79: 2230, 3230 | C79: Traditional and complementary medicine practitioners | D79: NO
A80: Cameroon | B80: 2265 | C80: Dieticians and nutritionists | D80: YES
A81: Cameroon | B81: 1342 | C81: Health service managers | D81: YES
A82: Cameroon | B82: 3252 | C82: Medical records and health information technicians (including biostatisticians) | D82: NO
A83: Chad | B83: 2211 | C83: Generalist medical practitioners | D83: YES
A84: Chad | B84: 3222 | C84: Midwifery associate professionals | D84: YES
A85: Chad | B85: 2240 | C85: Paramedical practitioners (specify) | D85: NO
A86: Chad | B86: 2261 | C86: Dentists | D86: NO
A87: Chad | B87: 3251 | C87: Dental assistants and therapists | D87: NO
A88: Chad | B88: 2262 | C88: Pharmacists | D88: YES
A89: Chad | B89: 3213 | C89: Pharmaceutical technicians and assistants | D89: NO
A90: Chad | B90: 2263, 3257 | C90: Environmental and occupational health & hygiene workers | D90: NO
A91: Chad | B91: 2264 | C91: Physiotherapists | D91: NO
A92: Chad | B92: 3255 | C92: Physiotherapy assistants | D92: NO
A93: Chad | B93: 2267 | C93: Optometrists | D93: NO
A94: Chad | B94: 3254 | C94: Opticians | D94: NO
A95: Chad | B95: 3211 | C95: Medical imaging and therapeutic equipment operators | D95: NO
A96: Chad | B96: 3212 | C96: Medical and pathology laboratory technicians | D96: YES
A97: Chad | B97: 3214 | C97: Medical and dental prosthetic technicians | D97: NO
A98: Chad | B98: 3253 | C98: Community health workers | D98: NO
A99: Chad | B99: 3256 | C99: Medical assistants, clinical officers and physician Assistants | D99: NO
A100: Chad | B100: 2230, 3230 | C100: Traditional and complementary medicine practitioners | D100: NO
A101: Chad | B101: 2265 | C101: Dieticians and nutritionists | D101: NO
A102: Chad | B102: 1342 | C102: Health service managers | D102: YES
A103: Chad | B103: 3252 | C103: Medical records and health information technicians (including biostatisticians) | D103: NO
...

Sheet G_Existence of HWF Unit
A1: Existence of a health workforce unit in the Ministry of Health responsible for developing and monitoring policies and plans on health workforce (Yes/No)
A2: Country | C2: Indicator | D2: Indicator (Descriptor) | E2: Response
A3: Algeria | C3: Sub-indicator 1 | D3: Existence of institutional mechanisms or bodies to coordinate an intersectoral health workforce agenda (Yes/No)
A4: Algeria | C4: Sub-indicator 2 | D4: Existence of mechanisms and models for health workforce planning (Yes/No)
A5: Algeria | C5: Sub-indicator 3 | D5: Existence of national education plans for the health workforce, aligned with the national health plan and the national health workforce strategy/plan (Yes/No)
A6: Algeria | C6: Sub-indicator 4 | D6: Existence of institutional models for assessing and monitoring staffing needs for health service delivery (Yes/No)
A7: Angola | C7: Sub-indicator 1 | D7: Existence of institutional mechanisms or bodies to coordinate an intersectoral health workforce agenda (Yes/No) | E7: NO
A8: Angola | C8: Sub-indicator 2 | D8: Existence of mechanisms and models for health workforce planning (Yes/No) | E8: YES
A9: Angola | C9: Sub-indicator 3 | D9: Existence of national education plans for the health workforce, aligned with the national health plan and the national health workforce strategy/plan (Yes/No) | E9: YES
A10: Angola | C10: Sub-indicator 4 | D10: Existence of institutional models for assessing and monitoring staffing needs for health service delivery (Yes/No) | E10: YES
A11: Benin | C11: Sub-indicator 1 | D11: Existence of institutional mechanisms or bodies to coordinate an intersectoral health workforce agenda (Yes/No) | E11: YES
A12: Benin | C12: Sub-indicator 2 | D12: Existence of mechanisms and models for health workforce planning (Yes/No) | E12: YES
A13: Benin | C13: Sub-indicator 3 | D13: Existence of national education plans for the health workforce, aligned with the national health plan and the national health workforce strategy/plan (Yes/No) | E13: YES
A14: Benin | C14: Sub-indicator 4 | D14: Existence of institutional models for assessing and monitoring staffing needs for health service delivery (Yes/No) | E14: YES
A15: Botswana | C15: Sub-indicator 1 | D15: Existence of institutional mechanisms or bodies to coordinate an intersectoral health workforce agenda (Yes/No) | E15: YES
A16: Botswana | C16: Sub-indicator 2 | D16: Existence of mechanisms and models for health workforce planning (Yes/No) | E16: YES
A17: Botswana | C17: Sub-indicator 3 | D17: Existence of national education plans for the health workforce, aligned with the national health plan and the national health workforce strategy/plan (Yes/No) | E17: YES
A18: Botswana | C18: Sub-indicator 4 | D18: Existence of institutional models for assessing and monitoring staffing needs for health service delivery (Yes/No) | E18: YES
... A26: Burundi | C26: Sub-indicator 4 | D26: Existence of institutional models for assessing and monitoring staffing needs for health service delivery (Yes/No) | E26: YES
A27: Cabo verde | C27: Sub-indicator 1 | D27: Existence of institutional mechanisms or bodies to coordinate an intersectoral health workforce agenda (Yes/No)
A28: Cabo verde | C28: Sub-indicator 2 | D28: Existence of mechanisms and models for health workforce planning (Yes/No)
A29: Cabo verde | C29: Sub-indicator 3 | D29: Existence of national education plans for the health workforce, aligned with the national health plan and the national health workforce strategy/plan (Yes/No)
A30: Cabo verde | C30: Sub-indicator 4 | D30: Existence of institutional models for assessing and monitoring staffing needs for health service delivery (Yes/No)
A31: Cameroon | C31: Sub-indicator 1 | D31: Existence of institutional mechanisms or bodies to coordinate an intersectoral health workforce agenda (Yes/No) | E31: NO
A32: Cameroon | C32: Sub-indicator 2 | D32: Existence of mechanisms and models for health workforce planning (Yes/No) | E32: NO
A33: Cameroon | C33: Sub-indicator 3 | D33: Existence of national education plans for the health workforce, aligned with the national health plan and the national health workforce strategy/plan (Yes/No) | E33: NO
A34: Cameroon | C34: Sub-indicator 4 | D34: Existence of institutional models for assessing and monitoring staffing needs for health service delivery (Yes/No) | E34: NO
A35: Central African republic | C35: Sub-indicator 1 | D35: Existence of institutional mechanisms or bodies to coordinate an intersectoral health workforce agenda (Yes/No)
A36: Central African republic | C36: Sub-indicator 2 | D36: Existence of mechanisms and models for health workforce planning (Yes/No)
A37: Central African republic | C37: Sub-indicator 3 | D37: Existence of national education plans for the health workforce, aligned with the national health plan and the national health workforce strategy/plan (Yes/No)
A38: Central African republic | C38: Sub-indicator 4 | D38: Existence of institutional models for assessing and monitoring staffing needs for health service delivery (Yes/No)
A39: Chad | C39: Sub-indicator 1 | D39: Existence of institutional mechanisms or bodies to coordinate an intersectoral health workforce agenda (Yes/No) | E39: YES
A40: Chad | C40: Sub-indicator 2 | D40: Existence of mechanisms and models for health workforce planning (Yes/No) | E40: YES
A41: Chad | C41: Sub-indicator 3 | D41: Existence of national education plans for the health workforce, aligned with the national health plan and the national health workforce strategy/plan (Yes/No) | E41: YES
A42: Chad | C42: Sub-indicator 4 | D42: Existence of institutional models for assessing and monitoring staffing needs for health service delivery (Yes/No) | E42: YES
A43: Comoros | C43: Sub-indicator 1 | D43: Existence of institutional mechanisms or bodies to coordinate an intersectoral health workforce agenda (Yes/No) | E43: YES
A44: Comoros | C44: Sub-indicator 2 | D44: Existence of mechanisms and models for health workforce planning (Yes/No) | E44: YES
A45: Comoros | C45: Sub-indicator 3 | D45: Existence of national education plans for the health workforce, aligned with the national health plan and the national health workforce strategy/plan (Yes/No) | E45: NO
A46: Comoros | C46: Sub-indicator 4 | D46: Existence of institutional models for assessing and monitoring staffing needs for health service delivery (Yes/No) | E46: NO
A47: Congo | C47: Sub-indicator 1 | D47: Existence of institutional mechanisms or bodies to coordinate an intersectoral health workforce agenda (Yes/No) | E47: YES
A48: Congo | C48: Sub-indicator 2 | D48: Existence of mechanisms and models for health workforce planning (Yes/No) | E48: YES
A49: Congo | C49: Sub-indicator 3 | D49: Existence of national education plans for the health workforce, aligned with the national health plan and the national health workforce strategy/plan (Yes/No) | E49: NO
A50: Congo | C50: Sub-indicator 4 | D50: Existence of institutional models for assessing and monitoring staffing needs for health service delivery (Yes/No) | E50: NO
... A70: Eswatini | C70: Sub-indicator 4 | D70: Existence of institutional models for assessing and monitoring staffing needs for health service delivery (Yes/No) | E70: NO
A71: Ethiopia | C71: Sub-indicator 1 | D71: Existence of institutional mechanisms or bodies to coordinate an intersectoral health workforce agenda (Yes/No)
A72: Ethiopia | C72: Sub-indicator 2 | D72: Existence of mechanisms and models for health workforce planning (Yes/No)
A73: Ethiopia | C73: Sub-indicator 3 | D73: Existence of national education plans for the health workforce, aligned with the national health plan and the national health workforce strategy/plan (Yes/No)
A74: Ethiopia | C74: Sub-indicator 4 | D74: Existence of institutional models for assessing and monitoring staffing needs for health service delivery (Yes/No)
A75: Gabon | C75: Sub-indicator 1 | D75: Existence of institutional mechanisms or bodies to coordinate an intersectoral health workforce agenda (Yes/No)
A76: Gabon | C76: Sub-indicator 2 | D76: Existence of mechanisms and models for health workforce planning (Yes/No)
A77: Gabon | C77: Sub-indicator 3 | D77: Existence of national education plans for the health workforce, aligned with the national health plan and the national health workforce strategy/plan (Yes/No)
A78: Gabon | C78: Sub-indicator 4 | D78: Existence of institutional models for assessing and monitoring staffing needs for health service delivery (Yes/No)
A79: Gambia | C79: Sub-indicator 1 | D79: Existence of institutional mechanisms or bodies to coordinate an intersectoral health workforce agenda (Yes/No)
A80: Gambia | C80: Sub-indicator 2 | D80: Existence of mechanisms and models for health workforce planning (Yes/No)
A81: Gambia | C81: Sub-indicator 3 | D81: Existence of national education plans for the health workforce, aligned with the national health plan and the national health workforce strategy/plan (Yes/No)
A82: Gambia | C82: Sub-indicator 4 | D82: Existence of institutional models for assessing and monitoring staffing needs for health service delivery (Yes/No)
... A86: Ghana | C86: Sub-indicator 4 | D86: Existence of institutional models for assessing and monitoring staffing needs for health service delivery (Yes/No)
A87: Guinea | C87: Sub-indicator 1 | D87: Existence of institutional mechanisms or bodies to coordinate an intersectoral health workforce agenda (Yes/No) | E87: YES
A88: Guinea | C88: Sub-indicator 2 | D88: Existence of mechanisms and models for health workforce planning (Yes/No) | E88: YES
A89: Guinea | C89: Sub-indicator 3 | D89: Existence of national education plans for the health workforce, aligned with the national health plan and the national health workforce strategy/plan (Yes/No) | E89: YES
A90: Guinea | C90: Sub-indicator 4 | D90: Existence of institutional models for assessing and monitoring staffing needs for health service delivery (Yes/No) | E90: YES
A91: Guinea-Bissau | C91: Sub-indicator 1 | D91: Existence of institutional mechanisms or bodies to coordinate an intersectoral health workforce agenda (Yes/No)
A92: Guinea-Bissau | C92: Sub-indicator 2 | D92: Existence of mechanisms and models for health workforce planning (Yes/No)
A93: Guinea-Bissau | C93: Sub-indicator 3 | D93: Existence of national education plans for the health workforce, aligned with the national health plan and the national health workforce strategy/plan (Yes/No)
A94: Guinea-Bissau | C94: Sub-indicator 4 | D94: Existence of institutional models for assessing and monitoring staffing needs for health service delivery (Yes/No)
A95: Kenya | C95: Sub-indicator 1 | D95: Existence of institutional mechanisms or bodies to coordinate an intersectoral health workforce agenda (Yes/No) | E95: YES
A96: Kenya | C96: Sub-indicator 2 | D96: Existence of mechanisms and models for health workforce planning (Yes/No) | E96: YES
A97: Kenya | C97: Sub-indicator 3 | D97: Existence of national education plans for the health workforce, aligned with the national health plan and the national health workforce strategy/plan (Yes/No) | E97: YES
A98: Kenya | C98: Sub-indicator 4 | D98: Existence of institutional models for assessing and monitoring staffing needs for health service delivery (Yes/No) | E98: YES
A99: Lesotho | C99: Sub-indicator 1 | D99: Existence of institutional mechanisms or bodies to coordinate an intersectoral health workforce agenda (Yes/No) | E99: YES
A100: Lesotho | C100: Sub-indicator 2 | D100: Existence of mechanisms and models for health workforce planning (Yes/No) | E100: YES
A101: Lesotho | C101: Sub-indicator 3 | D101: Existence of national education plans for the health workforce, aligned with the national health plan and the national health workforce strategy/plan (Yes/No) | E101: YES
A102: Lesotho | C102: Sub-indicator 4 | D102: Existence of institutional models for assessing and monitoring staffing needs for health service delivery (Yes/No) | E102: NO
A103: Liberia | C103: Sub-indicator 1 | D103: Existence of institutional mechanisms or bodies to coordinate an intersectoral health workforce agenda (Yes/No) | E103: NO
A104: Liberia | C104: Sub-indicator 2 | D104: Existence of mechanisms and models for health workforce planning (Yes/No) | E104: NO
A105: Liberia | C105: Sub-indicator 3 | D105: Existence of national education plans for the health workforce, aligned with the national health plan and the national health workforce strategy/plan (Yes/No) | E105: YES
A106: Liberia | C106: Sub-indicator 4 | D106: Existence of institutional models for assessing and monitoring staffing needs for health service delivery (Yes/No) | E106: YES
A107: Madagascar | C107: Sub-indicator 1 | D107: Existence of institutional mechanisms or bodies to coordinate an intersectoral health workforce agenda (Yes/No)
A108: Madagascar | C108: Sub-indicator 2 | D108: Existence of mechanisms and models for health workforce planning (Yes/No)
A109: Madagascar | C109: Sub-indicator 3 | D109: Existence of national education plans for the health workforce, aligned with the national health plan and the national health workforce strategy/plan (Yes/No)
A110: Madagascar | C110: Sub-indicator 4 | D110: Existence of institutional models for assessing and monitoring staffing needs for health service delivery (Yes/No)
A111: Malawi | C111: Sub-indicator 1 | D111: Existence of institutional mechanisms or bodies to coordinate an intersectoral health workforce agenda (Yes/No)
A112: Malawi | C112: Sub-indicator 2 | D112: Existence of mechanisms and models for health workforce planning (Yes/No)
A113: Malawi | C113: Sub-indicator 3 | D113: Existence of national education plans for the health workforce, aligned with the national health plan and the national health workforce strategy/plan (Yes/No)
A114: Malawi | C114: Sub-indicator 4 | D114: Existence of institutional models for assessing and monitoring staffing needs for health service delivery (Yes/No)
A115: Mali | C115: Sub-indicator 1 | D115: Existence of institutional mechanisms or bodies to coordinate an intersectoral health workforce agenda (Yes/No) | E115: YES
A116: Mali | C116: Sub-indicator 2 | D116: Existence of mechanisms and models for health workforce planning (Yes/No) | E116: YES
A117: Mali | C117: Sub-indicator 3 | D117: Existence of national education plans for the health workforce, aligned with the national health plan and the national health workforce strategy/plan (Yes/No) | E117: YES
A118: Mali | C118: Sub-indicator 4 | D118: Existence of institutional models for assessing and monitoring staffing needs for health service delivery (Yes/No) | E118: NO
A119: Mauritania | C119: Sub-indicator 1 | D119: Existence of institutional mechanisms or bodies to coordinate an intersectoral health workforce agenda (Yes/No) | E119: NO
A120: Mauritania | C120: Sub-indicator 2 | D120: Existence of mechanisms and models for health workforce planning (Yes/No) | E120: NO
A121: Mauritania | C121: Sub-indicator 3 | D121: Existence of national education plans for the health workforce, aligned with the national health plan and the national health workforce strategy/plan (Yes/No) | E121: YES
A122: Mauritania | C122: Sub-indicator 4 | D122: Existence of institutional models for assessing and monitoring staffing needs for health service delivery (Yes/No) | E122: YES
A123: Mauritius | C123: Sub-indicator 1 | D123: Existence of institutional mechanisms or bodies to coordinate an intersectoral health workforce agenda (Yes/No)
A124: Mauritius | C124: Sub-indicator 2 | D124: Existence of mechanisms and models for health workforce planning (Yes/No)
A125: Mauritius | C125: Sub-indicator 3 | D125: Existence of national education plans for the health workforce, aligned with the national health plan and the national health workforce strategy/plan (Yes/No)
A126: Mauritius | C126: Sub-indicator 4 | D126: Existence of institutional models for assessing and monitoring staffing needs for health service delivery (Yes/No)
A127: Mozambique | C127: Sub-indicator 1 | D127: Existence of institutional mechanisms or bodies to coordinate an intersectoral health workforce agenda (Yes/No) | E127: YES
A128: Mozambique | C128: Sub-indicator 2 | D128: Existence of mechanisms and models for health workforce planning (Yes/No) | E128: YES
A129: Mozambique | C129: Sub-indicator 3 | D129: Existence of national education plans for the health workforce, aligned with the national health plan and the national health workforce strategy/plan (Yes/No) | E129: YES
...

Sheet G_Alignment of education
D1: Indicators | E1: 2-05 National education alignment to population health service needs
A2: Algeria | D2: Sub-indicator 1 | E2: Existence of national and/or subnational standards for social accountability in accreditation mechanisms (Yes/No/Partly)
A3: Algeria | D3: Sub-indicator 2 | E3: Existence of national and/or subnational standards for the social determinants of health in accreditation mechanisms (Yes/No/Partly)
A4: Algeria | D4: Sub-indicator 3 | E4: Existence of national and/or subnational standards for interprofessional education in accreditation mechanisms (Yes/No/Partly)
A5: Algeria | D5: Sub-indicator 4 | E5: Existence of cooperation between health workforce education and training institutions and regulatory bodies to agree on accreditation standards (Yes/No/Partly)
A6: Algeria | D6: Sub-indicator 5 | E6: Existence of national systems for continuing professional development (Yes/No/Partly)
A7: Algeria | D7: Sub-indicator 6 | E7: Existence of in-service training as an element of national education plans for the health workforce (Yes/No/Partly)
A8: Angola | D8: Sub-indicator 1 | E8: Existence of national and/or subnational standards for social accountability in accreditation mechanisms (Yes/No/Partly)
A9: Angola | D9: Sub-indicator 2 | E9: Existence of national and/or subnational standards for the social determinants of health in accreditation mechanisms (Yes/No/Partly)
A10: Angola | D10: Sub-indicator 3 | E10: Existence of national and/or subnational standards for interprofessional education in accreditation mechanisms (Yes/No/Partly)
A11: Angola | D11: Sub-indicator 4 | E11: Existence of cooperation between health workforce education and training institutions and regulatory bodies to agree on accreditation standards (Yes/No/Partly)
A12: Angola | D12: Sub-indicator 5 | E12: Existence of national systems for continuing professional development (Yes/No/Partly)
A13: Angola | D13: Sub-indicator 6 | E13: Existence of in-service training as an element of national education plans for the health workforce (Yes/No/Partly)
A14: Benin | D14: Sub-indicator 1 | E14: Existence of national and/or subnational standards for social accountability in accreditation mechanisms (Yes/No/Partly) | F14: YES
A15: Benin | D15: Sub-indicator 2 | E15: Existence of national and/or subnational standards for the social determinants of health in accreditation mechanisms (Yes/No/Partly) | F15: YES
A16: Benin | D16: Sub-indicator 3 | E16: Existence of national and/or subnational standards for interprofessional education in accreditation mechanisms (Yes/No/Partly)
A17: Benin | D17: Sub-indicator 4 | E17: Existence of cooperation between health workforce education and training institutions and regulatory bodies to agree on accreditation standards (Yes/No/Partly) | F17: YES
A18: Benin | D18: Sub-indicator 5 | E18: Existence of national systems for continuing professional development (Yes/No/Partly) | F18: YES
A19: Benin | D19: Sub-indicator 6 | E19: Existence of in-service training as an element of national education plans for the health workforce (Yes/No/Partly) | F19: YES
A20: Botswana | D20: Sub-indicator 1 | E20: Existence of national and/or subnational standards for social accountability in accreditation mechanisms (Yes/No/Partly) | F20: YES
A21: Botswana | D21: Sub-indicator 2 | E21: Existence of national and/or subnational standards for the social determinants of health in accreditation mechanisms (Yes/No/Partly) | F21: YES
A22: Botswana | D22: Sub-indicator 3 | E22: Existence of national and/or subnational standards for interprofessional education in accreditation mechanisms (Yes/No/Partly) | F22: YES
A23: Botswana | D23: Sub-indicator 4 | E23: Existence of cooperation between health workforce education and training institutions and regulatory bodies to agree on accreditation standards (Yes/No/Partly) | F23: YES
A24: Botswana | D24: Sub-indicator 5 | E24: Existence of national systems for continuing professional development (Yes/No/Partly) | F24: YES
A25: Botswana | D25: Sub-indicator 6 | E25: Existence of in-service training as an element of national education plans for the health workforce (Yes/No/Partly) | F25: YES
A26: Burkina Faso | D26: Sub-indicator 1 | E26: Existence of national and/or subnational standards for social accountability in accreditation mechanisms (Yes/No/Partly) | F26: YES
A27: Burkina Faso | D27: Sub-indicator 2 | E27: Existence of national and/or subnational standards for the social determinants of health in accreditation mechanisms (Yes/No/Partly) | F27: YES
A28: Burkina Faso | D28: Sub-indicator 3 | E28: Existence of national and/or subnational standards for interprofessional education in accreditation mechanisms (Yes/No/Partly) | F28: YES
... A31: Burkina Faso | D31: Sub-indicator 6 | E31: Existence of in-service training as an element of national education plans for the health workforce (Yes/No/Partly) | F31: YES
A32: Burundi | D32: Sub-indicator 1 | E32: Existence of national and/or subnational standards for social accountability in accreditation mechanisms (Yes/No/Partly)
A33: Burundi | D33: Sub-indicator 2 | E33: Existence of national and/or subnational standards for the social determinants of health in accreditation mechanisms (Yes/No/Partly)
A34: Burundi | D34: Sub-indicator 3 | E34: Existence of national and/or subnational standards for interprofessional education in accreditation mechanisms (Yes/No/Partly)
A35: Burundi | D35: Sub-indicator 4 | E35: Existence of cooperation between health workforce education and training institutions and regulatory bodies to agree on accreditation standards (Yes/No/Partly)
A36: Burundi | D36: Sub-indicator 5 | E36: Existence of national systems for continuing professional development (Yes/No/Partly)
A37: Burundi | D37: Sub-indicator 6 | E37: Existence of in-service training as an element of national education plans for the health workforce (Yes/No/Partly)
A38: Cabo verde | D38: Sub-indicator 1 | E38: Existence of national and/or subnational standards for social accountability in accreditation mechanisms (Yes/No/Partly)
A39: Cabo verde | D39: Sub-indicator 2 | E39: Existence of national and/or subnational standards for the social determinants of health in accreditation mechanisms (Yes/No/Partly)
A40: Cabo verde | D40: Sub-indicator 3 | E40: Existence of national and/or subnational standards for interprofessional education in accreditation mechanisms (Yes/No/Partly)
A41: Cabo verde | D41: Sub-indicator 4 | E41: Existence of cooperation between health workforce education and training institutions and regulatory bodies to agree on accreditation standards (Yes/No/Partly)
A42: Cabo verde | D42: Sub-indicator 5 | E42: Existence of national systems for continuing professional development (Yes/No/Partly)
A43: Cabo verde | D43: Sub-indicator 6 | E43: Existence of in-service training as an element of national education plans for the health workforce (Yes/No/Partly)
A44: Cameroon | D44: Sub-indicator 1 | E44: Existence of national and/or subnational standards for social accountability in accreditation mechanisms (Yes/No/Partly) | F44: NO
A45: Cameroon | D45: Sub-indicator 2 | E45: Existence of national and/or subnational standards for the social determinants of health in accreditation mechanisms (Yes/No/Partly) | F45: NO
A46: Cameroon | D46: Sub-indicator 3 | E46: Existence of national and/or subnational standards for interprofessional education in accreditation mechanisms (Yes/No/Partly) | F46: YES
A47: Cameroon | D47: Sub-indicator 4 | E47: Existence of cooperation between health workforce education and training institutions and regulatory bodies to agree on accreditation standards (Yes/No/Partly) | F47: YES
A48: Cameroon | D48: Sub-indicator 5 | E48: Existence of national systems for continuing professional development (Yes/No/Partly) | F48: YES
A49: Cameroon | D49: Sub-indicator 6 | E49: Existence of in-service training as an element of national education plans for the health workforce (Yes/No/Partly) | F49: NO
A50: Central African republic | D50: Sub-indicator 1 | E50: Existence of national and/or subnational standards for social accountability in accreditation mechanisms (Yes/No/Partly)
A51: Central African republic | D51: Sub-indicator 2 | E51: Existence of national and/or subnational standards for the social determinants of health in accreditation mechanisms (Yes/No/Partly)
A52: Central African republic | D52: Sub-indicator 3 | E52: Existence of national and/or subnational standards for interprofessional education in accreditation mechanisms (Yes/No/Partly)
A53: Central African republic | D53: Sub-indicator 4 | E53: Existence of cooperation between health workforce education and training institutions and regulatory bodies to agree on accreditation standards (Yes/No/Partly)
A54: Central African republic | D54: Sub-indicator 5 | E54: Existence of national systems for continuing professional development (Yes/No/Partly)
A55: Central African republic | D55: Sub-indicator 6 | E55: Existence of in-service training as an element of national education plans for the health workforce (Yes/No/Partly)
A56: Chad | D56: Sub-indicator 1 | E56: Existence of national and/or subnational standards for social accountability in accreditation mechanisms (Yes/No/Partly) | F56: YES
A57: Chad | D57: Sub-indicator 2 | E57: Existence of national and/or subnational standards for the social determinants of health in accreditation mechanisms (Yes/No/Partly) | F57: YES
A58: Chad | D58: Sub-indicator 3 | E58: Existence of national and/or subnational standards for interprofessional education in accreditation mechanisms (Yes/No/Partly) | F58: YES
A59: Chad | D59: Sub-indicator 4 | E59: Existence of cooperation between health workforce education and training institutions and regulatory bodies to agree on accreditation standards (Yes/No/Partly) | F59: YES
A60: Chad | D60: Sub-indicator 5 | E60: Existence of national systems for continuing professional development (Yes/No/Partly) | F60: YES
A61: Chad | D61: Sub-indicator 6 | E61: Existence of in-service training as an element of national education plans for the health workforce (Yes/No/Partly) | F61: YES
A62: Comoros | D62: Sub-indicator 1 | E62: Existence of national and/or subnational standards for social accountability in accreditation mechanisms (Yes/No/Partly)
A63: Comoros | D63: Sub-indicator 2 | E63: Existence of national and/or subnational standards for the social determinants of health in accreditation mechanisms (Yes/No/Partly)
A64: Comoros | D64: Sub-indicator 3 | E64: Existence of national and/or subnational standards for interprofessional education in accreditation mechanisms (Yes/No/Partly)
A65: Comoros | D65: Sub-indicator 4 | E65: Existence of cooperation between health workforce education and training institutions and regulatory bodies to agree on accreditation standards (Yes/No/Partly)
A66: Comoros | D66: Sub-indicator 5 | E66: Existence of national systems for continuing professional development (Yes/No/Partly)
A67: Comoros | D67: Sub-indicator 6 | E67: Existence of in-service training as an element of national education plans for the health workforce (Yes/No/Partly)
A68: Congo | D68: Sub-indicator 1 | E68: Existence of national and/or subnational standards for social accountability in accreditation mechanisms (Yes/No/Partly) | F68: NO
A69: Congo | D69: Sub-indicator 2 | E69: Existence of national and/or subnational standards for the social determinants of health in accreditation mechanisms (Yes/No/Partly) | F69: NO
A70: Congo | D70: Sub-indicator 3 | E70: Existence of national and/or subnational standards for interprofessional education in accreditation mechanisms (Yes/No/Partly) | F70: YES
A71: Congo | D71: Sub-indicator 4 | E71: Existence of cooperation between health workforce education and training institutions and regulatory bodies to agree on accreditation standards (Yes/No/Partly) | F71: NO
A72: Congo | D72: Sub-indicator 5 | E72: Existence of national systems for continuing professional development (Yes/No/Partly) | F72: NO
A73: Congo | D73: Sub-indicator 6 | E73: Existence of in-service training as an element of national education plans for the health workforce (Yes/No/Partly) | F73: NO
A74: Cote d'Ivoire | D74: Sub-indicator 1 | E74: Existence of national and/or subnational standards for social accountability in accreditation mechanisms (Yes/No/Partly)
A75: Cote d'Ivoire | D75: Sub-indicator 2 | E75: Existence of national and/or subnational standards for the social determinants of health in accreditation mechanisms (Yes/No/Partly)
A76: Cote d'Ivoire | D76: Sub-indicator 3 | E76: Existence of national and/or subnational standards for interprofessional education in accreditation mechanisms (Yes/No/Partly)
A77: Cote d'Ivoire | D77: Sub-indicator 4 | E77: Existence of cooperation between health workforce education and training institutions and regulatory bodies to agree on accreditation standards (Yes/No/Partly)
A78: Cote d'Ivoire | D78: Sub-indicator 5 | E78: Existence of national systems for continuing professional development (Yes/No/Partly)
A79: Cote d'Ivoire | D79: Sub-indicator 6 | E79: Existence of in-service training as an element of national education plans for the health workforce (Yes/No/Partly)
A80: Democratic Reepublic of Congo | D80: Sub-indicator 1 | E80: Existence of national and/or subnational standards for social accountability in accreditation mechanisms (Yes/No/Partly)
A81: Democratic Reepublic of Congo | D81: Sub-indicator 2 | E81: Existence of national and/or subnational standards for the social determinants of health in accreditation mechanisms (Yes/No/Partly)
A82: Democratic Reepublic of Congo | D82: Sub-indicator 3 | E82: Existence of national and/or subnational standards for interprofessional education in accreditation mechanisms (Yes/No/Partly)
A83: Democratic Reepublic of Congo | D83: Sub-indicator 4 | E83: Existence of cooperation between health workforce education and training institutions and regulatory bodies to agree on accreditation standards (Yes/No/Partly) | F83: YES
A84: Democratic Reepublic of Congo | D84: Sub-indicator 5 | E84: Existence of national systems for continuing professional development (Yes/No/Partly) | F84: YES
A85: Democratic Reepublic of Congo | D85: Sub-indicator 6 | E85: Existence of in-service training as an element of national education plans for the health workforce (Yes/No/Partly) | F85: YES
A86: Equatorial Guinea | D86: Sub-indicator 1 | E86: Existence of national and/or subnational standards for social accountability in accreditation mechanisms (Yes/No/Partly)
A87: Equatorial Guinea | D87: Sub-indicator 2 | E87: Existence of national and/or subnational standards for the social determinants of health in accreditation mechanisms (Yes/No/Partly)
A88: Equatorial Guinea | D88: Sub-indicator 3 | E88: Existence of national and/or subnational standards for interprofessional education in accreditation mechanisms (Yes/No/Partly)
A89: Equatorial Guinea | D89: Sub-indicator 4 | E89: Existence of cooperation between health workforce education and training institutions and regulatory bodies to agree on accreditation standards (Yes/No/Partly)
A90: Equatorial Guinea | D90: Sub-indicator 5 | E90: Existence of national systems for continuing professional development (Yes/No/Partly)
A91: Equatorial Guinea | D91: Sub-indicator 6 | E91: Existence of in-service training as an element of national education plans for the health workforce (Yes/No/Partly)
A92: Eritrea | D92: Sub-indicator 1 | E92: Existence of national and/or subnational standards for social accountability in accreditation mechanisms (Yes/No/Partly) | F92: PARTLY
A93: Eritrea | D93: Sub-indicator 2 | E93: Existence of national and/or subnational standards for the social determinants of health in accreditation mechanisms (Yes/No/Partly) | F93: NO
A94: Eritrea | D94: Sub-indicator 3 | E94: Existence of national and/or subnational standards for interprofessional education in accreditation mechanisms (Yes/No/Partly) | F94: PARTLY
A95: Eritrea | D95: Sub-indicator 4 | E95: Existence of cooperation between health workforce education and training institutions and regulatory bodies to agree on accreditation standards (Yes/No/Partly) | F95: PARTLY
A96: Eritrea | D96: Sub-indicator 5 | E96: Existence of national systems for continuing professional development (Yes/No/Partly) | F96: YES
A97: Eritrea | D97: Sub-indicator 6 | E97: Existence of in-service training as an element of national education plans for the health workforce (Yes/No/Partly) | F97: YES
A98: Eswatini | D98: Sub-indicator 1 | E98: Existence of national and/or subnational standards for social accountability in accreditation mechanisms (Yes/No/Partly) | F98: PARTLY
A99: Eswatini | D99: Sub-indicator 2 | E99: Existence of national and/or subnational standards for the social determinants of health in accreditation mechanisms (Yes/No/Partly) | F99: PARTLY
A100: Eswatini | D100: Sub-indicator 3 | E100: Existence of national and/or subnational standards for interprofessional education in accreditation mechanisms (Yes/No/Partly) | F100: YES
A101: Eswatini | D101: Sub-indicator 4 | E101: Existence of cooperation between health workforce education and training institutions and regulatory bodies to agree on accreditation standards (Yes/No/Partly) | F101: YES
A102: Eswatini | D102: Sub-indicator 5 | E102: Existence of national systems for continuing professional development (Yes/No/Partly) | F102: YES
...
