Workbook

Sheet HWF density
A1: Country | B1: Density of Doctors, Nurses and Midwives per 1,000 in 2005 | C1: Density of Doctors, Nurses and Midwives per 1,000 in 2013 | D1: Density of Doctors, Nurses and Midwives per 1,000 in 2021 | E1: SDG threshold | F1: MDG threshold | G1: Density of Doctors, Nurses and Midwives per 10,000 in 2005 | H1: Density of Doctors, Nurses and Midwives per 10,000 in 2013 | I1: Density of Doctors, Nurses and Midwives per 10,000 in 2021
A2: Niger | B2: =G2/10 -> 0.22855928 | C2: =H2/10 -> 0.284 | D2: =I2/10 -> 0.26 | E2: 4.45 | F2: 2.28 | G2: 2.2855928 | H2: 2.84 | I2: 2.6
A3: Equatorial Guinea | B3: =G3/10 -> 0.5656901 | C3: =H3/10 -> 0.513 | D3: =I3/10 -> 0.27 | E3: 4.45 | F3: 2.28 | G3: 5.656901 | H3: 5.13 | I3: 2.7
A4: Central African Republic | B4: =G4/10 -> 0.48138115 | C4: =H4/10 -> 0.472 | D4: =I4/10 -> 0.301 | E4: 4.45 | F4: 2.28 | G4: 4.8138115 | H4: 4.72 | I4: 3.01
A5: South Sudan | B5: =G5/10 -> 0 | C5: =H5/10 -> 0 | D5: =I5/10 -> 0.398 | E5: 4.45 | F5: 2.28 | I5: 3.98
A6: Chad | B6: =G6/10 -> 0.28167814 | C6: =H6/10 -> 0.353 | D6: =I6/10 -> 0.411 | E6: 4.45 | F6: 2.28 | G6: 2.8167814 | H6: 3.53 | I6: 4.11
A7: Benin | B7: =G7/10 -> 0.76419814 | C7: =H7/10 -> 0.88 | D7: =I7/10 -> 0.45 | E7: 4.45 | F7: 2.28 | G7: 7.6419814 | H7: 8.8 | I7: 4.5
A8: Madagascar | B8: =G8/10 -> 0.59236324 | C8: =H8/10 -> 0.532 | D8: =I8/10 -> 0.487 | E8: 4.45 | F8: 2.28 | G8: 5.9236324 | H8: 5.32 | I8: 4.87
A9: Mali | B9: =G9/10 -> 0.73507834 | C9: =H9/10 -> 0.772 | D9: =I9/10 -> 0.545 | E9: 4.45 | F9: 2.28 | G9: 7.3507834 | H9: 7.72 | I9: 5.45
A10: Togo | B10: =G10/10 -> 0.38527041 | C10: =H10/10 -> 0.522 | D10: =I10/10 -> 0.578 | E10: 4.45 | F10: 2.28 | G10: 3.8527041 | H10: 5.22 | I10: 5.78
A11: United Republic of Tanzania | B11: =G11/10 -> 0.36707104 | C11: =H11/10 -> 0.537 | D11: =I11/10 -> 0.6 | E11: 4.45 | F11: 2.28 | G11: 3.6707104 | H11: 5.37 | I11: 6
A12: Cameroon | B12: =G12/10 -> 1.6446923 | C12: =H12/10 -> 1.743 | D12: =I12/10 -> 0.61 | E12: 4.45 | F12: 2.28 | G12: 16.446923 | H12: 17.43 | I12: 6.1
A13: Angola | B13: =G13/10 -> 1.0111351 | C13: =H13/10 -> 1.447 | D13: =I13/10 -> 0.612 | E13: 4.45 | F13: 2.28 | G13: 10.111351 | H13: 14.47 | I13: 6.12
A14: Senegal | B14: =G14/10 -> 0.34995103 | C14: =H14/10 -> 0.727 | D14: =I14/10 -> 0.64 | E14: 4.45 | F14: 2.28 | G14: 3.4995103 | H14: 7.27 | I14: 6.4
A15: Mozambique | B15: =G15/10 -> 0.32677973 | C15: =H15/10 -> 0.491 | D15: =I15/10 -> 0.653 | E15: 4.45 | F15: 2.28 | G15: 3.2677973 | H15: 4.91 | I15: 6.53
A16: Guinea | B16: =G16/10 -> 0.59223335 | C16: =H16/10 -> 0.608 | D16: =I16/10 -> 0.795 | E16: 4.45 | F16: 2.28 | G16: 5.9223335 | H16: 6.08 | I16: 7.95
A17: Malawi | B17: =G17/10 -> 0.59639077 | C17: =H17/10 -> 0.609 | D17: =I17/10 -> 0.85 | E17: 4.45 | F17: 2.28 | G17: 5.9639077 | H17: 6.09 | I17: 8.5
... A48: Seychelles | B48: =G48/10 -> 8.5164463 | C48: =H48/10 -> 8.912 | D48: =I48/10 -> 11.552 | E48: 4.45 | F48: 2.28 | G48: 85.164463 | H48: 89.12 | I48: 115.52
A49: AFRO HWF Density | B49: =G49/10 -> 1.5315264 | C49: =H49/10 -> 1.775 | D49: =I49/10 -> 1.9624681 | E49: 4.45 | F49: 2.28 | G49: =AVERAGEIF(G2:G48,">0") -> 15.315264 | H49: =AVERAGEIF(H2:H48,">0") -> 17.75 | I49: =AVERAGEIF(I2:I48,">0") -> 19.624681

Sheet HWF density (2)
A1: Country | B1: Density of Doctors, Nurses and Midwives per 10,000 in 2005 | C1: Density of Doctors, Nurses and Midwives per 10,000 2013 | D1: Density of Doctors, Nurses and Midwives per 10,000 in 2021 | E1: Percentage chage | F1: Compound annual growth rate
A2: Seychelles | B2: 85.164463 | C2: 89.12 | D2: 115.52 | E2: =((D2-B2)/B2)*100 -> 35.643431 | F2: =((D2/B2)^(1/16))-1 -> 0.019236395
A3: Mauritius | B3: 48.338393 | C3: 52.67 | D3: 65.07 | E3: =((D3-B3)/B3)*100 -> 34.613494 | F3: =((D3/B3)^(1/16))-1 -> 0.018750975
A4: South Africa | B4: 45.79893 | C4: 45.16 | D4: 58.22 | E4: =((D4-B4)/B4)*100 -> 27.120875 | F4: =((D4/B4)^(1/16))-1 -> 0.015111048
A5: Botswana | B5: 30.393363 | C5: 40 | D5: 53.65 | E5: =((D5-B5)/B5)*100 -> 76.518802 | F5: =((D5/B5)^(1/16))-1 -> 0.036154305
A6: Ghana | B6: 10.500742 | C6: 15.59 | D6: 47.33 | E6: =((D6-B6)/B6)*100 -> 350.73003 | F6: =((D6/B6)^(1/16))-1 -> 0.098676363
A7: Eswatini | B7: 67.913543 | C7: 65.79 | D7: 42.95 | E7: =((D7-B7)/B7)*100 -> -36.757828 | F7: =((D7/B7)^(1/16))-1 -> -0.028231262
A8: Gabon | B8: 52.99342 | C8: 50.62 | D8: 36.89 | E8: =((D8-B8)/B8)*100 -> -30.387584 | F8: =((D8/B8)^(1/16))-1 -> -0.022384859
A9: Lesotho | B9: 6.0717945 | C9: 7.25 | D9: 35.78 | E9: =((D9-B9)/B9)*100 -> 489.28213 | F9: =((D9/B9)^(1/16))-1 -> 0.11723673
A10: Algeria | B10: 31.70977 | C10: 34.11 | D10: 32.9 | E10: =((D10-B10)/B10)*100 -> 3.7535116 | F10: =((D10/B10)^(1/16))-1 -> 0.0023056426
A11: Zimbabwe | B11: 9.4752729 | C11: 15.53 | D11: 26.46 | E11: =((D11-B11)/B11)*100 -> 179.25317 | F11: =((D11/B11)^(1/16))-1 -> 0.066288885
A12: Sao Tome and Principe | B12: 24.702804 | C12: 24.67 | D12: 26.42 | E12: =((D12-B12)/B12)*100 -> 6.9514201 | F12: =((D12/B12)^(1/16))-1 -> 0.0042091165
A13: Namibia | B13: 34.787929 | C13: 35.53 | D13: 25.9 | E13: =((D13-B13)/B13)*100 -> -25.548889 | F13: =((D13/B13)^(1/16))-1 -> -0.018270256
... A31: Sierra Leone | B31: 4.732865 | C31: 12.21 | D31: 8.96 | E31: =((D31-B31)/B31)*100 -> 89.314505 | F31: =((D31/B31)^(1/16))-1 -> 0.040696259
A32: AFRO HWF Density | B32: =AVERAGEIF(B1:B31,">0") -> 20.432929 | C32: =AVERAGEIF(C1:C31,">0") -> 23.608333 | D32: =AVERAGEIF(D1:D31,">0") -> 27.634 | E32: =((D32-B32)/B32)*100 -> 35.242479 | F32: =((D32/B32)^(1/16))-1 -> 0.019047834
A33: Ethiopia | B33: 2.2895671 | C33: 3.35 | D33: 8.74 | E33: =((D33-B33)/B33)*100 -> 281.73155 | F33: =((D33/B33)^(1/16))-1 -> 0.087326264
A34: Malawi | B34: 5.9639077 | C34: 6.09 | D34: 8.5 | E34: =((D34-B34)/B34)*100 -> 42.524004 | F34: =((D34/B34)^(1/16))-1 -> 0.022393314
A35: Guinea | B35: 5.9223335 | C35: 6.08 | D35: 7.95 | E35: =((D35-B35)/B35)*100 -> 34.237629 | F35: =((D35/B35)^(1/16))-1 -> 0.018572958
A36: Mozambique | B36: 3.2677973 | C36: 4.91 | D36: 6.53 | E36: =((D36-B36)/B36)*100 -> 99.828794 | F36: =((D36/B36)^(1/16))-1 -> 0.044217889
A37: Senegal | B37: 3.4995103 | C37: 7.27 | D37: 6.4 | E37: =((D37-B37)/B37)*100 -> 82.882729 | F37: =((D37/B37)^(1/16))-1 -> 0.038450485
A38: Angola | B38: 10.111351 | C38: 14.47 | D38: 6.12 | E38: =((D38-B38)/B38)*100 -> -39.473966 | F38: =((D38/B38)^(1/16))-1 -> -0.030893763
A39: Cameroon | B39: 16.446923 | C39: 17.43 | D39: 6.1 | E39: =((D39-B39)/B39)*100 -> -62.910996 | F39: =((D39/B39)^(1/16))-1 -> -0.060108281
A40: United Republic of Tanzania | B40: 3.6707104 | C40: 5.37 | D40: 6 | E40: =((D40-B40)/B40)*100 -> 63.456099 | F40: =((D40/B40)^(1/16))-1 -> 0.031187336
A41: Togo | B41: 3.8527041 | C41: 5.22 | D41: 5.78 | E41: =((D41-B41)/B41)*100 -> 50.024498 | F41: =((D41/B41)^(1/16))-1 -> 0.025675865
A42: Mali | B42: 7.3507834 | C42: 7.72 | D42: 5.45 | E42: =((D42-B42)/B42)*100 -> -25.858243 | F42: =((D42/B42)^(1/16))-1 -> -0.018525705
A43: Madagascar | B43: 5.9236324 | C43: 5.32 | D43: 4.87 | E43: =((D43-B43)/B43)*100 -> -17.78693 | F43: =((D43/B43)^(1/16))-1 -> -0.012166378
A44: Benin | B44: 7.6419814 | C44: 8.8 | D44: 4.5 | E44: =((D44-B44)/B44)*100 -> -41.114748 | F44: =((D44/B44)^(1/16))-1 -> -0.032556951
A45: Chad | B45: 2.8167814 | C45: 3.53 | D45: 4.11 | E45: =((D45-B45)/B45)*100 -> 45.911214 | F45: =((D45/B45)^(1/16))-1 -> 0.023895282
A46: South Sudan | D46: 3.98
A47: Central African Republic | B47: 4.8138115 | C47: 4.72 | D47: 3.01 | E47: =((D47-B47)/B47)*100 -> -37.471585 | F47: =((D47/B47)^(1/16))-1 -> -0.028920382
A48: Equatorial Guinea | B48: 5.656901 | C48: 5.13 | D48: 2.7 | E48: =((D48-B48)/B48)*100 -> -52.270686 | F48: =((D48/B48)^(1/16))-1 -> -0.045174356
A49: Niger | B49: 2.2855928 | C49: 2.84 | D49: 2.6 | E49: =((D49-B49)/B49)*100 -> 13.756045 | F49: =((D49/B49)^(1/16))-1 -> 0.0080879076

Sheet Sheet1
A1: Country | B1: Density of Doctors, Nurses and Midwives per 10,000 in 2005 | C1: Density of Doctors, Nurses and Midwives per 10,000 2013 | D1: Density of Doctors, Nurses and Midwives per 10,000 in 2021
A2: AFRO HWF Density | B2: 20.432929 | C2: 23.608333 | D2: 27.634
A3: Algeria | B3: 31.70977 | C3: 34.11 | D3: 32.9
A4: Angola | B4: 10.111351 | C4: 14.47 | D4: 6.12
A5: Benin | B5: 7.6419814 | C5: 8.8 | D5: 4.5
A6: Botswana | B6: 30.393363 | C6: 40 | D6: 53.65
A7: Burkina Faso | B7: 4.0967873 | C7: 6.78 | D7: 9.9
A8: Burundi | B8: 2.1018738 | C8: 7.2 | D8: 9.02
A9: Cameroon | B9: 16.446923 | C9: 17.43 | D9: 6.1
A10: Cape Verde | B10: 13.843476 | C10: 16.12 | D10: 20.27
A11: Central African Republic | B11: 4.8138115 | C11: 4.72 | D11: 3.01
A12: Chad | B12: 2.8167814 | C12: 3.53 | D12: 4.11
A13: Comoros | B13: 11.493971 | C13: 20.01 | D13: 18.73
... A43: South Africa | B43: 45.79893 | C43: 45.16 | D43: 58.22
A44: South Sudan | D44: 3.98
A45: Togo | B45: 3.8527041 | C45: 5.22 | D45: 5.78
A46: Uganda | B46: 7.7783344 | C46: 16.64 | D46: 22.18
A47: United Republic of Tanzania | B47: 3.6707104 | C47: 5.37 | D47: 6
A48: Zambia | B48: 19.630163 | C48: 8.72 | D48: 21.59
A49: Zimbabwe | B49: 9.4752729 | C49: 15.53 | D49: 26.46

Sheet Sheet3
A1: Algeria | B1: AFRO | C1: Lower-Middle-Income Economies
A2: Angola | B2: AFRO | C2: Lower-Middle-Income Economies
A3: Benin | B3: AFRO | C3: Lower-Middle-Income Economies
A4: Botswana | B4: AFRO | C4: Upper-Middle-Income Economies
A5: Burkina Faso | B5: AFRO | C5: Low-Income Economies
A6: Burundi | B6: AFRO | C6: Low-Income Economies
A7: Cape Verde | B7: AFRO | C7: Lower-Middle-Income Economies
A8: Cameroon | B8: AFRO | C8: Lower-Middle-Income Economies
A9: Central African Republic | B9: AFRO | C9: Low-Income Economies
A10: Chad | B10: AFRO | C10: Low-Income Economies
A11: Comoros | B11: AFRO | C11: Lower-Middle-Income Economies
A12: Congo | B12: AFRO | C12: Lower-Middle-Income Economies
... A47: Zimbabwe | B47: AFRO | C47: Lower-Middle-Income Economies

Sheet Sheet5
A3: Row Labels | B3: Average of Density of Doctors, Nurses and Midwives per 10,000 in 2005 | C3: Average of Density of Doctors, Nurses and Midwives per 10,000 in 2021 | D3: Average of Density of Doctors, Nurses and Midwives per 10,000 2013
A4: 0 | B4: 10.376532 | C4: 13.464375 | D4: 13.268065
A5: 1 | B5: 25.521978 | C5: 32.766667 | D5: 27.012667
A6: Grand Total | B6: 15.315264 | C6: 19.624681 | D6: 17.75

Sheet HRH with economic blocks
A1: Income group | B1: Average of Density of Doctors, Nurses and Midwives per 10,000 in 2005 | C1: Average of Density of Doctors, Nurses and Midwives per 10,000 in 2013 | D1: Average of Density of Doctors, Nurses and Midwives per 10,000 in 2021 | E1: Compound annual growth
A2: Upper-Middle-Income Economies | B2: 33.926109 | C2: 35.288 | D2: 35.472 | E2: =(((D2/B2)^(1/16))-1) -> 0.0027888048
A3: Lower-Middle-Income Economies | B3: 15.342991 | C3: 17.885263 | D3: 19.340526 | E3: =(((D3/B3)^(1/16))-1) -> 0.014576716
A4: High-Income Economies | B4: 66.751428 | C4: 70.895 | D4: 90.295 | E4: =(((D4/B4)^(1/16))-1) -> 0.019061035
A5: Low-Income Economies | B5: 5.492597 | C5: 7.9225 | D5: 9.3780952 | E5: =(((D5/B5)^(1/16))-1) -> 0.034001232
A6: AFRO HWF Density | B6: 15.315264 | C6: 17.75 | D6: 19.624681 | E6: =(((D6/B6)^(1/16))-1) -> 0.015616812
A39: Block | B39: Average of Density of Doctors, Nurses and Midwives per 10,000 in 2005 | C39: Average of Density of Doctors, Nurses and Midwives per 10,000 in 2013 | D39: Average of Density of Doctors, Nurses and Midwives per 10,000 in 2021 | I39: Average of Density of Doctors, Nurses and Midwives per 10,000 in 2005 | J39: Average of Density of Doctors, Nurses and Midwives per 10,000 in 2013 | K39: Average of Density of Doctors, Nurses and Midwives per 10,000 in 2021
A40: ECCAS | B40: 13.818496 | C40: 15.898 | D40: 11.905 | G40: =(((D40/B40)^(1/16))-1) -> -0.0092723365
A41: UMA | B41: 19.502133 | C41: 21.975 | D41: 22.18 | G41: =(((D41/B41)^(1/16))-1) -> 0.0080741174
A42: SADC | B42: 25.521978 | C42: 27.012667 | D42: 32.766667 | G42: =(((D42/B42)^(1/16))-1) -> 0.015739569
A43: COMESA | B43: 19.838425 | C43: 22.522667 | D43: 26.710667 | G43: =(((D43/B43)^(1/16))-1) -> 0.018764013
A44: CEN-SAD | B44: 8.4481317 | C44: 11.216818 | D44: 12.946364 | G44: =(((D44/B44)^(1/16))-1) -> 0.027038432
A45: ECOWAS | B45: 7.6110886 | C45: 10.264667 | D45: 12.772667 | G45: =(((D45/B45)^(1/16))-1) -> 0.032885487
A46: IGAD | B46: 7.6596517 | C46: 12.505 | D46: 12.88 | G46: =(((D46/B46)^(1/16))-1) -> 0.033015119
A47: EAC | B47: 5.9052482 | C47: 10.441667 | D47: 11.851429 | G47: =(((D47/B47)^(1/16))-1) -> 0.044499615
A48: AFRO HWF Density | B48: 15.315264 | C48: 17.75 | D48: 19.624681 | G48: =(((D48/B48)^(1/16))-1) -> 0.015616812

Sheet HWF density (3)
A1: Country | B1: Density of Doctors, Nurses and Midwives per 10,000 in 2005 | C1: Density of Doctors, Nurses and Midwives per 10,000 2013 | D1: Density of Doctors, Nurses and Midwives per 10,000 in 2021 | E1: Income | F1: COMESA | G1: UMA | H1: ECCAS | I1: CEN-SAD | J1: EAC | K1: IGAD | L1: ECOWAS | M1: SADC
A2: Algeria | B2: 31.70977 | C2: 34.11 | D2: 32.9 | E2: =VLOOKUP(A2,Sheet3!A$1:C$47,3,FALSE) -> Lower-Middle-Income Economies | F2: 0 | G2: 1 | H2: 0 | I2: 0 | J2: 0 | K2: 0 | L2: 0 | M2: 0
A3: Angola | B3: 10.111351 | C3: 14.47 | D3: 6.12 | E3: =VLOOKUP(A3,Sheet3!A$1:C$47,3,FALSE) -> Lower-Middle-Income Economies | F3: 0 | G3: 0 | H3: 1 | I3: 0 | J3: 0 | K3: 0 | L3: 0 | M3: 1
A4: Benin | B4: 7.6419814 | C4: 8.8 | D4: 4.5 | E4: =VLOOKUP(A4,Sheet3!A$1:C$47,3,FALSE) -> Lower-Middle-Income Economies | F4: 0 | G4: 0 | H4: 0 | I4: 1 | J4: 0 | K4: 0 | L4: 1 | M4: 0
A5: Botswana | B5: 30.393363 | C5: 40 | D5: 53.65 | E5: =VLOOKUP(A5,Sheet3!A$1:C$47,3,FALSE) -> Upper-Middle-Income Economies | F5: 0 | G5: 0 | H5: 0 | I5: 0 | J5: 0 | K5: 0 | L5: 0 | M5: 1
A6: Burkina Faso | B6: 4.0967873 | C6: 6.78 | D6: 9.9 | E6: =VLOOKUP(A6,Sheet3!A$1:C$47,3,FALSE) -> Low-Income Economies | F6: 0 | G6: 0 | H6: 0 | I6: 1 | J6: 0 | K6: 0 | L6: 1 | M6: 0
A7: Burundi | B7: 2.1018738 | C7: 7.2 | D7: 9.02 | E7: =VLOOKUP(A7,Sheet3!A$1:C$47,3,FALSE) -> Low-Income Economies | F7: 1 | G7: 0 | H7: 1 | I7: 0 | J7: 1 | K7: 0 | L7: 0 | M7: 0
A8: Cameroon | B8: 16.446923 | C8: 17.43 | D8: 6.1 | E8: =VLOOKUP(A8,Sheet3!A$1:C$47,3,FALSE) -> Lower-Middle-Income Economies | F8: 0 | G8: 0 | H8: 1 | I8: 0 | J8: 0 | K8: 0 | L8: 0 | M8: 0
A9: Cape Verde | B9: 13.843476 | C9: 16.12 | D9: 20.27 | E9: =VLOOKUP(A9,Sheet3!A$1:C$47,3,FALSE) -> Lower-Middle-Income Economies | F9: 0 | G9: 0 | H9: 0 | I9: 1 | J9: 0 | K9: 0 | L9: 1 | M9: 0
A10: Central African Republic | B10: 4.8138115 | C10: 4.72 | D10: 3.01 | E10: =VLOOKUP(A10,Sheet3!A$1:C$47,3,FALSE) -> Low-Income Economies | F10: 0 | G10: 0 | H10: 1 | I10: 1 | J10: 0 | K10: 0 | L10: 0 | M10: 0
A11: Chad | B11: 2.8167814 | C11: 3.53 | D11: 4.11 | E11: =VLOOKUP(A11,Sheet3!A$1:C$47,3,FALSE) -> Low-Income Economies | F11: 0 | G11: 0 | H11: 1 | I11: 1 | J11: 0 | K11: 0 | L11: 0 | M11: 0
A12: Comoros | B12: 11.493971 | C12: 20.01 | D12: 18.73 | E12: =VLOOKUP(A12,Sheet3!A$1:C$47,3,FALSE) -> Lower-Middle-Income Economies | F12: 1 | G12: 0 | H12: 0 | I12: 1 | J12: 0 | K12: 0 | L12: 0 | M12: 0
A13: Congo | B13: 12.222675 | C13: 21.95 | D13: 10.34 | E13: =VLOOKUP(A13,Sheet3!A$1:C$47,3,FALSE) -> Lower-Middle-Income Economies | F13: 0 | G13: 0 | H13: 1 | I13: 0 | J13: 0 | K13: 0 | L13: 0 | M13: 0
... A42: South Africa | B42: 45.79893 | C42: 45.16 | D42: 58.22 | E42: =VLOOKUP(A42,Sheet3!A$1:C$47,3,FALSE) -> Upper-Middle-Income Economies | F42: 0 | G42: 0 | H42: 0 | I42: 0 | J42: 0 | K42: 0 | L42: 0 | M42: 1
A43: South Sudan | D43: 3.98 | E43: =VLOOKUP(A43,Sheet3!A$1:C$47,3,FALSE) -> Low-Income Economies | F43: 0 | G43: 0 | H43: 0 | I43: 0 | J43: 1 | K43: 1 | L43: 0 | M43: 0
A44: Togo | B44: 3.8527041 | C44: 5.22 | D44: 5.78 | E44: =VLOOKUP(A44,Sheet3!A$1:C$47,3,FALSE) -> Low-Income Economies | F44: 0 | G44: 0 | H44: 0 | I44: 1 | J44: 0 | K44: 0 | L44: 1 | M44: 0
A45: Uganda | B45: 7.7783344 | C45: 16.64 | D45: 22.18 | E45: =VLOOKUP(A45,Sheet3!A$1:C$47,3,FALSE) -> Low-Income Economies | F45: 1 | G45: 0 | H45: 0 | I45: 0 | J45: 1 | K45: 1 | L45: 0 | M45: 0
A46: United Republic of Tanzania | B46: 3.6707104 | C46: 5.37 | D46: 6 | E46: =VLOOKUP(A46,Sheet3!A$1:C$47,3,FALSE) -> Lower-Middle-Income Economies | F46: 0 | G46: 0 | H46: 0 | I46: 0 | J46: 1 | K46: 0 | L46: 0 | M46: 1
A47: Zambia | B47: 19.630163 | C47: 8.72 | D47: 21.59 | E47: =VLOOKUP(A47,Sheet3!A$1:C$47,3,FALSE) -> Lower-Middle-Income Economies | F47: 1 | G47: 0 | H47: 0 | I47: 0 | J47: 0 | K47: 0 | L47: 0 | M47: 1
A48: Zimbabwe | B48: 9.4752729 | C48: 15.53 | D48: 26.46 | E48: =VLOOKUP(A48,Sheet3!A$1:C$47,3,FALSE) -> Lower-Middle-Income Economies | F48: 1 | G48: 0 | H48: 0 | I48: 0 | J48: 0 | K48: 0 | L48: 0 | M48: 1
