Workbook
Name Stock_grad_ratio: 'Density vs graduate Stock G (2)'!$AB$49
Name Stock_grad_ratio: 'Density vs graduate Stock Graph'!$AA$49
Name Weighted_average: 'Density vs graduate Stock G (2)'!$AA$49
Name Weighted_average: 'Density vs graduate Stock Graph'!$Z$49

Sheet Stock grad Doctors
A1: Country | B1: 2013 | C1: 2018 | D1: Doctors stock 2022 | E1: Doctors graduates
A2: Algeria | B2: 0 | C2: 73168 | D2: 48033.824 | E2: 0
A3: Angola | B3: 0 | C3: 6593 | D3: 8693 | E3: 611
A4: Benin | B4: 0 | C4: 908 | D4: 2608 | E4: 780
A5: Botswana | B5: 819 | C5: 925 | D5: 992 | E5: 60
A6: Burkina Faso | B6: 803 | C6: 1684 | D6: 3323 | E6: 1492
A7: Burundi | B7: 554 | C7: 1084 | D7: 1014.861 | E7: 325
A8: Cameroon | B8: 1842 | C8: 3259 | D8: 3759 | E8: 800
A9: Cabo Verde | B9: 308 | C9: 452 | D9: 2644 | E9: 0
A10: Central African Republic | B10: 324 | C10: 335 | D10: 146.38958 | E10: 18
A11: Chad | B11: 573 | C11: 803 | D11: 1507 | E11: 330
A12: Comoros | B12: 123 | C12: 220 | D12: 354 | E12: 0
A13: Congo | B13: 0 | C13: 544 | D13: 1042 | E13: 60
... A48: Zimbabwe | B48: 1114 | C48: 3026 | D48: 3131.5984 | E48: 265

Sheet Sheet2
A1: Country | B1: Generalist Medical Practitioners | C1: Specialist Medical Practitioners | D1: Dentists | E1: Other Dental practitioners | F1: Pharmacists | G1: Other Pharmacy practitioners | H1: Midwifery personnel | I1: Nursing Personnel | J1: Medical and Pathology Laboratory scientists | K1: Paramedical Practitioners | L1: Other Health Workers | M1: Total
A2: Algeria | B2: 0 | M2: 0
A3: Angola | B3: 611 | D3: 145 | F3: 529 | I3: 2950 | M3: 4235
A4: Benin | B4: 780 | C4: 385 | F4: 143 | H4: 247 | I4: 257 | J4: 1113 | L4: 1194 | M4: 4119
A5: Botswana | B5: 60 | C5: 48 | D5: 7 | E5: 10 | F5: 95 | G5: 60 | H5: 40 | I5: 490 | J5: 189 | K5: 30 | L5: 597 | M5: 1626
A6: Burkina Faso | B6: 1492 | C6: 385 | D6: 62 | F6: 594 | H6: 1170 | I6: 1170 | M6: 4873
A7: Burundi | B7: 325 | C7: 240 | F7: 39 | H7: 196 | I7: 1467 | J7: 322 | L7: 194 | M7: 2783
A8: Cameroon | B8: 800 | I8: 2660 | J8: 800 | M8: 4260
A9: Cabo Verde | E9: 7 | L9: 83 | M9: 90
A10: Central African Republic | B10: 18 | M10: 18
A11: Chad | B11: 330 | C11: 30 | F11: 80 | G11: 180 | H11: 2084 | I11: 2920 | J11: 220 | M11: 5844
A12: Comoros | H12: 29 | I12: 40 | M12: 69
A13: Congo | B13: 60 | C13: 315 | E13: 10 | G13: 5 | H13: 120 | I13: 60 | K13: 50 | L13: 408 | M13: 1028
A14: Cote d'Ivoire | B14: 254 | C14: 48 | G14: 151 | I14: 1007 | J14: 1106 | L14: 450 | M14: 3016
A15: DRC | B15: 6020 | D15: 66 | F15: 178 | G15: 328 | H15: 3453 | I15: 24061 | J15: 2571 | L15: 3151 | M15: 39828
A16: Equatorial Guinea | B16: 767 | H16: 492 | I16: 962 | J16: 27 | L16: 1304 | M16: 3552
A17: Eritrea | I17: 400 | L17: 1023 | M17: 1423
A18: Eswatini | F18: 44 | G18: 30 | H18: 80 | I18: 160 | J18: 78 | L18: 58 | M18: 450
A19: Ethiopia | B19: 3114 | C19: 880 | D19: 189 | E19: 64 | F19: 699 | G19: 2878 | H19: 2440 | I19: 6298 | J19: 1220 | K19: 1613 | L19: 3672 | M19: 23067
A20: Gabon | B20: 46 | C20: 16 | F20: 2 | H20: 34 | I20: 95 | J20: 6 | M20: 199
A21: Gambia | B21: 23 | I21: 137 | J21: 6 | M21: 166
A22: Ghana | B22: 1566 | F22: 343 | H22: 4827 | I22: 21271 | J22: 396 | M22: 28403
A23: Guinea | B23: 767 | C23: 74 | F23: 113 | G23: 34 | H23: 492 | I23: 964 | J23: 27 | L23: 1304 | M23: 3775
A24: Guinea-Bissau | J24: 23 | L24: 489 | M24: 512
A25: Kenya | B25: 558 | D25: 36 | F25: 379 | G25: 20 | I25: 1070 | J25: 519 | L25: 366 | M25: 2948
A26: Lesotho | B26: 8 | C26: 22 | D26: 8 | F26: 33 | G26: 20 | H26: 69 | I26: 376 | J26: 20 | M26: 556
A27: Liberia | B27: 29 | C27: 50 | F27: 22 | I27: 63 | J27: 56 | L27: 50 | M27: 270
A28: Madagascar | B28: 316 | C28: 156 | H28: 2473 | I28: 2540 | J28: 116 | L28: 297 | M28: 5898
A29: Malawi | B29: 115 | C29: 167 | F29: 110 | G29: 189 | H29: 1171 | I29: 386 | J29: 175 | L29: 616 | M29: 2929
A30: Mali | M30: 0
A31: Mauritania | C31: 76 | I31: 113 | L31: 366 | M31: 555
A32: Mauritius | B32: 432 | H32: 40 | I32: 175 | L32: 39 | M32: 686
A33: Mozambique | B33: 819 | C33: 146 | D33: 161 | G33: 112 | H33: 140 | I33: 580 | J33: 248 | K33: 20 | M33: 2226
A34: Namibia | B34: 475 | C34: 3 | F34: 247 | G34: 31 | H34: 1414 | I34: 200 | J34: 121 | L34: 175 | M34: 2666
A35: Niger | B35: 370 | C35: 14 | H35: 124 | I35: 305 | J35: 45 | L35: 1891 | M35: 2749
A36: Nigeria | B36: 4340 | D36: 459 | H36: 375 | I36: 12835 | J36: 1774 | M36: 19783
A37: Rwanda | B37: 11 | F37: 95 | H37: 176 | I37: 355 | L37: 81 | M37: 718
A38: Sao Tome and Principe | M38: 0
A39: Senegal | B39: 434 | C39: 137 | D39: 67 | F39: 171 | H39: 104 | I39: 582 | J39: 36 | L39: 710 | M39: 2241
A40: Seychelles | B40: 10 | G40: 20 | H40: 10 | I40: 40 | L40: 80 | M40: 160
A41: Sierra Leone | B41: 217 | F41: 69 | G41: 51 | H41: 120 | I41: 1755 | J41: 90 | L41: 186 | M41: 2488
A42: South Africa | B42: 998 | D42: 805 | F42: 1291 | I42: 3154 | J42: 451 | L42: 13559 | M42: 20258
A43: South Sudan | H43: 307 | I43: 241 | J43: 681 | L43: 484 | M43: 1713
A44: Tanzania | B44: 330 | C44: 1597 | D44: 80 | G44: 629 | H44: 2084 | I44: 2920 | J44: 17 | L44: 5457 | M44: 13114
A45: Togo | B45: 77 | C45: 37 | F45: 60 | H45: 130 | I45: 240 | J45: 215 | L45: 250 | M45: 1009
A46: Uganda | B46: 1997 | C46: 246 | D46: 41 | E46: 220 | F46: 120 | G46: 1860 | H46: 8990 | I46: 14001 | J46: 3610 | L46: 1020 | M46: 32105
A47: Zambia | B47: 100 | E47: 36 | G47: 180 | H47: 1939 | I47: 5272 | J47: 282 | K47: 100 | L47: 400 | M47: 8309
A48: Zimbabwe | B48: 265 | C48: 30 | D48: 80 | E48: 30 | F48: 155 | G48: 30 | H48: 270 | I48: 1100 | J48: 358 | L48: 421 | M48: 2739

Sheet Nurses
A1: Country | B1: 2013 | C1: 2018 | D1: Nurses Stock 2022 | E1: Nurses Graduates
A2: Algeria | B2: 0 | C2: 57705 | D2: 5043.8935 | E2: 0
A3: Angola | B3: 0 | C3: 46082 | D3: 66717.354 | E3: 2950
A4: Benin | B4: 4880 | C4: 3410 | D4: 5893 | E4: 257
A5: Botswana | B5: 5816 | C5: 7645 | D5: 8028 | E5: 490
A6: Burkina Faso | B6: 6196 | C6: 10325 | D6: 13961 | E6: 1170
A7: Burundi | B7: 6573 | C7: 9156 | D7: 9372 | E7: 1467
A8: Cameroon | B8: 18954 | C8: 9925 | D8: 16473 | E8: 2660
A9: Cabo Verde | B9: 403 | C9: 768 | D9: 941 | E9: 0
A10: Central African Republic | B10: 322 | C10: 1195 | D10: 648.48015 | E10: 0
A11: Chad | B11: 3606 | C11: 4799 | D11: 3387.1517 | E11: 2920
A12: Comoros | B12: 0 | C12: 747 | D12: 784.97097 | E12: 40
A13: Congo | B13: 3289 | C13: 5081 | D13: 5573 | E13: 60
... A48: Zimbabwe | B48: 18722 | C48: 27874 | D48: 46537 | E48: 1100

Sheet DoctNurses
A1: Country | B1: Doctors stock 2022 | C1: Doctors graduates | D1: Nurses Stock 2022 | E1: Nurses Graduates | F1: Doctors and Nurses Stock 2022 | G1: Doctors and Nurses graduates
A2: Algeria | B2: 48033.824 | C2: 0 | D2: 5043.8935 | E2: 0 | F2: =B2+D2 -> 53077.718
A3: Angola | B3: 8693 | C3: 611 | D3: 66717.354 | E3: 2950 | F3: =B3+D3 -> 75410.354 | G3: =C3+E3 -> 3561 | H3: =E3/C3 -> 4.8281506
A4: Benin | B4: 2608 | C4: 780 | D4: 5893 | E4: 257 | F4: =B4+D4 -> 8501 | G4: =C4+E4 -> 1037 | H4: =E4/C4 -> 0.32948718
A5: Botswana | B5: 992 | C5: 60 | D5: 8028 | E5: 490 | F5: =B5+D5 -> 9020 | G5: =C5+E5 -> 550 | H5: =E5/C5 -> 8.1666667
A6: Burkina Faso | B6: 3323 | C6: 1492 | D6: 13961 | E6: 1170 | F6: =B6+D6 -> 17284 | G6: =C6+E6 -> 2662 | H6: =E6/C6 -> 0.78418231
A7: Burundi | B7: 1014.861 | C7: 325 | D7: 9372 | E7: 1467 | F7: =B7+D7 -> 10386.861 | G7: =C7+E7 -> 1792 | H7: =E7/C7 -> 4.5138462
A8: Cameroon | B8: 3759 | C8: 800 | D8: 16473 | E8: 2660 | F8: =B8+D8 -> 20232 | G8: =C8+E8 -> 3460 | H8: =E8/C8 -> 3.325
A9: Cabo Verde | B9: 2644 | C9: 0 | D9: 941 | E9: 0 | F9: =B9+D9 -> 3585
A10: Central African Republic | B10: 146.38958 | C10: 18 | D10: 648.48015 | E10: 0 | F10: =B10+D10 -> 794.86973 | G10: =C10+E10 -> 18
A11: Chad | B11: 1507 | C11: 330 | D11: 3387.1517 | E11: 2920 | F11: =B11+D11 -> 4894.1517 | G11: =C11+E11 -> 3250 | H11: =E11/C11 -> 8.8484848
A12: Comoros | B12: 354 | C12: 0 | D12: 784.97097 | E12: 40 | F12: =B12+D12 -> 1138.971 | G12: =C12+E12 -> 40
A13: Congo | B13: 1042 | C13: 60 | D13: 5573 | E13: 60 | F13: =B13+D13 -> 6615 | G13: =C13+E13 -> 120 | H13: =E13/C13 -> 1
A14: Cote d'Ivoire | B14: 6327.552 | C14: 254 | D14: 19225.233 | E14: 1007 | F14: =B14+D14 -> 25552.785 | G14: =C14+E14 -> 1261 | H14: =E14/C14 -> 3.9645669
A15: DRC | B15: 21289.959 | C15: 6020 | D15: 115316 | E15: 24061 | F15: =B15+D15 -> 136605.96 | G15: =C15+E15 -> 30081 | H15: =E15/C15 -> 3.9968439
A16: Equatorial Guinea | B16: 274.68238 | C16: 767 | D16: 1375 | E16: 962 | F16: =B16+D16 -> 1649.6824 | G16: =C16+E16 -> 1729 | H16: =E16/C16 -> 1.2542373
A17: Eritrea | B17: 298.81765 | C17: 0 | D17: 5007 | E17: 400 | F17: =B17+D17 -> 5305.8176 | G17: =C17+E17 -> 400
A18: Eswatini | B18: 687 | C18: 0 | D18: 5242 | E18: 160 | F18: =B18+D18 -> 5929 | G18: =C18+E18 -> 160
A19: Ethiopia | B19: 23741 | C19: 3114 | D19: 131262 | E19: 6298 | F19: =B19+D19 -> 155003 | G19: =C19+E19 -> 9412 | H19: =E19/C19 -> 2.0224791
A20: Gabon | B20: 1265.3898 | C20: 46 | D20: 4751.5999 | E20: 95 | F20: =B20+D20 -> 6016.9897 | G20: =C20+E20 -> 141 | H20: =E20/C20 -> 2.0652174
A21: Gambia | B21: 273.86723 | C21: 23 | D21: 1429.4037 | E21: 137 | F21: =B21+D21 -> 1703.2709 | G21: =C21+E21 -> 160 | H21: =E21/C21 -> 5.9565217
A22: Ghana | B22: 4726 | C22: 1566 | D22: 124204.28 | E22: 21271 | F22: =B22+D22 -> 128930.28 | G22: =C22+E22 -> 22837 | H22: =E22/C22 -> 13.583014
A23: Guinea | B23: 341.3417 | C23: 767 | D23: 5018.9872 | E23: 964 | F23: =B23+D23 -> 5360.3289 | G23: =C23+E23 -> 1731 | H23: =E23/C23 -> 1.2568449
A24: Guinea-Bissau | B24: 530.87376 | C24: 0 | D24: 1879 | E24: 0 | F24: =B24+D24 -> 2409.8738
A25: Kenya | B25: 12792 | C25: 558 | D25: 109659 | E25: 1070 | F25: =B25+D25 -> 122451 | G25: =C25+E25 -> 1628 | H25: =E25/C25 -> 1.9175627
A26: Lesotho | B26: 536.60978 | C26: 8 | D26: 1235.4801 | E26: 376 | F26: =B26+D26 -> 1772.0899 | G26: =C26+E26 -> 384 | H26: =E26/C26 -> 47
A27: Liberia | B27: 954 | C27: 29 | D27: 4423.7953 | E27: 63 | F27: =B27+D27 -> 5377.7953 | G27: =C27+E27 -> 92 | H27: =E27/C27 -> 2.1724138
A28: Madagascar | B28: 5230 | C28: 316 | D28: 4560 | E28: 2540 | F28: =B28+D28 -> 9790 | G28: =C28+E28 -> 2856 | H28: =E28/C28 -> 8.0379747
A29: Malawi | B29: 1103.5638 | C29: 115 | D29: 9592 | E29: 386 | F29: =B29+D29 -> 10695.564 | G29: =C29+E29 -> 501 | H29: =E29/C29 -> 3.3565217
A30: Mali | B30: 4402 | C30: 0 | D30: 6327 | E30: 0 | F30: =B30+D30 -> 10729
A31: Mauritania | B31: 1273.0347 | C31: 0 | D31: 6503 | E31: 113 | F31: =B31+D31 -> 7776.0347 | G31: =C31+E31 -> 113
A32: Mauritius | B32: 1833.6555 | C32: 432 | D32: 4598.8787 | E32: 175 | F32: =B32+D32 -> 6432.5342 | G32: =C32+E32 -> 607 | H32: =E32/C32 -> 0.40509259
A33: Mozambique | B33: 5719 | C33: 819 | D33: 17168 | E33: 580 | F33: =B33+D33 -> 22887 | G33: =C33+E33 -> 1399 | H33: =E33/C33 -> 0.70818071
A34: Namibia | B34: 1597 | C34: 475 | D34: 15558.322 | E34: 200 | F34: =B34+D34 -> 17155.322 | G34: =C34+E34 -> 675 | H34: =E34/C34 -> 0.42105263
A35: Niger | B35: 705.66937 | C35: 370 | D35: 4565 | E35: 305 | F35: =B35+D35 -> 5270.6694 | G35: =C35+E35 -> 675 | H35: =E35/C35 -> 0.82432432
A36: Nigeria | B36: 86181 | C36: 4340 | D36: 220681 | E36: 12835 | F36: =B36+D36 -> 306862 | G36: =C36+E36 -> 17175 | H36: =E36/C36 -> 2.9573733
A37: Rwanda | B37: 1648 | C37: 11 | D37: 13501.24 | E37: 355 | F37: =B37+D37 -> 15149.24 | G37: =C37+E37 -> 366 | H37: =E37/C37 -> 32.272727
A38: Sao Tome and Principe | B38: 105 | C38: 0 | D38: 440 | E38: 0 | F38: =B38+D38 -> 545
A39: Senegal | B39: 2560.8623 | C39: 434 | D39: 4737 | E39: 582 | F39: =B39+D39 -> 7297.8623 | G39: =C39+E39 -> 1016 | H39: =E39/C39 -> 1.3410138
A40: Seychelles | B40: 828 | C40: 10 | D40: 1277 | E40: 40 | F40: =B40+D40 -> 2105 | G40: =C40+E40 -> 50 | H40: =E40/C40 -> 4
A41: Sierra Leone | B41: 1106 | C41: 217 | D41: 15666 | E41: 1755 | F41: =B41+D41 -> 16772 | G41: =C41+E41 -> 1972 | H41: =E41/C41 -> 8.0875576
A42: South Africa | B42: 48021 | C42: 998 | D42: 397261.25 | E42: 3154 | F42: =B42+D42 -> 445282.25 | G42: =C42+E42 -> 4152 | H42: =E42/C42 -> 3.1603206
A43: South Sudan | B43: 456 | C43: 0 | D43: 4530 | E43: 241 | F43: =B43+D43 -> 4986 | G43: =C43+E43 -> 241
A44: Tanzania | B44: 8693 | C44: 330 | D44: 31940 | E44: 2920 | F44: =B44+D44 -> 40633 | G44: =C44+E44 -> 3250 | H44: =E44/C44 -> 8.8484848
A45: Togo | B45: 730 | C45: 77 | D45: 2630 | E45: 240 | F45: =B45+D45 -> 3360 | G45: =C45+E45 -> 317 | H45: =E45/C45 -> 3.1168831
A46: Uganda | B46: 9051.7813 | C46: 1997 | D46: 74197 | E46: 14001 | F46: =B46+D46 -> 83248.781 | G46: =C46+E46 -> 15998 | H46: =E46/C46 -> 7.0110165
A47: Zambia | B47: 6531 | C47: 100 | D47: 49975 | E47: 5272 | F47: =B47+D47 -> 56506 | G47: =C47+E47 -> 5372 | H47: =E47/C47 -> 52.72
A48: Zimbabwe | B48: 3131.5984 | C48: 265 | D48: 46537 | E48: 1100 | F48: =B48+D48 -> 49668.598 | G48: =C48+E48 -> 1365 | H48: =E48/C48 -> 4.1509434

Sheet All workforce stock
C1: Core health workforce* | F1: Other workers | I1: Total
A2: S No | B2: Country | C2: 2013 | D2: 2018 | E2: Adjusted 2022 | F2: 2013 | G2: 2018 | H2: Adjusted 2022 | I2: 2013 | J2: 2018 | K2: Adjusted 2022
A3: 1 | B3: Algeria | C3: 11139 | D3: 175647 | E3: 74186.82 | F3: 200 | G3: 240105 | H3: 366963.78 | I3: 11339 | J3: 415752 | K3: 441150.6
A4: 2 | B4: Angola | C4: 30 | D4: 60468 | E4: 78869.769 | F4: 602 | G4: 50395 | H4: 58067.47 | I4: 632 | J4: 110863 | K4: 136937.24
A5: 3 | B5: Benin | C5: 7923 | D5: 5769 | E5: 11051.475 | F5: 15066 | G5: 11707 | H5: 13972.937 | I5: 22989 | J5: 17476 | K5: 25024.412
A6: 4 | B6: Botswana | C6: 8191 | D6: 9284 | E6: 9739.0852 | F6: 1000 | G6: 7514 | H6: 8210.398 | I6: 9191 | J6: 16798 | K6: 17949.483
A7: 5 | B7: Burkina Faso | C7: 8983 | D7: 19646 | E7: 27591.375 | F7: 4585 | G7: 7601 | H7: 10576.497 | I7: 13568 | J7: 27247 | K7: 38167.872
A8: 6 | B8: Burundi | C8: 7170 | D8: 10533 | E8: 10709.32 | F8: 44 | G8: 37621 | H8: 42120.333 | I8: 7214 | J8: 48154 | K8: 52829.653
A9: 7 | B9: Cameroon | C9: 22321 | D9: 14532 | E9: 23282 | F9: 0 | G9: 16843 | H9: 8354.2378 | I9: 22321 | J9: 31375 | K9: 31636.238
A10: 8 | B10: Cape-Verde | C10: 711 | D10: 1666 | E10: 3734.4936 | F10: 7662 | G10: 5297 | H10: 2475.7981 | I10: 8373 | J10: 6963 | K10: 6210.2918
A11: 9 | B11: Central African Republic | C11: 1180 | D11: 2027 | E11: 1344.0062 | F11: 384 | G11: 1029 | H11: 4353.7072 | I11: 1564 | J11: 3056 | K11: 5697.7134
A12: 10 | B12: Chad | C12: 4702 | D12: 6992 | E12: 6338.6323 | F12: 1664 | G12: 3800 | H12: 33923.737 | I12: 6366 | J12: 10792 | K12: 40262.37
A13: 11 | B13: Comoros | C13: 452 | D13: 1541 | E13: 1868.1964 | F13: 841 | G13: 1215 | H13: 753.73247 | I13: 1293 | J13: 2756 | K13: 2621.9289
A14: 12 | B14: Congo | C14: 4571 | D14: 6962 | E14: 7791.8818 | F14: 4923 | G14: 3307 | H14: 4346 | I14: 9494 | J14: 10269 | K14: 12137.882
... A50: 48 | B50: AFRO | C50: 841834 | D50: 1994699 | E50: 2460099.1 | F50: 724195 | G50: 2312731 | H50: 2488957.6 | I50: 1566029 | J50: 4307430 | K50: 4949056.7

Sheet All workforce density 
B1: Core health workforce* | E1: Other workers | H1: Total
A2: Country | B2: Density per 10,000 (2013) | C2: Density per 10,000 (2018) | D2: Density per 10,000 (2022) | E2: Density per 10,000 (2013) | F2: Density per 10,000 (2018) | G2: Density per 10,000 (2022) | H2: Density per 10,000 (2013) | I2: Density per 10,000 (2018) | J2: Density per 10,000 (2022)
A3: Algeria | B3: 2.9312675 | C3: 41.893522 | D3: 16.52149 | E3: 0.052630711 | F3: 57.06799 | G3: 81.537078 | H3: 2.9838982 | I3: 98.961512 | J3: 98.058569
A4: Angola | B4: 0.011473591 | C4: 19.3352 | D4: 22.161285 | E4: 0.23023672 | F4: 16.090283 | G4: 16.295061 | H4: 0.24171031 | I4: 35.425483 | J4: 38.456346
A5: Benin | B5: 7.6857184 | C5: 4.8313817 | D5: 8.2764832 | E5: 14.614797 | F5: 9.7917343 | G5: 10.453141 | H5: 22.300515 | I5: 14.623116 | J5: 18.729624
A6: Botswana | B6: 36.941692 | C6: 37.872105 | D6: 37.026575 | E6: 4.5100344 | F6: 30.541625 | G6: 31.089269 | H6: 41.451726 | I6: 68.41373 | J6: 68.115844
A7: Burkina Faso | B7: 5.0934409 | C7: 9.6338287 | D7: 12.168856 | E7: 2.5997358 | F7: 3.7258389 | G7: 4.658467 | H7: 7.6931767 | I7: 13.359668 | J7: 16.827323
A8: Burundi | B8: 7.0643335 | C8: 9.1643322 | D8: 8.3085116 | E8: 0.043351558 | F8: 32.732492 | G8: 32.677826 | H8: 7.107685 | I8: 41.896824 | J8: 40.986337
A9: Cameroon | B9: 10.318104 | C9: 5.7950101 | D9: 8.3404573 | E9: 0 | F9: 6.716581 | G9: 2.9859847 | H9: 10.318104 | I9: 12.511591 | J9: 11.326442
A10: Cape-Verde | B10: 13.16813 | C10: 29.16659 | D10: 62.960411 | E10: 141.90466 | F10: 92.384211 | G10: 41.402684 | H10: 155.07279 | I10: 121.5508 | J10: 104.3631
A11: Central African Republic | B11: 2.4570902 | C11: 3.978582 | D11: 2.408983 | E11: 0.79959545 | F11: 2.0177515 | G11: 7.8017481 | H11: 3.2566857 | I11: 5.9963335 | J11: 10.210731
A12: Chad | B12: 3.5576024 | C12: 4.480842 | D12: 3.5764373 | E12: 1.2590069 | F12: 2.4352402 | G12: 19.134535 | H12: 4.8166093 | I12: 6.9160823 | J12: 22.710972
A13: Comoros | B13: 6.4627516 | C13: 19.850228 | D13: 22.32619 | E13: 12.024721 | F13: 15.650894 | G13: 9.0076044 | H13: 18.487473 | I13: 35.501122 | J13: 31.333795
A14: Congo | B14: 9.4675581 | C14: 12.795296 | D14: 13.050801 | E14: 10.196628 | F14: 6.0778576 | G14: 7.279215 | H14: 19.664186 | I14: 18.873154 | J14: 20.330016
... A50: AFRO | B50: 11.136507 | C50: 23.57697 | D50: 26.089625 | E50: 8.3497581 | F50: 26.690657 | G50: 27.338421 | H50: 19.486265 | I50: 50.267627 | J50: 53.428046

Sheet Education capacity
A1: Country | B1: Generalist Medical Practitioners | C1: Specialist Medical Practitioners | D1: Dentists | E1: Other Dental practitioners | F1: Pharmacists | G1: Other Pharmacy practitioners | H1: Midwifery personnel | I1: Nursing Personnel | J1: Medical and Pathology Laboratory scientists | K1: Paramedical Practitioners | L1: Other Health Workers | M1: Total | N1: Data Sorce(s)
A2: Algeria | B2: 0 | M2: =SUM(B2:L2) -> 0 | N2: NHWA dataset, 2023
A3: Angola | B3: 611 | D3: 145 | F3: 529 | I3: 2950 | M3: =SUM(B3:L3) -> 4235 | N3: Dent-2018;
A4: Benin | B4: 780 | C4: 385 | F4: 143 | H4: 247 | I4: 257 | J4: 1113 | L4: 1194 | M4: =SUM(B4:L4) -> 4119 | N4: Med-2021; Pharm-2021;Mid-2021; Nur-2021;Biom-2021; others-2021
A5: Botswana | B5: 60 | C5: 48 | D5: 7 | E5: 10 | F5: 95 | G5: 60 | H5: 40 | I5: 490 | J5: 189 | K5: 30 | L5: 597 | M5: =SUM(B5:L5) -> 1626 | N5: 2022 for all
A6: Burkina Faso | B6: 1492 | C6: 385 | D6: 62 | F6: 594 | H6: 1170 | I6: 1170 | M6: =SUM(B6:L6) -> 4873 | N6: NHWA dataset, 2023
A7: Burundi | B7: 325 | C7: 240 | F7: 39 | H7: 196 | I7: 1467 | J7: 322 | L7: 194 | M7: =SUM(B7:L7) -> 2783 | N7: 2018 dataset
A8: Cameroon | B8: 800 | I8: 2660 | J8: 800 | M8: =SUM(B8:L8) -> 4260 | N8: NHWA dataset, 2023
A9: Cabo Verde | E9: 7 | L9: 83 | M9: =SUM(B9:L9) -> 90 | N9: NHWA dataset, 2023
A10: Central African Republic | B10: 18 | M10: =SUM(B10:L10) -> 18 | N10: NHWA dataset, 2023
A11: Chad | B11: 330 | C11: 30 | F11: 80 | G11: 180 | H11: 2084 | I11: 2920 | J11: 220 | M11: =SUM(B11:L11) -> 5844 | N11: NHWA dataset, 2023
A12: Comoros | H12: 29 | I12: 40 | M12: =SUM(B12:L12) -> 69 | N12: 2021 for all
A13: Congo | B13: 60 | C13: 315 | E13: 10 | G13: 5 | H13: 120 | I13: 60 | K13: 50 | L13: 408 | M13: =SUM(B13:L13) -> 1028 | N13: 2022 for all
A14: Cote d'Ivoire | B14: 254 | C14: 48 | G14: 151 | I14: 1007 | J14: 1106 | L14: 450 | M14: =SUM(B14:L14) -> 3016 | N14: NHWA dataset, 2023
A15: Democratic Republic of the Congo | B15: 6020 | D15: 66 | F15: 178 | G15: 328 | H15: 3453 | I15: 24061 | J15: 2571 | L15: 3151 | M15: 39828 | N15: NHWA dataset, 2023
A16: Equatorial Guinea | B16: 767 | H16: 492 | I16: 962 | J16: 27 | L16: 1304 | M16: =SUM(B16:L16) -> 3552 | N16: NHWA dataset, 2023
A17: Eritrea | I17: 400 | L17: 1023 | M17: =SUM(B17:L17) -> 1423 | N17: Nurs-2022
A18: Eswatini | F18: 44 | G18: 30 | H18: 80 | I18: 160 | J18: 78 | L18: 58 | M18: =SUM(B18:L18) -> 450 | N18: NHWA dataset, 2023
A19: Ethiopia | B19: 3114 | C19: 880 | D19: 189 | E19: 64 | F19: 699 | G19: 2878 | H19: 2440 | I19: 6298 | J19: 1220 | K19: 1613 | L19: 3672 | M19: =SUM(B19:L19) -> 23067 | N19: pharmacist from 2018
A20: Gabon | B20: 46 | C20: 16 | F20: 2 | H20: 34 | I20: 95 | J20: 6 | M20: =SUM(B20:L20) -> 199 | N20: NHWA dataset, 2023
A21: Gambia | B21: 23 | I21: 137 | J21: 6 | M21: =SUM(B21:L21) -> 166 | N21: NHWA dataset, 2023
A22: Ghana | B22: 1566 | F22: 343 | H22: 4827 | I22: 21271 | J22: 396 | M22: =SUM(B22:L22) -> 28403 | N22: HLMA 2023; Ismaila (2023)
A23: Guinea | B23: 767 | C23: 74 | F23: 113 | G23: 34 | H23: 492 | I23: 964 | J23: 27 | L23: 1304 | M23: =SUM(B23:L23) -> 3775 | N23: NHWA dataset, 2023
A24: Guinea-Bissau | J24: 23 | L24: 489 | M24: =SUM(B24:L24) -> 512 | N24: NHWA dataset, 2023
A25: Kenya | B25: 558 | D25: 36 | F25: 379 | G25: 20 | I25: 1070 | J25: 519 | L25: 366 | M25: =SUM(B25:L25) -> 2948 | N25: HLMA data, Dentist-2018; CMHW-2022; Biom -2018;
A26: Lesotho | B26: 8 | C26: 22 | D26: 8 | F26: 33 | G26: 20 | H26: 69 | I26: 376 | J26: 20 | M26: =SUM(B26:L26) -> 556 | N26: NHWA dataset, 2023
A27: Liberia | B27: 29 | C27: 50 | F27: 22 | I27: 63 | J27: 56 | L27: 50 | M27: =SUM(B27:L27) -> 270 | N27: NHWA dataset, 2023
A28: Madagascar | B28: 316 | C28: 156 | H28: 2473 | I28: 2540 | J28: 116 | L28: 297 | M28: =SUM(B28:L28) -> 5898 | N28: NHWA dataset, 2023
A29: Malawi | B29: 115 | C29: 167 | F29: 110 | G29: 189 | H29: 1171 | I29: 386 | J29: 175 | L29: 616 | M29: =SUM(B29:L29) -> 2929 | N29: NHWA dataset, 2023
A30: Mali | M30: =SUM(B30:L30) -> 0 | N30: NHWA dataset, 2023
A31: Mauritania | C31: 76 | I31: 113 | L31: 366 | M31: =SUM(B31:L31) -> 555 | N31: NHWA dataset, 2023
A32: Mauritius | B32: 432 | H32: 40 | I32: 175 | L32: 39 | M32: =SUM(B32:L32) -> 686 | N32: SADC dataset, 2022
A33: Mozambique | B33: 819 | C33: 146 | D33: 161 | G33: 112 | H33: 140 | I33: 580 | J33: 248 | K33: 20 | M33: =SUM(B33:L33) -> 2226 | N33: capacity-HLMA data extracted
A34: Namibia | B34: 475 | C34: 3 | F34: 247 | G34: 31 | H34: 1414 | I34: 200 | J34: 121 | L34: 175 | M34: =SUM(B34:L34) -> 2666 | N34: NHWA dataset, 2023; HLMA dataset, 2019; 2018 survey dataset
A35: Niger | B35: 370 | C35: 14 | H35: 124 | I35: 305 | J35: 45 | L35: 1891 | M35: =SUM(B35:L35) -> 2749 | N35: Med-2021,2022; Nurs-2022; Midw-2022; Other-2021,2022, CHW-2021
A36: Nigeria | B36: 4340 | D36: 459 | H36: 375 | I36: 12835 | J36: 1774 | M36: =SUM(B36:L36) -> 19783 | N36: NHWA dataset, 2023
A37: Rwanda | B37: 11 | F37: 95 | H37: 176 | I37: 355 | L37: 81 | M37: =SUM(B37:L37) -> 718 | N37: NHWA dataset, 2023
A38: Sao Tome and Principe | M38: =SUM(B38:L38) -> 0 | N38: NHWA dataset, 2023
A39: Senegal | B39: 434 | C39: 137 | D39: 67 | F39: 171 | H39: 104 | I39: =288+294 -> 582 | J39: 36 | L39: 710 | M39: =SUM(B39:L39) -> 2241 | N39: NHWA dataset, 2023
A40: Seychelles | B40: 10 | G40: 20 | H40: 10 | I40: 40 | L40: 80 | M40: =SUM(B40:L40) -> 160 | N40: NHWA dataset, 2023
A41: Sierra Leone | B41: 217 | F41: 69 | G41: 51 | H41: 120 | I41: 1755 | J41: 90 | L41: 186 | M41: =SUM(B41:L41) -> 2488 | N41: NHWA dataset, 2023
A42: South Africa | B42: 998 | D42: 805 | F42: 1291 | I42: 3154 | J42: 451 | L42: 13559 | M42: =SUM(B42:L42) -> 20258 | N42: 2030 starategic plan
A43: South Sudan | H43: 307 | I43: 241 | J43: 681 | L43: 484 | M43: =SUM(B43:L43) -> 1713 | N43: NHWA dataset, 2023
A44: Tanzania | B44: 330 | C44: 1597 | D44: 80 | G44: 629 | H44: 2084 | I44: 2920 | J44: 17 | L44: 5457 | M44: =SUM(B44:L44) -> 13114 | N44: NHWA dataset, 2023; Other and Medical specialist from 2018 Survey dataset
A45: Togo | B45: 77 | C45: 37 | F45: 60 | H45: 130 | I45: 240 | J45: 215 | L45: 250 | M45: =SUM(B45:L45) -> 1009 | N45: other occupations, Medical specialis taken from 2018 survey dataset
A46: Uganda | B46: 1997 | C46: 246 | D46: 41 | E46: 220 | F46: 120 | G46: 1860 | H46: 8990 | I46: 14001 | J46: 3610 | L46: 1020 | M46: =SUM(B46:L46) -> 32105 | N46: NHWA dataset, 2023
A47: Zambia | B47: 100 | E47: 36 | G47: 180 | H47: 1939 | I47: 5272 | J47: 282 | K47: 100 | L47: 400 | M47: =SUM(B47:L47) -> 8309 | N47: NHWA dataset, 2023; Zambia HLMA
A48: Zimbabwe | B48: 265 | C48: 30 | D48: 80 | E48: 30 | F48: 155 | G48: 30 | H48: 270 | I48: 1100 | J48: 358 | L48: 421 | M48: =SUM(B48:L48) -> 2739 | N48: 2022 data set for -all
A49: Total (row) | B49: =SUM(B2:B48) -> 28934 | C49: =SUM(C2:C48) -> 5102 | D49: =SUM(D2:D48) -> 2206 | E49: =SUM(E2:E48) -> 377 | F49: =SUM(F2:F48) -> 5611 | G49: =SUM(G2:G48) -> 6808 | H49: =SUM(H2:H48) -> 35640 | I49: =SUM(I2:I48) -> 115672 | ... L49: =SUM(L2:L48) -> 40375 | M49: =+SUM(B49:L49) -> 259456
A50: Total | L50: =L49/Table1[[#Totals],[Total]] -> 0.15873546 | M50: =M49-C49 -> 254354
A51: Total (column) | B51: =B49/M50 -> 0.11375485 | M51: =SUM(M2:M48) -> 259456
B52: =COUNTIF(B2:B48,">500") -> 14 | C52: =(B49+C49)/M49 -> 0.13118217 | H52: =(H49)/M50 -> 0.14011968 | I52: =I49/M50 -> 0.45476776
J53: =(H49+I49)/Table1[[#Totals],[Total]] -> 0.59488744
I54: =COUNTIF(I4:I50,">500") -> 22
B56: =18529/29029 -> 0.63829274 | I56: =83738/115672 -> 0.72392627

Sheet Combined density-grad-stock
A1: FORBIDDEN CELL FOR JAMES | E1: Country | F1: Density per 10,000 (2022) | G1: Doctors and Nurses Stock 2022 | H1: Doctors and Nurses graduates | I1: Ratio stock to graduates | J1: categories | K1: Density quartile | AF1: Country | AG1: categories | AH1: Density quartile | AI1: Fiscal space
C2: Density quartiles | E2: Algeria | F2: 98.058569 | G2: 53077.718 | I2: =IF(H2=0,I$52,G2/H2) -> 22.857936 | J2: =IF(I2<10,"4. Very rapid education production - Less than 10 stock to grad",IF(AND(I2>=10,I2<20),"3. Rapid education production - 10 to 20 stock to grad",IF(AND(I2>=20,I2<30),"2. Slow education production - 20 to 30 stock to grad","1. Very slow education production - 30 stock to grad and more"))) -> 2. Slow education production - 20 to 30 stock to grad | K2: =IF(F2<D$3,"1. <Q1 density",IF(AND(F2>=D$3,F2<D$4),"2. Q1-Median density",IF(AND(F2>=D$4,F2<D$5),"3. Median-Q3 density","4. >Q3 density"))) -> 4. >Q3 density | AF2: Central African Republic | AG2: 1. Very slow education production - 30 stock to grad and more | AH2: 1. <Q1 density
C3: Q1 | D3: =PERCENTILE(F2:F48,0.25) -> 22.33987 | E3: Angola | F3: 38.456346 | G3: 75410.354 | H3: 3561 | I3: =IF(H3=0,I$52,G3/H3) -> 21.176735 | J3: =IF(I3<10,"4. Very rapid education production - Less than 10 stock to grad",IF(AND(I3>=10,I3<20),"3. Rapid education production - 10 to 20 stock to grad",IF(AND(I3>=20,I3<30),"2. Slow education production - 20 to 30 stock to grad","1. Very slow education production - 30 stock to grad and more"))) -> 2. Slow education production - 20 to 30 stock to grad | K3: =IF(F3<D$3,"1. <Q1 density",IF(AND(F3>=D$3,F3<D$4),"2. Q1-Median density",IF(AND(F3>=D$4,F3<D$5),"3. Median-Q3 density","4. >Q3 density"))) -> 3. Median-Q3 density | AF3: Congo | AG3: 1. Very slow education production - 30 stock to grad and more | AH3: 1. <Q1 density
C4: Median | D4: =MEDIAN(F2:F48) -> 38.456346 | E4: Benin | F4: 18.729624 | G4: 8501 | H4: 1037 | I4: =IF(H4=0,I$52,G4/H4) -> 8.1976856 | J4: =IF(I4<10,"4. Very rapid education production - Less than 10 stock to grad",IF(AND(I4>=10,I4<20),"3. Rapid education production - 10 to 20 stock to grad",IF(AND(I4>=20,I4<30),"2. Slow education production - 20 to 30 stock to grad","1. Very slow education production - 30 stock to grad and more"))) -> 4. Very rapid education production - Less than 10 stock to grad | K4: =IF(F4<D$3,"1. <Q1 density",IF(AND(F4>=D$3,F4<D$4),"2. Q1-Median density",IF(AND(F4>=D$4,F4<D$5),"3. Median-Q3 density","4. >Q3 density"))) -> 1. <Q1 density | AF4: Malawi | AG4: 2. Slow education production - 20 to 30 stock to grad | AH4: 1. <Q1 density
C5: Q3 | D5: =PERCENTILE(F2:F48,0.75) -> 63.718104 | E5: Botswana | F5: 68.115844 | G5: 9020 | H5: 550 | I5: =IF(H5=0,I$52,G5/H5) -> 16.4 | J5: =IF(I5<10,"4. Very rapid education production - Less than 10 stock to grad",IF(AND(I5>=10,I5<20),"3. Rapid education production - 10 to 20 stock to grad",IF(AND(I5>=20,I5<30),"2. Slow education production - 20 to 30 stock to grad","1. Very slow education production - 30 stock to grad and more"))) -> 3. Rapid education production - 10 to 20 stock to grad | K5: =IF(F5<D$3,"1. <Q1 density",IF(AND(F5>=D$3,F5<D$4),"2. Q1-Median density",IF(AND(F5>=D$4,F5<D$5),"3. Median-Q3 density","4. >Q3 density"))) -> 4. >Q3 density | AF5: Mali | AG5: 2. Slow education production - 20 to 30 stock to grad | AH5: 1. <Q1 density
E6: Burkina Faso | F6: 16.827323 | G6: 17284 | H6: 2662 | I6: =IF(H6=0,I$52,G6/H6) -> 6.4928625 | J6: =IF(I6<10,"4. Very rapid education production - Less than 10 stock to grad",IF(AND(I6>=10,I6<20),"3. Rapid education production - 10 to 20 stock to grad",IF(AND(I6>=20,I6<30),"2. Slow education production - 20 to 30 stock to grad","1. Very slow education production - 30 stock to grad and more"))) -> 4. Very rapid education production - Less than 10 stock to grad | K6: =IF(F6<D$3,"1. <Q1 density",IF(AND(F6>=D$3,F6<D$4),"2. Q1-Median density",IF(AND(F6>=D$4,F6<D$5),"3. Median-Q3 density","4. >Q3 density"))) -> 1. <Q1 density | AF6: South Sudan | AG6: 2. Slow education production - 20 to 30 stock to grad | AH6: 1. <Q1 density
E7: Burundi | F7: 40.986337 | G7: 10386.861 | H7: 1792 | I7: =IF(H7=0,I$52,G7/H7) -> 5.7962394 | J7: =IF(I7<10,"4. Very rapid education production - Less than 10 stock to grad",IF(AND(I7>=10,I7<20),"3. Rapid education production - 10 to 20 stock to grad",IF(AND(I7>=20,I7<30),"2. Slow education production - 20 to 30 stock to grad","1. Very slow education production - 30 stock to grad and more"))) -> 4. Very rapid education production - Less than 10 stock to grad | K7: =IF(F7<D$3,"1. <Q1 density",IF(AND(F7>=D$3,F7<D$4),"2. Q1-Median density",IF(AND(F7>=D$4,F7<D$5),"3. Median-Q3 density","4. >Q3 density"))) -> 3. Median-Q3 density | AF7: Benin | AG7: 4. Very rapid education production - Less than 10 stock to grad | AH7: 1. <Q1 density
E8: Cameroon | F8: 11.326442 | G8: 20232 | H8: 3460 | I8: =IF(H8=0,I$52,G8/H8) -> 5.8473988 | J8: =IF(I8<10,"4. Very rapid education production - Less than 10 stock to grad",IF(AND(I8>=10,I8<20),"3. Rapid education production - 10 to 20 stock to grad",IF(AND(I8>=20,I8<30),"2. Slow education production - 20 to 30 stock to grad","1. Very slow education production - 30 stock to grad and more"))) -> 4. Very rapid education production - Less than 10 stock to grad | K8: =IF(F8<D$3,"1. <Q1 density",IF(AND(F8>=D$3,F8<D$4),"2. Q1-Median density",IF(AND(F8>=D$4,F8<D$5),"3. Median-Q3 density","4. >Q3 density"))) -> 1. <Q1 density | AF8: Burkina Faso | AG8: 4. Very rapid education production - Less than 10 stock to grad | AH8: 1. <Q1 density
E9: Cape-Verde | F9: 104.3631 | G9: 3585 | I9: =IF(H9=0,I$52,G9/H9) -> 22.857936 | J9: =IF(I9<10,"4. Very rapid education production - Less than 10 stock to grad",IF(AND(I9>=10,I9<20),"3. Rapid education production - 10 to 20 stock to grad",IF(AND(I9>=20,I9<30),"2. Slow education production - 20 to 30 stock to grad","1. Very slow education production - 30 stock to grad and more"))) -> 2. Slow education production - 20 to 30 stock to grad | K9: =IF(F9<D$3,"1. <Q1 density",IF(AND(F9>=D$3,F9<D$4),"2. Q1-Median density",IF(AND(F9>=D$4,F9<D$5),"3. Median-Q3 density","4. >Q3 density"))) -> 4. >Q3 density | AF9: Cameroon | AG9: 4. Very rapid education production - Less than 10 stock to grad | AH9: 1. <Q1 density
E10: Central African Republic | F10: 10.210731 | G10: 794.86973 | H10: 18 | I10: =IF(H10=0,I$52,G10/H10) -> 44.159429 | J10: =IF(I10<10,"4. Very rapid education production - Less than 10 stock to grad",IF(AND(I10>=10,I10<20),"3. Rapid education production - 10 to 20 stock to grad",IF(AND(I10>=20,I10<30),"2. Slow education production - 20 to 30 stock to grad","1. Very slow education production - 30 stock to grad and more"))) -> 1. Very slow education production - 30 stock to grad and more | K10: =IF(F10<D$3,"1. <Q1 density",IF(AND(F10>=D$3,F10<D$4),"2. Q1-Median density",IF(AND(F10>=D$4,F10<D$5),"3. Median-Q3 density","4. >Q3 density"))) -> 1. <Q1 density | AF10: DRC | AG10: 4. Very rapid education production - Less than 10 stock to grad | AH10: 1. <Q1 density
E11: Chad | F11: 22.710972 | G11: 4894.1517 | H11: 3250 | I11: =IF(H11=0,I$52,G11/H11) -> 1.5058928 | J11: =IF(I11<10,"4. Very rapid education production - Less than 10 stock to grad",IF(AND(I11>=10,I11<20),"3. Rapid education production - 10 to 20 stock to grad",IF(AND(I11>=20,I11<30),"2. Slow education production - 20 to 30 stock to grad","1. Very slow education production - 30 stock to grad and more"))) -> 4. Very rapid education production - Less than 10 stock to grad | K11: =IF(F11<D$3,"1. <Q1 density",IF(AND(F11>=D$3,F11<D$4),"2. Q1-Median density",IF(AND(F11>=D$4,F11<D$5),"3. Median-Q3 density","4. >Q3 density"))) -> 2. Q1-Median density | AF11: Guinea | AG11: 4. Very rapid education production - Less than 10 stock to grad | AH11: 1. <Q1 density
E12: Comoros | F12: 31.333795 | G12: 1138.971 | H12: 40 | I12: =IF(H12=0,I$52,G12/H12) -> 28.474274 | J12: =IF(I12<10,"4. Very rapid education production - Less than 10 stock to grad",IF(AND(I12>=10,I12<20),"3. Rapid education production - 10 to 20 stock to grad",IF(AND(I12>=20,I12<30),"2. Slow education production - 20 to 30 stock to grad","1. Very slow education production - 30 stock to grad and more"))) -> 2. Slow education production - 20 to 30 stock to grad | K12: =IF(F12<D$3,"1. <Q1 density",IF(AND(F12>=D$3,F12<D$4),"2. Q1-Median density",IF(AND(F12>=D$4,F12<D$5),"3. Median-Q3 density","4. >Q3 density"))) -> 2. Q1-Median density | AF12: Madagascar | AG12: 4. Very rapid education production - Less than 10 stock to grad | AH12: 1. <Q1 density
E13: Congo | F13: 20.330016 | G13: 6615 | H13: 120 | I13: =IF(H13=0,I$52,G13/H13) -> 55.125 | J13: =IF(I13<10,"4. Very rapid education production - Less than 10 stock to grad",IF(AND(I13>=10,I13<20),"3. Rapid education production - 10 to 20 stock to grad",IF(AND(I13>=20,I13<30),"2. Slow education production - 20 to 30 stock to grad","1. Very slow education production - 30 stock to grad and more"))) -> 1. Very slow education production - 30 stock to grad and more | K13: =IF(F13<D$3,"1. <Q1 density",IF(AND(F13>=D$3,F13<D$4),"2. Q1-Median density",IF(AND(F13>=D$4,F13<D$5),"3. Median-Q3 density","4. >Q3 density"))) -> 1. <Q1 density | AF13: Niger | AG13: 4. Very rapid education production - Less than 10 stock to grad | AH13: 1. <Q1 density
E14: Cote d'Ivoire | F14: 25.919754 | G14: 25552.785 | H14: 1261 | I14: =IF(H14=0,I$52,G14/H14) -> 20.263906 | J14: =IF(I14<10,"4. Very rapid education production - Less than 10 stock to grad",IF(AND(I14>=10,I14<20),"3. Rapid education production - 10 to 20 stock to grad",IF(AND(I14>=20,I14<30),"2. Slow education production - 20 to 30 stock to grad","1. Very slow education production - 30 stock to grad and more"))) -> 2. Slow education production - 20 to 30 stock to grad | K14: =IF(F14<D$3,"1. <Q1 density",IF(AND(F14>=D$3,F14<D$4),"2. Q1-Median density",IF(AND(F14>=D$4,F14<D$5),"3. Median-Q3 density","4. >Q3 density"))) -> 2. Q1-Median density | AF14: Comoros | AG14: 2. Slow education production - 20 to 30 stock to grad | AH14: 2. Q1-Median density
E15: DRC | F15: 15.888047 | G15: 136605.96 | H15: 30081 | I15: =IF(H15=0,I$52,G15/H15) -> 4.5412705 | J15: =IF(I15<10,"4. Very rapid education production - Less than 10 stock to grad",IF(AND(I15>=10,I15<20),"3. Rapid education production - 10 to 20 stock to grad",IF(AND(I15>=20,I15<30),"2. Slow education production - 20 to 30 stock to grad","1. Very slow education production - 30 stock to grad and more"))) -> 4. Very rapid education production - Less than 10 stock to grad | K15: =IF(F15<D$3,"1. <Q1 density",IF(AND(F15>=D$3,F15<D$4),"2. Q1-Median density",IF(AND(F15>=D$4,F15<D$5),"3. Median-Q3 density","4. >Q3 density"))) -> 1. <Q1 density | AF15: Cote d'Ivoire | AG15: 2. Slow education production - 20 to 30 stock to grad | AH15: 2. Q1-Median density
E16: Equatorial Guinea | F16: 27.930586 | G16: 1649.6824 | H16: 1729 | I16: =IF(H16=0,I$52,G16/H16) -> 0.95412515 | J16: =IF(I16<10,"4. Very rapid education production - Less than 10 stock to grad",IF(AND(I16>=10,I16<20),"3. Rapid education production - 10 to 20 stock to grad",IF(AND(I16>=20,I16<30),"2. Slow education production - 20 to 30 stock to grad","1. Very slow education production - 30 stock to grad and more"))) -> 4. Very rapid education production - Less than 10 stock to grad | K16: =IF(F16<D$3,"1. <Q1 density",IF(AND(F16>=D$3,F16<D$4),"2. Q1-Median density",IF(AND(F16>=D$4,F16<D$5),"3. Median-Q3 density","4. >Q3 density"))) -> 2. Q1-Median density | AF16: Eritrea | AG16: 3. Rapid education production - 10 to 20 stock to grad | AH16: 2. Q1-Median density
E17: Eritrea | F17: 38.107951 | G17: 5305.8176 | H17: 400 | I17: =IF(H17=0,I$52,G17/H17) -> 13.264544 | J17: =IF(I17<10,"4. Very rapid education production - Less than 10 stock to grad",IF(AND(I17>=10,I17<20),"3. Rapid education production - 10 to 20 stock to grad",IF(AND(I17>=20,I17<30),"2. Slow education production - 20 to 30 stock to grad","1. Very slow education production - 30 stock to grad and more"))) -> 3. Rapid education production - 10 to 20 stock to grad | K17: =IF(F17<D$3,"1. <Q1 density",IF(AND(F17>=D$3,F17<D$4),"2. Q1-Median density",IF(AND(F17>=D$4,F17<D$5),"3. Median-Q3 density","4. >Q3 density"))) -> 2. Q1-Median density | AF17: Ethiopia | AG17: 3. Rapid education production - 10 to 20 stock to grad | AH17: 2. Q1-Median density
E18: Eswatini | F18: 140.19826 | G18: 5929 | H18: 160 | I18: =IF(H18=0,I$52,G18/H18) -> 37.05625 | J18: =IF(I18<10,"4. Very rapid education production - Less than 10 stock to grad",IF(AND(I18>=10,I18<20),"3. Rapid education production - 10 to 20 stock to grad",IF(AND(I18>=20,I18<30),"2. Slow education production - 20 to 30 stock to grad","1. Very slow education production - 30 stock to grad and more"))) -> 1. Very slow education production - 30 stock to grad and more | K18: =IF(F18<D$3,"1. <Q1 density",IF(AND(F18>=D$3,F18<D$4),"2. Q1-Median density",IF(AND(F18>=D$4,F18<D$5),"3. Median-Q3 density","4. >Q3 density"))) -> 4. >Q3 density | AF18: Gambia | AG18: 3. Rapid education production - 10 to 20 stock to grad | AH18: 2. Q1-Median density
E19: Ethiopia | F19: 33.829584 | G19: 155003 | H19: 9412 | I19: =IF(H19=0,I$52,G19/H19) -> 16.468657 | J19: =IF(I19<10,"4. Very rapid education production - Less than 10 stock to grad",IF(AND(I19>=10,I19<20),"3. Rapid education production - 10 to 20 stock to grad",IF(AND(I19>=20,I19<30),"2. Slow education production - 20 to 30 stock to grad","1. Very slow education production - 30 stock to grad and more"))) -> 3. Rapid education production - 10 to 20 stock to grad | K19: =IF(F19<D$3,"1. <Q1 density",IF(AND(F19>=D$3,F19<D$4),"2. Q1-Median density",IF(AND(F19>=D$4,F19<D$5),"3. Median-Q3 density","4. >Q3 density"))) -> 2. Q1-Median density | AF19: Nigeria | AG19: 3. Rapid education production - 10 to 20 stock to grad | AH19: 2. Q1-Median density
E20: Gabon | F20: 57.112152 | G20: 6016.9897 | H20: 141 | I20: =IF(H20=0,I$52,G20/H20) -> 42.673686 | J20: =IF(I20<10,"4. Very rapid education production - Less than 10 stock to grad",IF(AND(I20>=10,I20<20),"3. Rapid education production - 10 to 20 stock to grad",IF(AND(I20>=20,I20<30),"2. Slow education production - 20 to 30 stock to grad","1. Very slow education production - 30 stock to grad and more"))) -> 1. Very slow education production - 30 stock to grad and more | K20: =IF(F20<D$3,"1. <Q1 density",IF(AND(F20>=D$3,F20<D$4),"2. Q1-Median density",IF(AND(F20>=D$4,F20<D$5),"3. Median-Q3 density","4. >Q3 density"))) -> 3. Median-Q3 density | AF20: Tanzania | AG20: 3. Rapid education production - 10 to 20 stock to grad | AH20: 2. Q1-Median density
E21: Gambia | F21: 34.171088 | G21: 1703.2709 | H21: 160 | I21: =IF(H21=0,I$52,G21/H21) -> 10.645443 | J21: =IF(I21<10,"4. Very rapid education production - Less than 10 stock to grad",IF(AND(I21>=10,I21<20),"3. Rapid education production - 10 to 20 stock to grad",IF(AND(I21>=20,I21<30),"2. Slow education production - 20 to 30 stock to grad","1. Very slow education production - 30 stock to grad and more"))) -> 3. Rapid education production - 10 to 20 stock to grad | K21: =IF(F21<D$3,"1. <Q1 density",IF(AND(F21>=D$3,F21<D$4),"2. Q1-Median density",IF(AND(F21>=D$4,F21<D$5),"3. Median-Q3 density","4. >Q3 density"))) -> 2. Q1-Median density | AF21: Togo | AG21: 3. Rapid education production - 10 to 20 stock to grad | AH21: 2. Q1-Median density
... E23: Guinea | F23: 17.813553 | G23: 5360.3289 | H23: 1731 | I23: =IF(H23=0,I$52,G23/H23) -> 3.096666 | J23: =IF(I23<10,"4. Very rapid education production - Less than 10 stock to grad",IF(AND(I23>=10,I23<20),"3. Rapid education production - 10 to 20 stock to grad",IF(AND(I23>=20,I23<30),"2. Slow education production - 20 to 30 stock to grad","1. Very slow education production - 30 stock to grad and more"))) -> 4. Very rapid education production - Less than 10 stock to grad | K23: =IF(F23<D$3,"1. <Q1 density",IF(AND(F23>=D$3,F23<D$4),"2. Q1-Median density",IF(AND(F23>=D$4,F23<D$5),"3. Median-Q3 density","4. >Q3 density"))) -> 1. <Q1 density | AF23: Equatorial Guinea | AG23: 4. Very rapid education production - Less than 10 stock to grad | AH23: 2. Q1-Median density
E24: Guinea-Bissau | F24: 43.637165 | G24: 2409.8738 | I24: =IF(H24=0,I$52,G24/H24) -> 22.857936 | J24: =IF(I24<10,"4. Very rapid education production - Less than 10 stock to grad",IF(AND(I24>=10,I24<20),"3. Rapid education production - 10 to 20 stock to grad",IF(AND(I24>=20,I24<30),"2. Slow education production - 20 to 30 stock to grad","1. Very slow education production - 30 stock to grad and more"))) -> 2. Slow education production - 20 to 30 stock to grad | K24: =IF(F24<D$3,"1. <Q1 density",IF(AND(F24>=D$3,F24<D$4),"2. Q1-Median density",IF(AND(F24>=D$4,F24<D$5),"3. Median-Q3 density","4. >Q3 density"))) -> 3. Median-Q3 density | AF24: Senegal | AG24: 4. Very rapid education production - Less than 10 stock to grad | AH24: 2. Q1-Median density
E25: Kenya | F25: 52.761766 | G25: 122451 | H25: 1628 | I25: =IF(H25=0,I$52,G25/H25) -> 75.215602 | J25: =IF(I25<10,"4. Very rapid education production - Less than 10 stock to grad",IF(AND(I25>=10,I25<20),"3. Rapid education production - 10 to 20 stock to grad",IF(AND(I25>=20,I25<30),"2. Slow education production - 20 to 30 stock to grad","1. Very slow education production - 30 stock to grad and more"))) -> 1. Very slow education production - 30 stock to grad and more | K25: =IF(F25<D$3,"1. <Q1 density",IF(AND(F25>=D$3,F25<D$4),"2. Q1-Median density",IF(AND(F25>=D$4,F25<D$5),"3. Median-Q3 density","4. >Q3 density"))) -> 3. Median-Q3 density | AF25: Gabon | AG25: 1. Very slow education production - 30 stock to grad and more | AH25: 3. Median-Q3 density
E26: Lesotho | F26: 125.68172 | G26: 1772.0899 | H26: 384 | I26: =IF(H26=0,I$52,G26/H26) -> 4.6148175 | J26: =IF(I26<10,"4. Very rapid education production - Less than 10 stock to grad",IF(AND(I26>=10,I26<20),"3. Rapid education production - 10 to 20 stock to grad",IF(AND(I26>=20,I26<30),"2. Slow education production - 20 to 30 stock to grad","1. Very slow education production - 30 stock to grad and more"))) -> 4. Very rapid education production - Less than 10 stock to grad | K26: =IF(F26<D$3,"1. <Q1 density",IF(AND(F26>=D$3,F26<D$4),"2. Q1-Median density",IF(AND(F26>=D$4,F26<D$5),"3. Median-Q3 density","4. >Q3 density"))) -> 4. >Q3 density | AF26: Kenya | AG26: 1. Very slow education production - 30 stock to grad and more | AH26: 3. Median-Q3 density
E27: Liberia | F27: 57.003752 | G27: 5377.7953 | H27: 92 | I27: =IF(H27=0,I$52,G27/H27) -> 58.454297 | J27: =IF(I27<10,"4. Very rapid education production - Less than 10 stock to grad",IF(AND(I27>=10,I27<20),"3. Rapid education production - 10 to 20 stock to grad",IF(AND(I27>=20,I27<30),"2. Slow education production - 20 to 30 stock to grad","1. Very slow education production - 30 stock to grad and more"))) -> 1. Very slow education production - 30 stock to grad and more | K27: =IF(F27<D$3,"1. <Q1 density",IF(AND(F27>=D$3,F27<D$4),"2. Q1-Median density",IF(AND(F27>=D$4,F27<D$5),"3. Median-Q3 density","4. >Q3 density"))) -> 3. Median-Q3 density | AF27: Liberia | AG27: 1. Very slow education production - 30 stock to grad and more | AH27: 3. Median-Q3 density
E28: Madagascar | F28: 21.968768 | G28: 9790 | H28: 2856 | I28: =IF(H28=0,I$52,G28/H28) -> 3.4278711 | J28: =IF(I28<10,"4. Very rapid education production - Less than 10 stock to grad",IF(AND(I28>=10,I28<20),"3. Rapid education production - 10 to 20 stock to grad",IF(AND(I28>=20,I28<30),"2. Slow education production - 20 to 30 stock to grad","1. Very slow education production - 30 stock to grad and more"))) -> 4. Very rapid education production - Less than 10 stock to grad | K28: =IF(F28<D$3,"1. <Q1 density",IF(AND(F28>=D$3,F28<D$4),"2. Q1-Median density",IF(AND(F28>=D$4,F28<D$5),"3. Median-Q3 density","4. >Q3 density"))) -> 1. <Q1 density | AF28: Mauritania | AG28: 1. Very slow education production - 30 stock to grad and more | AH28: 3. Median-Q3 density
E29: Malawi | F29: 18.931285 | G29: 10695.564 | H29: 501 | I29: =IF(H29=0,I$52,G29/H29) -> 21.348431 | J29: =IF(I29<10,"4. Very rapid education production - Less than 10 stock to grad",IF(AND(I29>=10,I29<20),"3. Rapid education production - 10 to 20 stock to grad",IF(AND(I29>=20,I29<30),"2. Slow education production - 20 to 30 stock to grad","1. Very slow education production - 30 stock to grad and more"))) -> 2. Slow education production - 20 to 30 stock to grad | K29: =IF(F29<D$3,"1. <Q1 density",IF(AND(F29>=D$3,F29<D$4),"2. Q1-Median density",IF(AND(F29>=D$4,F29<D$5),"3. Median-Q3 density","4. >Q3 density"))) -> 1. <Q1 density | AF29: Rwanda | AG29: 1. Very slow education production - 30 stock to grad and more | AH29: 3. Median-Q3 density
E30: Mali | F30: 16.946844 | G30: 10729 | I30: =IF(H30=0,I$52,G30/H30) -> 22.857936 | J30: =IF(I30<10,"4. Very rapid education production - Less than 10 stock to grad",IF(AND(I30>=10,I30<20),"3. Rapid education production - 10 to 20 stock to grad",IF(AND(I30>=20,I30<30),"2. Slow education production - 20 to 30 stock to grad","1. Very slow education production - 30 stock to grad and more"))) -> 2. Slow education production - 20 to 30 stock to grad | K30: =IF(F30<D$3,"1. <Q1 density",IF(AND(F30>=D$3,F30<D$4),"2. Q1-Median density",IF(AND(F30>=D$4,F30<D$5),"3. Median-Q3 density","4. >Q3 density"))) -> 1. <Q1 density | AF30: Angola | AG30: 2. Slow education production - 20 to 30 stock to grad | AH30: 3. Median-Q3 density
E31: Mauritania | F31: 43.978835 | G31: 7776.0347 | H31: 113 | I31: =IF(H31=0,I$52,G31/H31) -> 68.814466 | J31: =IF(I31<10,"4. Very rapid education production - Less than 10 stock to grad",IF(AND(I31>=10,I31<20),"3. Rapid education production - 10 to 20 stock to grad",IF(AND(I31>=20,I31<30),"2. Slow education production - 20 to 30 stock to grad","1. Very slow education production - 30 stock to grad and more"))) -> 1. Very slow education production - 30 stock to grad and more | K31: =IF(F31<D$3,"1. <Q1 density",IF(AND(F31>=D$3,F31<D$4),"2. Q1-Median density",IF(AND(F31>=D$4,F31<D$5),"3. Median-Q3 density","4. >Q3 density"))) -> 3. Median-Q3 density | AF31: Guinea-Bissau | AG31: 2. Slow education production - 20 to 30 stock to grad | AH31: 3. Median-Q3 density
E32: Mauritius | F32: 117.20285 | G32: 6432.5342 | H32: 607 | I32: =IF(H32=0,I$52,G32/H32) -> 10.597256 | J32: =IF(I32<10,"4. Very rapid education production - Less than 10 stock to grad",IF(AND(I32>=10,I32<20),"3. Rapid education production - 10 to 20 stock to grad",IF(AND(I32>=20,I32<30),"2. Slow education production - 20 to 30 stock to grad","1. Very slow education production - 30 stock to grad and more"))) -> 3. Rapid education production - 10 to 20 stock to grad | K32: =IF(F32<D$3,"1. <Q1 density",IF(AND(F32>=D$3,F32<D$4),"2. Q1-Median density",IF(AND(F32>=D$4,F32<D$5),"3. Median-Q3 density","4. >Q3 density"))) -> 4. >Q3 density | AF32: Sao Tome and Principe | AG32: 2. Slow education production - 20 to 30 stock to grad | AH32: 3. Median-Q3 density
E33: Mozambique | F33: 54.608508 | G33: 22887 | H33: 1399 | I33: =IF(H33=0,I$52,G33/H33) -> 16.359543 | J33: =IF(I33<10,"4. Very rapid education production - Less than 10 stock to grad",IF(AND(I33>=10,I33<20),"3. Rapid education production - 10 to 20 stock to grad",IF(AND(I33>=20,I33<30),"2. Slow education production - 20 to 30 stock to grad","1. Very slow education production - 30 stock to grad and more"))) -> 3. Rapid education production - 10 to 20 stock to grad | K33: =IF(F33<D$3,"1. <Q1 density",IF(AND(F33>=D$3,F33<D$4),"2. Q1-Median density",IF(AND(F33>=D$4,F33<D$5),"3. Median-Q3 density","4. >Q3 density"))) -> 3. Median-Q3 density | AF33: Mozambique | AG33: 3. Rapid education production - 10 to 20 stock to grad | AH33: 3. Median-Q3 density
E34: Namibia | F34: 105.35216 | G34: 17155.322 | H34: 675 | I34: =IF(H34=0,I$52,G34/H34) -> 25.415291 | J34: =IF(I34<10,"4. Very rapid education production - Less than 10 stock to grad",IF(AND(I34>=10,I34<20),"3. Rapid education production - 10 to 20 stock to grad",IF(AND(I34>=20,I34<30),"2. Slow education production - 20 to 30 stock to grad","1. Very slow education production - 30 stock to grad and more"))) -> 2. Slow education production - 20 to 30 stock to grad | K34: =IF(F34<D$3,"1. <Q1 density",IF(AND(F34>=D$3,F34<D$4),"2. Q1-Median density",IF(AND(F34>=D$4,F34<D$5),"3. Median-Q3 density","4. >Q3 density"))) -> 4. >Q3 density | AF34: Zambia | AG34: 3. Rapid education production - 10 to 20 stock to grad | AH34: 3. Median-Q3 density
E35: Niger | F35: 4.9558483 | G35: 5270.6694 | H35: 675 | I35: =IF(H35=0,I$52,G35/H35) -> 7.8083991 | J35: =IF(I35<10,"4. Very rapid education production - Less than 10 stock to grad",IF(AND(I35>=10,I35<20),"3. Rapid education production - 10 to 20 stock to grad",IF(AND(I35>=20,I35<30),"2. Slow education production - 20 to 30 stock to grad","1. Very slow education production - 30 stock to grad and more"))) -> 4. Very rapid education production - Less than 10 stock to grad | K35: =IF(F35<D$3,"1. <Q1 density",IF(AND(F35>=D$3,F35<D$4),"2. Q1-Median density",IF(AND(F35>=D$4,F35<D$5),"3. Median-Q3 density","4. >Q3 density"))) -> 1. <Q1 density | AF35: Burundi | AG35: 4. Very rapid education production - Less than 10 stock to grad | AH35: 3. Median-Q3 density
E36: Nigeria | F36: 36.583982 | G36: 306862 | H36: 17175 | I36: =IF(H36=0,I$52,G36/H36) -> 17.866783 | J36: =IF(I36<10,"4. Very rapid education production - Less than 10 stock to grad",IF(AND(I36>=10,I36<20),"3. Rapid education production - 10 to 20 stock to grad",IF(AND(I36>=20,I36<30),"2. Slow education production - 20 to 30 stock to grad","1. Very slow education production - 30 stock to grad and more"))) -> 3. Rapid education production - 10 to 20 stock to grad | K36: =IF(F36<D$3,"1. <Q1 density",IF(AND(F36>=D$3,F36<D$4),"2. Q1-Median density",IF(AND(F36>=D$4,F36<D$5),"3. Median-Q3 density","4. >Q3 density"))) -> 2. Q1-Median density | AF36: Sierra Leone | AG36: 4. Very rapid education production - Less than 10 stock to grad | AH36: 3. Median-Q3 density
E37: Rwanda | F37: 59.624043 | G37: 15149.24 | H37: 366 | I37: =IF(H37=0,I$52,G37/H37) -> 41.391365 | J37: =IF(I37<10,"4. Very rapid education production - Less than 10 stock to grad",IF(AND(I37>=10,I37<20),"3. Rapid education production - 10 to 20 stock to grad",IF(AND(I37>=20,I37<30),"2. Slow education production - 20 to 30 stock to grad","1. Very slow education production - 30 stock to grad and more"))) -> 1. Very slow education production - 30 stock to grad and more | K37: =IF(F37<D$3,"1. <Q1 density",IF(AND(F37>=D$3,F37<D$4),"2. Q1-Median density",IF(AND(F37>=D$4,F37<D$5),"3. Median-Q3 density","4. >Q3 density"))) -> 3. Median-Q3 density | AF37: Eswatini | AG37: 1. Very slow education production - 30 stock to grad and more | AH37: 4. >Q3 density
E38: Sao Tome and Principe | F38: 63.393221 | G38: 545 | I38: =IF(H38=0,I$52,G38/H38) -> 22.857936 | J38: =IF(I38<10,"4. Very rapid education production - Less than 10 stock to grad",IF(AND(I38>=10,I38<20),"3. Rapid education production - 10 to 20 stock to grad",IF(AND(I38>=20,I38<30),"2. Slow education production - 20 to 30 stock to grad","1. Very slow education production - 30 stock to grad and more"))) -> 2. Slow education production - 20 to 30 stock to grad | K38: =IF(F38<D$3,"1. <Q1 density",IF(AND(F38>=D$3,F38<D$4),"2. Q1-Median density",IF(AND(F38>=D$4,F38<D$5),"3. Median-Q3 density","4. >Q3 density"))) -> 3. Median-Q3 density | AF38: Seychelles | AG38: 1. Very slow education production - 30 stock to grad and more | AH38: 4. >Q3 density
E39: Senegal | F39: 23.796886 | G39: 7297.8623 | H39: 1016 | I39: =IF(H39=0,I$52,G39/H39) -> 7.1829353 | J39: =IF(I39<10,"4. Very rapid education production - Less than 10 stock to grad",IF(AND(I39>=10,I39<20),"3. Rapid education production - 10 to 20 stock to grad",IF(AND(I39>=20,I39<30),"2. Slow education production - 20 to 30 stock to grad","1. Very slow education production - 30 stock to grad and more"))) -> 4. Very rapid education production - Less than 10 stock to grad | K39: =IF(F39<D$3,"1. <Q1 density",IF(AND(F39>=D$3,F39<D$4),"2. Q1-Median density",IF(AND(F39>=D$4,F39<D$5),"3. Median-Q3 density","4. >Q3 density"))) -> 2. Q1-Median density | AF39: South Africa | AG39: 1. Very slow education production - 30 stock to grad and more | AH39: 4. >Q3 density
E40: Seychelles | F40: 296.46629 | G40: 2105 | H40: 50 | I40: =IF(H40=0,I$52,G40/H40) -> 42.1 | J40: =IF(I40<10,"4. Very rapid education production - Less than 10 stock to grad",IF(AND(I40>=10,I40<20),"3. Rapid education production - 10 to 20 stock to grad",IF(AND(I40>=20,I40<30),"2. Slow education production - 20 to 30 stock to grad","1. Very slow education production - 30 stock to grad and more"))) -> 1. Very slow education production - 30 stock to grad and more | K40: =IF(F40<D$3,"1. <Q1 density",IF(AND(F40>=D$3,F40<D$4),"2. Q1-Median density",IF(AND(F40>=D$4,F40<D$5),"3. Median-Q3 density","4. >Q3 density"))) -> 4. >Q3 density | AF40: Zimbabwe | AG40: 1. Very slow education production - 30 stock to grad and more | AH40: 4. >Q3 density
E41: Sierra Leone | F41: 45.477301 | G41: 16772 | H41: 1972 | I41: =IF(H41=0,I$52,G41/H41) -> 8.505071 | J41: =IF(I41<10,"4. Very rapid education production - Less than 10 stock to grad",IF(AND(I41>=10,I41<20),"3. Rapid education production - 10 to 20 stock to grad",IF(AND(I41>=20,I41<30),"2. Slow education production - 20 to 30 stock to grad","1. Very slow education production - 30 stock to grad and more"))) -> 4. Very rapid education production - Less than 10 stock to grad | K41: =IF(F41<D$3,"1. <Q1 density",IF(AND(F41>=D$3,F41<D$4),"2. Q1-Median density",IF(AND(F41>=D$4,F41<D$5),"3. Median-Q3 density","4. >Q3 density"))) -> 3. Median-Q3 density | AF41: Algeria | AG41: 2. Slow education production - 20 to 30 stock to grad | AH41: 4. >Q3 density
E42: South Africa | F42: 110.14054 | G42: 445282.25 | H42: 4152 | I42: =IF(H42=0,I$52,G42/H42) -> 107.24524 | J42: =IF(I42<10,"4. Very rapid education production - Less than 10 stock to grad",IF(AND(I42>=10,I42<20),"3. Rapid education production - 10 to 20 stock to grad",IF(AND(I42>=20,I42<30),"2. Slow education production - 20 to 30 stock to grad","1. Very slow education production - 30 stock to grad and more"))) -> 1. Very slow education production - 30 stock to grad and more | K42: =IF(F42<D$3,"1. <Q1 density",IF(AND(F42>=D$3,F42<D$4),"2. Q1-Median density",IF(AND(F42>=D$4,F42<D$5),"3. Median-Q3 density","4. >Q3 density"))) -> 4. >Q3 density | AF42: Cape-Verde | AG42: 2. Slow education production - 20 to 30 stock to grad | AH42: 4. >Q3 density
E43: South Sudan | F43: 19.704582 | G43: 4986 | H43: 241 | I43: =IF(H43=0,I$52,G43/H43) -> 20.688797 | J43: =IF(I43<10,"4. Very rapid education production - Less than 10 stock to grad",IF(AND(I43>=10,I43<20),"3. Rapid education production - 10 to 20 stock to grad",IF(AND(I43>=20,I43<30),"2. Slow education production - 20 to 30 stock to grad","1. Very slow education production - 30 stock to grad and more"))) -> 2. Slow education production - 20 to 30 stock to grad | K43: =IF(F43<D$3,"1. <Q1 density",IF(AND(F43>=D$3,F43<D$4),"2. Q1-Median density",IF(AND(F43>=D$4,F43<D$5),"3. Median-Q3 density","4. >Q3 density"))) -> 1. <Q1 density | AF43: Namibia | AG43: 2. Slow education production - 20 to 30 stock to grad | AH43: 4. >Q3 density
E44: Tanzania | F44: 28.683352 | G44: 40633 | H44: 3250 | I44: =IF(H44=0,I$52,G44/H44) -> 12.502462 | J44: =IF(I44<10,"4. Very rapid education production - Less than 10 stock to grad",IF(AND(I44>=10,I44<20),"3. Rapid education production - 10 to 20 stock to grad",IF(AND(I44>=20,I44<30),"2. Slow education production - 20 to 30 stock to grad","1. Very slow education production - 30 stock to grad and more"))) -> 3. Rapid education production - 10 to 20 stock to grad | K44: =IF(F44<D$3,"1. <Q1 density",IF(AND(F44>=D$3,F44<D$4),"2. Q1-Median density",IF(AND(F44>=D$4,F44<D$5),"3. Median-Q3 density","4. >Q3 density"))) -> 2. Q1-Median density | AF44: Botswana | AG44: 3. Rapid education production - 10 to 20 stock to grad | AH44: 4. >Q3 density
E45: Togo | F45: 30.235229 | G45: 3360 | H45: 317 | I45: =IF(H45=0,I$52,G45/H45) -> 10.599369 | J45: =IF(I45<10,"4. Very rapid education production - Less than 10 stock to grad",IF(AND(I45>=10,I45<20),"3. Rapid education production - 10 to 20 stock to grad",IF(AND(I45>=20,I45<30),"2. Slow education production - 20 to 30 stock to grad","1. Very slow education production - 30 stock to grad and more"))) -> 3. Rapid education production - 10 to 20 stock to grad | K45: =IF(F45<D$3,"1. <Q1 density",IF(AND(F45>=D$3,F45<D$4),"2. Q1-Median density",IF(AND(F45>=D$4,F45<D$5),"3. Median-Q3 density","4. >Q3 density"))) -> 2. Q1-Median density | AF45: Mauritius | AG45: 3. Rapid education production - 10 to 20 stock to grad | AH45: 4. >Q3 density
E46: Uganda | F46: 70.939807 | G46: 83248.781 | H46: 15998 | I46: =IF(H46=0,I$52,G46/H46) -> 5.2036993 | J46: =IF(I46<10,"4. Very rapid education production - Less than 10 stock to grad",IF(AND(I46>=10,I46<20),"3. Rapid education production - 10 to 20 stock to grad",IF(AND(I46>=20,I46<30),"2. Slow education production - 20 to 30 stock to grad","1. Very slow education production - 30 stock to grad and more"))) -> 4. Very rapid education production - Less than 10 stock to grad | K46: =IF(F46<D$3,"1. <Q1 density",IF(AND(F46>=D$3,F46<D$4),"2. Q1-Median density",IF(AND(F46>=D$4,F46<D$5),"3. Median-Q3 density","4. >Q3 density"))) -> 4. >Q3 density | AF46: Ghana | AG46: 4. Very rapid education production - Less than 10 stock to grad | AH46: 4. >Q3 density
E47: Zambia | F47: 55.939473 | G47: 56506 | H47: 5372 | I47: =IF(H47=0,I$52,G47/H47) -> 10.518615 | J47: =IF(I47<10,"4. Very rapid education production - Less than 10 stock to grad",IF(AND(I47>=10,I47<20),"3. Rapid education production - 10 to 20 stock to grad",IF(AND(I47>=20,I47<30),"2. Slow education production - 20 to 30 stock to grad","1. Very slow education production - 30 stock to grad and more"))) -> 3. Rapid education production - 10 to 20 stock to grad | K47: =IF(F47<D$3,"1. <Q1 density",IF(AND(F47>=D$3,F47<D$4),"2. Q1-Median density",IF(AND(F47>=D$4,F47<D$5),"3. Median-Q3 density","4. >Q3 density"))) -> 3. Median-Q3 density | AF47: Lesotho | AG47: 4. Very rapid education production - Less than 10 stock to grad | AH47: 4. >Q3 density
E48: Zimbabwe | F48: 64.042987 | G48: 49668.598 | H48: 1365 | I48: =IF(H48=0,I$52,G48/H48) -> 36.387252 | J48: =IF(I48<10,"4. Very rapid education production - Less than 10 stock to grad",IF(AND(I48>=10,I48<20),"3. Rapid education production - 10 to 20 stock to grad",IF(AND(I48>=20,I48<30),"2. Slow education production - 20 to 30 stock to grad","1. Very slow education production - 30 stock to grad and more"))) -> 1. Very slow education production - 30 stock to grad and more | K48: =IF(F48<D$3,"1. <Q1 density",IF(AND(F48>=D$3,F48<D$4),"2. Q1-Median density",IF(AND(F48>=D$4,F48<D$5),"3. Median-Q3 density","4. >Q3 density"))) -> 4. >Q3 density | AF48: Uganda | AG48: 4. Very rapid education production - Less than 10 stock to grad | AH48: 4. >Q3 density
H52: Average | I52: 22.857936
K53: Very rapid education production (less than 9 years to double stock) | L53: Assuming a | M53: 35 | N53: years of full time work on average (30-65) | T53: 9 | AA53: 16
J54: 10 | K54: Rapid education production (9-16 years to double stock) | L54: 100 | M54: =L54+L54/$J54 -> 110 | N54: =M54+M54/$J54 -> 121 | O54: =N54+N54/$J54 -> 133.1 | P54: =O54+O54/$J54 -> 146.41 | Q54: =P54+P54/$J54 -> 161.051 | R54: =Q54+Q54/$J54 -> 177.1561 | S54: =R54+R54/$J54 -> 194.87171 | T54: =S54+S54/$J54 -> 214.35888 | ... AF54: =AE54+AE54/$J54 -> 672.74999
J55: 20 | K55: Slow education production (16-23 years to double stock) | L55: 100 | M55: =L55+L55/$J55 -> 105 | N55: =M55+M55/$J55 -> 110.25 | O55: =N55+N55/$J55 -> 115.7625 | P55: =O55+O55/$J55 -> 121.55062 | Q55: =P55+P55/$J55 -> 127.62816 | R55: =Q55+Q55/$J55 -> 134.00956 | S55: =R55+R55/$J55 -> 140.71004 | T55: =S55+S55/$J55 -> 147.74554 | ... AF55: =AE55+AE55/$J55 -> 265.32977
J56: 30 | K56: Very slow education production (more than 23 years to double stock) | L56: 100 | M56: =L56+L56/$J56 -> 103.33333 | N56: =M56+M56/$J56 -> 106.77778 | O56: =N56+N56/$J56 -> 110.33704 | P56: =O56+O56/$J56 -> 114.01494 | Q56: =P56+P56/$J56 -> 117.81544 | R56: =Q56+Q56/$J56 -> 121.74262 | S56: =R56+R56/$J56 -> 125.8007 | T56: =S56+S56/$J56 -> 129.99406 | ... AF56: =AE56+AE56/$J56 -> 192.66764

Sheet Sheet4
A3: Count of Country | B3: Column Labels
A4: Row Labels | B4: <Q1 density | C4: >Q3 density | D4: Median-Q3 density | E4: Q1-Median density | F4: Grand Total
A5: Rapid education production - 10 to 20 stock to grad | C5: 2 | D5: 2 | E5: 6 | F5: 10
A6: Slow education production - 20 to 30 stock to grad | B6: 3 | C6: 3 | D6: 3 | E6: 2 | F6: 11
A7: Very rapid education production - Less than 10 stock to grad | B7: 7 | C7: 3 | D7: 2 | E7: 3 | F7: 15
A8: Very slow education production - 30 stock to grad and more | B8: 2 | C8: 4 | D8: 5 | F8: 11
A9: Grand Total | B9: 12 | C9: 12 | D9: 12 | E9: 11 | F9: 47

Sheet Combined density-grad-stock (2)
A1: FORBIDDEN CELL FOR JAMES | E1: Country | F1: Density per 10,000 (2022) | G1: Doctors and Nurses Stock 2022 | H1: Doctors and Nurses graduates | I1: Ratio stock to graduates | J1: categories | K1: Density quartile | AF1: Country | AG1: categories | AH1: Density quartile | AI1: Fiscal space
C2: Density quartiles | E2: Algeria | F2: 98.058569 | G2: 53077.718 | I2: =IF(H2=0,I$52,G2/H2) -> 22.857936 | J2: =IF(I2<10,"4. Very rapid education production - Less than 10 stock to grad",IF(AND(I2>=10,I2<20),"3. Rapid education production - 10 to 20 stock to grad",IF(AND(I2>=20,I2<30),"2. Slow education production - 20 to 30 stock to grad","1. Very slow education production - 30 stock to grad and more"))) -> 2. Slow education production - 20 to 30 stock to grad | K2: =IF(F2<D$3,"1. <Q1 density",IF(AND(F2>=D$3,F2<D$4),"2. Q1-Median density",IF(AND(F2>=D$4,F2<D$5),"3. Median-Q3 density","4. >Q3 density"))) -> 4. >Q3 density | AF2: Central African Republic | AG2: 1. Very slow education production - 30 stock to grad and more | AH2: 1. <Q1 density
C3: Q1 | D3: =PERCENTILE(F2:F48,0.25) -> 22.33987 | E3: Angola | F3: 38.456346 | G3: 75410.354 | H3: 3561 | I3: =IF(H3=0,I$52,G3/H3) -> 21.176735 | J3: =IF(I3<10,"4. Very rapid education production - Less than 10 stock to grad",IF(AND(I3>=10,I3<20),"3. Rapid education production - 10 to 20 stock to grad",IF(AND(I3>=20,I3<30),"2. Slow education production - 20 to 30 stock to grad","1. Very slow education production - 30 stock to grad and more"))) -> 2. Slow education production - 20 to 30 stock to grad | K3: =IF(F3<D$3,"1. <Q1 density",IF(AND(F3>=D$3,F3<D$4),"2. Q1-Median density",IF(AND(F3>=D$4,F3<D$5),"3. Median-Q3 density","4. >Q3 density"))) -> 3. Median-Q3 density | AF3: Congo | AG3: 1. Very slow education production - 30 stock to grad and more | AH3: 1. <Q1 density
C4: Median | D4: =MEDIAN(F2:F48) -> 38.456346 | E4: Benin | F4: 18.729624 | G4: 8501 | H4: 1037 | I4: =IF(H4=0,I$52,G4/H4) -> 8.1976856 | J4: =IF(I4<10,"4. Very rapid education production - Less than 10 stock to grad",IF(AND(I4>=10,I4<20),"3. Rapid education production - 10 to 20 stock to grad",IF(AND(I4>=20,I4<30),"2. Slow education production - 20 to 30 stock to grad","1. Very slow education production - 30 stock to grad and more"))) -> 4. Very rapid education production - Less than 10 stock to grad | K4: =IF(F4<D$3,"1. <Q1 density",IF(AND(F4>=D$3,F4<D$4),"2. Q1-Median density",IF(AND(F4>=D$4,F4<D$5),"3. Median-Q3 density","4. >Q3 density"))) -> 1. <Q1 density | AF4: Malawi | AG4: 2. Slow education production - 20 to 30 stock to grad | AH4: 1. <Q1 density
C5: Q3 | D5: =PERCENTILE(F2:F48,0.75) -> 63.718104 | E5: Botswana | F5: 68.115844 | G5: 9020 | H5: 550 | I5: =IF(H5=0,I$52,G5/H5) -> 16.4 | J5: =IF(I5<10,"4. Very rapid education production - Less than 10 stock to grad",IF(AND(I5>=10,I5<20),"3. Rapid education production - 10 to 20 stock to grad",IF(AND(I5>=20,I5<30),"2. Slow education production - 20 to 30 stock to grad","1. Very slow education production - 30 stock to grad and more"))) -> 3. Rapid education production - 10 to 20 stock to grad | K5: =IF(F5<D$3,"1. <Q1 density",IF(AND(F5>=D$3,F5<D$4),"2. Q1-Median density",IF(AND(F5>=D$4,F5<D$5),"3. Median-Q3 density","4. >Q3 density"))) -> 4. >Q3 density | AF5: Mali | AG5: 2. Slow education production - 20 to 30 stock to grad | AH5: 1. <Q1 density
E6: Burkina Faso | F6: 16.827323 | G6: 17284 | H6: 2662 | I6: =IF(H6=0,I$52,G6/H6) -> 6.4928625 | J6: =IF(I6<10,"4. Very rapid education production - Less than 10 stock to grad",IF(AND(I6>=10,I6<20),"3. Rapid education production - 10 to 20 stock to grad",IF(AND(I6>=20,I6<30),"2. Slow education production - 20 to 30 stock to grad","1. Very slow education production - 30 stock to grad and more"))) -> 4. Very rapid education production - Less than 10 stock to grad | K6: =IF(F6<D$3,"1. <Q1 density",IF(AND(F6>=D$3,F6<D$4),"2. Q1-Median density",IF(AND(F6>=D$4,F6<D$5),"3. Median-Q3 density","4. >Q3 density"))) -> 1. <Q1 density | AF6: South Sudan | AG6: 2. Slow education production - 20 to 30 stock to grad | AH6: 1. <Q1 density
E7: Burundi | F7: 40.986337 | G7: 10386.861 | H7: 1792 | I7: =IF(H7=0,I$52,G7/H7) -> 5.7962394 | J7: =IF(I7<10,"4. Very rapid education production - Less than 10 stock to grad",IF(AND(I7>=10,I7<20),"3. Rapid education production - 10 to 20 stock to grad",IF(AND(I7>=20,I7<30),"2. Slow education production - 20 to 30 stock to grad","1. Very slow education production - 30 stock to grad and more"))) -> 4. Very rapid education production - Less than 10 stock to grad | K7: =IF(F7<D$3,"1. <Q1 density",IF(AND(F7>=D$3,F7<D$4),"2. Q1-Median density",IF(AND(F7>=D$4,F7<D$5),"3. Median-Q3 density","4. >Q3 density"))) -> 3. Median-Q3 density | AF7: Benin | AG7: 4. Very rapid education production - Less than 10 stock to grad | AH7: 1. <Q1 density
E8: Cameroon | F8: 11.326442 | G8: 20232 | H8: 3460 | I8: =IF(H8=0,I$52,G8/H8) -> 5.8473988 | J8: =IF(I8<10,"4. Very rapid education production - Less than 10 stock to grad",IF(AND(I8>=10,I8<20),"3. Rapid education production - 10 to 20 stock to grad",IF(AND(I8>=20,I8<30),"2. Slow education production - 20 to 30 stock to grad","1. Very slow education production - 30 stock to grad and more"))) -> 4. Very rapid education production - Less than 10 stock to grad | K8: =IF(F8<D$3,"1. <Q1 density",IF(AND(F8>=D$3,F8<D$4),"2. Q1-Median density",IF(AND(F8>=D$4,F8<D$5),"3. Median-Q3 density","4. >Q3 density"))) -> 1. <Q1 density | AF8: Burkina Faso | AG8: 4. Very rapid education production - Less than 10 stock to grad | AH8: 1. <Q1 density
E9: Cabo Verde | F9: 104.3631 | G9: 3585 | I9: =IF(H9=0,I$52,G9/H9) -> 22.857936 | J9: =IF(I9<10,"4. Very rapid education production - Less than 10 stock to grad",IF(AND(I9>=10,I9<20),"3. Rapid education production - 10 to 20 stock to grad",IF(AND(I9>=20,I9<30),"2. Slow education production - 20 to 30 stock to grad","1. Very slow education production - 30 stock to grad and more"))) -> 2. Slow education production - 20 to 30 stock to grad | K9: =IF(F9<D$3,"1. <Q1 density",IF(AND(F9>=D$3,F9<D$4),"2. Q1-Median density",IF(AND(F9>=D$4,F9<D$5),"3. Median-Q3 density","4. >Q3 density"))) -> 4. >Q3 density | AF9: Cameroon | AG9: 4. Very rapid education production - Less than 10 stock to grad | AH9: 1. <Q1 density
E10: Central African Republic | F10: 10.210731 | G10: 794.86973 | H10: 18 | I10: =IF(H10=0,I$52,G10/H10) -> 44.159429 | J10: =IF(I10<10,"4. Very rapid education production - Less than 10 stock to grad",IF(AND(I10>=10,I10<20),"3. Rapid education production - 10 to 20 stock to grad",IF(AND(I10>=20,I10<30),"2. Slow education production - 20 to 30 stock to grad","1. Very slow education production - 30 stock to grad and more"))) -> 1. Very slow education production - 30 stock to grad and more | K10: =IF(F10<D$3,"1. <Q1 density",IF(AND(F10>=D$3,F10<D$4),"2. Q1-Median density",IF(AND(F10>=D$4,F10<D$5),"3. Median-Q3 density","4. >Q3 density"))) -> 1. <Q1 density | AF10: DRC | AG10: 4. Very rapid education production - Less than 10 stock to grad | AH10: 1. <Q1 density
E11: Chad | F11: 22.710972 | G11: 4894.1517 | H11: 3250 | I11: =IF(H11=0,I$52,G11/H11) -> 1.5058928 | J11: =IF(I11<10,"4. Very rapid education production - Less than 10 stock to grad",IF(AND(I11>=10,I11<20),"3. Rapid education production - 10 to 20 stock to grad",IF(AND(I11>=20,I11<30),"2. Slow education production - 20 to 30 stock to grad","1. Very slow education production - 30 stock to grad and more"))) -> 4. Very rapid education production - Less than 10 stock to grad | K11: =IF(F11<D$3,"1. <Q1 density",IF(AND(F11>=D$3,F11<D$4),"2. Q1-Median density",IF(AND(F11>=D$4,F11<D$5),"3. Median-Q3 density","4. >Q3 density"))) -> 2. Q1-Median density | AF11: Guinea | AG11: 4. Very rapid education production - Less than 10 stock to grad | AH11: 1. <Q1 density
E12: Comoros | F12: 31.333795 | G12: 1138.971 | H12: 40 | I12: =IF(H12=0,I$52,G12/H12) -> 28.474274 | J12: =IF(I12<10,"4. Very rapid education production - Less than 10 stock to grad",IF(AND(I12>=10,I12<20),"3. Rapid education production - 10 to 20 stock to grad",IF(AND(I12>=20,I12<30),"2. Slow education production - 20 to 30 stock to grad","1. Very slow education production - 30 stock to grad and more"))) -> 2. Slow education production - 20 to 30 stock to grad | K12: =IF(F12<D$3,"1. <Q1 density",IF(AND(F12>=D$3,F12<D$4),"2. Q1-Median density",IF(AND(F12>=D$4,F12<D$5),"3. Median-Q3 density","4. >Q3 density"))) -> 2. Q1-Median density | AF12: Madagascar | AG12: 4. Very rapid education production - Less than 10 stock to grad | AH12: 1. <Q1 density
E13: Republic of Congo | F13: 20.330016 | G13: 6615 | H13: 120 | I13: =IF(H13=0,I$52,G13/H13) -> 55.125 | J13: =IF(I13<10,"4. Very rapid education production - Less than 10 stock to grad",IF(AND(I13>=10,I13<20),"3. Rapid education production - 10 to 20 stock to grad",IF(AND(I13>=20,I13<30),"2. Slow education production - 20 to 30 stock to grad","1. Very slow education production - 30 stock to grad and more"))) -> 1. Very slow education production - 30 stock to grad and more | K13: =IF(F13<D$3,"1. <Q1 density",IF(AND(F13>=D$3,F13<D$4),"2. Q1-Median density",IF(AND(F13>=D$4,F13<D$5),"3. Median-Q3 density","4. >Q3 density"))) -> 1. <Q1 density | AF13: Niger | AG13: 4. Very rapid education production - Less than 10 stock to grad | AH13: 1. <Q1 density
E14: Côte d'Ivoire | F14: 25.919754 | G14: 25552.785 | H14: 1261 | I14: =IF(H14=0,I$52,G14/H14) -> 20.263906 | J14: =IF(I14<10,"4. Very rapid education production - Less than 10 stock to grad",IF(AND(I14>=10,I14<20),"3. Rapid education production - 10 to 20 stock to grad",IF(AND(I14>=20,I14<30),"2. Slow education production - 20 to 30 stock to grad","1. Very slow education production - 30 stock to grad and more"))) -> 2. Slow education production - 20 to 30 stock to grad | K14: =IF(F14<D$3,"1. <Q1 density",IF(AND(F14>=D$3,F14<D$4),"2. Q1-Median density",IF(AND(F14>=D$4,F14<D$5),"3. Median-Q3 density","4. >Q3 density"))) -> 2. Q1-Median density | AF14: Comoros | AG14: 2. Slow education production - 20 to 30 stock to grad | AH14: 2. Q1-Median density
E15: Democratic Republic of the Congo | F15: 15.888047 | G15: 136605.96 | H15: 30081 | I15: =IF(H15=0,I$52,G15/H15) -> 4.5412705 | J15: =IF(I15<10,"4. Very rapid education production - Less than 10 stock to grad",IF(AND(I15>=10,I15<20),"3. Rapid education production - 10 to 20 stock to grad",IF(AND(I15>=20,I15<30),"2. Slow education production - 20 to 30 stock to grad","1. Very slow education production - 30 stock to grad and more"))) -> 4. Very rapid education production - Less than 10 stock to grad | K15: =IF(F15<D$3,"1. <Q1 density",IF(AND(F15>=D$3,F15<D$4),"2. Q1-Median density",IF(AND(F15>=D$4,F15<D$5),"3. Median-Q3 density","4. >Q3 density"))) -> 1. <Q1 density | AF15: Cote d'Ivoire | AG15: 2. Slow education production - 20 to 30 stock to grad | AH15: 2. Q1-Median density
E16: Equatorial Guinea | F16: 27.930586 | G16: 1649.6824 | H16: 1729 | I16: =IF(H16=0,I$52,G16/H16) -> 0.95412515 | J16: =IF(I16<10,"4. Very rapid education production - Less than 10 stock to grad",IF(AND(I16>=10,I16<20),"3. Rapid education production - 10 to 20 stock to grad",IF(AND(I16>=20,I16<30),"2. Slow education production - 20 to 30 stock to grad","1. Very slow education production - 30 stock to grad and more"))) -> 4. Very rapid education production - Less than 10 stock to grad | K16: =IF(F16<D$3,"1. <Q1 density",IF(AND(F16>=D$3,F16<D$4),"2. Q1-Median density",IF(AND(F16>=D$4,F16<D$5),"3. Median-Q3 density","4. >Q3 density"))) -> 2. Q1-Median density | AF16: Eritrea | AG16: 3. Rapid education production - 10 to 20 stock to grad | AH16: 2. Q1-Median density
E17: Eritrea | F17: 38.107951 | G17: 5305.8176 | H17: 400 | I17: =IF(H17=0,I$52,G17/H17) -> 13.264544 | J17: =IF(I17<10,"4. Very rapid education production - Less than 10 stock to grad",IF(AND(I17>=10,I17<20),"3. Rapid education production - 10 to 20 stock to grad",IF(AND(I17>=20,I17<30),"2. Slow education production - 20 to 30 stock to grad","1. Very slow education production - 30 stock to grad and more"))) -> 3. Rapid education production - 10 to 20 stock to grad | K17: =IF(F17<D$3,"1. <Q1 density",IF(AND(F17>=D$3,F17<D$4),"2. Q1-Median density",IF(AND(F17>=D$4,F17<D$5),"3. Median-Q3 density","4. >Q3 density"))) -> 2. Q1-Median density | AF17: Ethiopia | AG17: 3. Rapid education production - 10 to 20 stock to grad | AH17: 2. Q1-Median density
E18: Eswatini | F18: 140.19826 | G18: 5929 | H18: 160 | I18: =IF(H18=0,I$52,G18/H18) -> 37.05625 | J18: =IF(I18<10,"4. Very rapid education production - Less than 10 stock to grad",IF(AND(I18>=10,I18<20),"3. Rapid education production - 10 to 20 stock to grad",IF(AND(I18>=20,I18<30),"2. Slow education production - 20 to 30 stock to grad","1. Very slow education production - 30 stock to grad and more"))) -> 1. Very slow education production - 30 stock to grad and more | K18: =IF(F18<D$3,"1. <Q1 density",IF(AND(F18>=D$3,F18<D$4),"2. Q1-Median density",IF(AND(F18>=D$4,F18<D$5),"3. Median-Q3 density","4. >Q3 density"))) -> 4. >Q3 density | AF18: Gambia | AG18: 3. Rapid education production - 10 to 20 stock to grad | AH18: 2. Q1-Median density
E19: Ethiopia | F19: 33.829584 | G19: 155003 | H19: 9412 | I19: =IF(H19=0,I$52,G19/H19) -> 16.468657 | J19: =IF(I19<10,"4. Very rapid education production - Less than 10 stock to grad",IF(AND(I19>=10,I19<20),"3. Rapid education production - 10 to 20 stock to grad",IF(AND(I19>=20,I19<30),"2. Slow education production - 20 to 30 stock to grad","1. Very slow education production - 30 stock to grad and more"))) -> 3. Rapid education production - 10 to 20 stock to grad | K19: =IF(F19<D$3,"1. <Q1 density",IF(AND(F19>=D$3,F19<D$4),"2. Q1-Median density",IF(AND(F19>=D$4,F19<D$5),"3. Median-Q3 density","4. >Q3 density"))) -> 2. Q1-Median density | AF19: Nigeria | AG19: 3. Rapid education production - 10 to 20 stock to grad | AH19: 2. Q1-Median density
E20: Gabon | F20: 57.112152 | G20: 6016.9897 | H20: 141 | I20: =IF(H20=0,I$52,G20/H20) -> 42.673686 | J20: =IF(I20<10,"4. Very rapid education production - Less than 10 stock to grad",IF(AND(I20>=10,I20<20),"3. Rapid education production - 10 to 20 stock to grad",IF(AND(I20>=20,I20<30),"2. Slow education production - 20 to 30 stock to grad","1. Very slow education production - 30 stock to grad and more"))) -> 1. Very slow education production - 30 stock to grad and more | K20: =IF(F20<D$3,"1. <Q1 density",IF(AND(F20>=D$3,F20<D$4),"2. Q1-Median density",IF(AND(F20>=D$4,F20<D$5),"3. Median-Q3 density","4. >Q3 density"))) -> 3. Median-Q3 density | AF20: Tanzania | AG20: 3. Rapid education production - 10 to 20 stock to grad | AH20: 2. Q1-Median density
E21: The Gambia | F21: 34.171088 | G21: 1703.2709 | H21: 160 | I21: =IF(H21=0,I$52,G21/H21) -> 10.645443 | J21: =IF(I21<10,"4. Very rapid education production - Less than 10 stock to grad",IF(AND(I21>=10,I21<20),"3. Rapid education production - 10 to 20 stock to grad",IF(AND(I21>=20,I21<30),"2. Slow education production - 20 to 30 stock to grad","1. Very slow education production - 30 stock to grad and more"))) -> 3. Rapid education production - 10 to 20 stock to grad | K21: =IF(F21<D$3,"1. <Q1 density",IF(AND(F21>=D$3,F21<D$4),"2. Q1-Median density",IF(AND(F21>=D$4,F21<D$5),"3. Median-Q3 density","4. >Q3 density"))) -> 2. Q1-Median density | AF21: Togo | AG21: 3. Rapid education production - 10 to 20 stock to grad | AH21: 2. Q1-Median density
... E23: Guinea | F23: 17.813553 | G23: 5360.3289 | H23: 1731 | I23: =IF(H23=0,I$52,G23/H23) -> 3.096666 | J23: =IF(I23<10,"4. Very rapid education production - Less than 10 stock to grad",IF(AND(I23>=10,I23<20),"3. Rapid education production - 10 to 20 stock to grad",IF(AND(I23>=20,I23<30),"2. Slow education production - 20 to 30 stock to grad","1. Very slow education production - 30 stock to grad and more"))) -> 4. Very rapid education production - Less than 10 stock to grad | K23: =IF(F23<D$3,"1. <Q1 density",IF(AND(F23>=D$3,F23<D$4),"2. Q1-Median density",IF(AND(F23>=D$4,F23<D$5),"3. Median-Q3 density","4. >Q3 density"))) -> 1. <Q1 density | AF23: Equatorial Guinea | AG23: 4. Very rapid education production - Less than 10 stock to grad | AH23: 2. Q1-Median density
E24: Guinea-Bissau | F24: 43.637165 | G24: 2409.8738 | I24: =IF(H24=0,I$52,G24/H24) -> 22.857936 | J24: =IF(I24<10,"4. Very rapid education production - Less than 10 stock to grad",IF(AND(I24>=10,I24<20),"3. Rapid education production - 10 to 20 stock to grad",IF(AND(I24>=20,I24<30),"2. Slow education production - 20 to 30 stock to grad","1. Very slow education production - 30 stock to grad and more"))) -> 2. Slow education production - 20 to 30 stock to grad | K24: =IF(F24<D$3,"1. <Q1 density",IF(AND(F24>=D$3,F24<D$4),"2. Q1-Median density",IF(AND(F24>=D$4,F24<D$5),"3. Median-Q3 density","4. >Q3 density"))) -> 3. Median-Q3 density | AF24: Senegal | AG24: 4. Very rapid education production - Less than 10 stock to grad | AH24: 2. Q1-Median density
E25: Kenya | F25: 52.761766 | G25: 122451 | H25: 1628 | I25: =IF(H25=0,I$52,G25/H25) -> 75.215602 | J25: =IF(I25<10,"4. Very rapid education production - Less than 10 stock to grad",IF(AND(I25>=10,I25<20),"3. Rapid education production - 10 to 20 stock to grad",IF(AND(I25>=20,I25<30),"2. Slow education production - 20 to 30 stock to grad","1. Very slow education production - 30 stock to grad and more"))) -> 1. Very slow education production - 30 stock to grad and more | K25: =IF(F25<D$3,"1. <Q1 density",IF(AND(F25>=D$3,F25<D$4),"2. Q1-Median density",IF(AND(F25>=D$4,F25<D$5),"3. Median-Q3 density","4. >Q3 density"))) -> 3. Median-Q3 density | AF25: Gabon | AG25: 1. Very slow education production - 30 stock to grad and more | AH25: 3. Median-Q3 density
E26: Lesotho | F26: 125.68172 | G26: 1772.0899 | H26: 384 | I26: =IF(H26=0,I$52,G26/H26) -> 4.6148175 | J26: =IF(I26<10,"4. Very rapid education production - Less than 10 stock to grad",IF(AND(I26>=10,I26<20),"3. Rapid education production - 10 to 20 stock to grad",IF(AND(I26>=20,I26<30),"2. Slow education production - 20 to 30 stock to grad","1. Very slow education production - 30 stock to grad and more"))) -> 4. Very rapid education production - Less than 10 stock to grad | K26: =IF(F26<D$3,"1. <Q1 density",IF(AND(F26>=D$3,F26<D$4),"2. Q1-Median density",IF(AND(F26>=D$4,F26<D$5),"3. Median-Q3 density","4. >Q3 density"))) -> 4. >Q3 density | AF26: Kenya | AG26: 1. Very slow education production - 30 stock to grad and more | AH26: 3. Median-Q3 density
E27: Liberia | F27: 57.003752 | G27: 5377.7953 | H27: 92 | I27: =IF(H27=0,I$52,G27/H27) -> 58.454297 | J27: =IF(I27<10,"4. Very rapid education production - Less than 10 stock to grad",IF(AND(I27>=10,I27<20),"3. Rapid education production - 10 to 20 stock to grad",IF(AND(I27>=20,I27<30),"2. Slow education production - 20 to 30 stock to grad","1. Very slow education production - 30 stock to grad and more"))) -> 1. Very slow education production - 30 stock to grad and more | K27: =IF(F27<D$3,"1. <Q1 density",IF(AND(F27>=D$3,F27<D$4),"2. Q1-Median density",IF(AND(F27>=D$4,F27<D$5),"3. Median-Q3 density","4. >Q3 density"))) -> 3. Median-Q3 density | AF27: Liberia | AG27: 1. Very slow education production - 30 stock to grad and more | AH27: 3. Median-Q3 density
E28: Madagascar | F28: 21.968768 | G28: 9790 | H28: 2856 | I28: =IF(H28=0,I$52,G28/H28) -> 3.4278711 | J28: =IF(I28<10,"4. Very rapid education production - Less than 10 stock to grad",IF(AND(I28>=10,I28<20),"3. Rapid education production - 10 to 20 stock to grad",IF(AND(I28>=20,I28<30),"2. Slow education production - 20 to 30 stock to grad","1. Very slow education production - 30 stock to grad and more"))) -> 4. Very rapid education production - Less than 10 stock to grad | K28: =IF(F28<D$3,"1. <Q1 density",IF(AND(F28>=D$3,F28<D$4),"2. Q1-Median density",IF(AND(F28>=D$4,F28<D$5),"3. Median-Q3 density","4. >Q3 density"))) -> 1. <Q1 density | AF28: Mauritania | AG28: 1. Very slow education production - 30 stock to grad and more | AH28: 3. Median-Q3 density
E29: Malawi | F29: 18.931285 | G29: 10695.564 | H29: 501 | I29: =IF(H29=0,I$52,G29/H29) -> 21.348431 | J29: =IF(I29<10,"4. Very rapid education production - Less than 10 stock to grad",IF(AND(I29>=10,I29<20),"3. Rapid education production - 10 to 20 stock to grad",IF(AND(I29>=20,I29<30),"2. Slow education production - 20 to 30 stock to grad","1. Very slow education production - 30 stock to grad and more"))) -> 2. Slow education production - 20 to 30 stock to grad | K29: =IF(F29<D$3,"1. <Q1 density",IF(AND(F29>=D$3,F29<D$4),"2. Q1-Median density",IF(AND(F29>=D$4,F29<D$5),"3. Median-Q3 density","4. >Q3 density"))) -> 1. <Q1 density | AF29: Rwanda | AG29: 1. Very slow education production - 30 stock to grad and more | AH29: 3. Median-Q3 density
E30: Mali | F30: 16.946844 | G30: 10729 | I30: =IF(H30=0,I$52,G30/H30) -> 22.857936 | J30: =IF(I30<10,"4. Very rapid education production - Less than 10 stock to grad",IF(AND(I30>=10,I30<20),"3. Rapid education production - 10 to 20 stock to grad",IF(AND(I30>=20,I30<30),"2. Slow education production - 20 to 30 stock to grad","1. Very slow education production - 30 stock to grad and more"))) -> 2. Slow education production - 20 to 30 stock to grad | K30: =IF(F30<D$3,"1. <Q1 density",IF(AND(F30>=D$3,F30<D$4),"2. Q1-Median density",IF(AND(F30>=D$4,F30<D$5),"3. Median-Q3 density","4. >Q3 density"))) -> 1. <Q1 density | AF30: Angola | AG30: 2. Slow education production - 20 to 30 stock to grad | AH30: 3. Median-Q3 density
E31: Mauritania | F31: 43.978835 | G31: 7776.0347 | H31: 113 | I31: =IF(H31=0,I$52,G31/H31) -> 68.814466 | J31: =IF(I31<10,"4. Very rapid education production - Less than 10 stock to grad",IF(AND(I31>=10,I31<20),"3. Rapid education production - 10 to 20 stock to grad",IF(AND(I31>=20,I31<30),"2. Slow education production - 20 to 30 stock to grad","1. Very slow education production - 30 stock to grad and more"))) -> 1. Very slow education production - 30 stock to grad and more | K31: =IF(F31<D$3,"1. <Q1 density",IF(AND(F31>=D$3,F31<D$4),"2. Q1-Median density",IF(AND(F31>=D$4,F31<D$5),"3. Median-Q3 density","4. >Q3 density"))) -> 3. Median-Q3 density | AF31: Guinea-Bissau | AG31: 2. Slow education production - 20 to 30 stock to grad | AH31: 3. Median-Q3 density
E32: Mauritius | F32: 117.20285 | G32: 6432.5342 | H32: 607 | I32: =IF(H32=0,I$52,G32/H32) -> 10.597256 | J32: =IF(I32<10,"4. Very rapid education production - Less than 10 stock to grad",IF(AND(I32>=10,I32<20),"3. Rapid education production - 10 to 20 stock to grad",IF(AND(I32>=20,I32<30),"2. Slow education production - 20 to 30 stock to grad","1. Very slow education production - 30 stock to grad and more"))) -> 3. Rapid education production - 10 to 20 stock to grad | K32: =IF(F32<D$3,"1. <Q1 density",IF(AND(F32>=D$3,F32<D$4),"2. Q1-Median density",IF(AND(F32>=D$4,F32<D$5),"3. Median-Q3 density","4. >Q3 density"))) -> 4. >Q3 density | AF32: Sao Tome and Principe | AG32: 2. Slow education production - 20 to 30 stock to grad | AH32: 3. Median-Q3 density
E33: Mozambique | F33: 54.608508 | G33: 22887 | H33: 1399 | I33: =IF(H33=0,I$52,G33/H33) -> 16.359543 | J33: =IF(I33<10,"4. Very rapid education production - Less than 10 stock to grad",IF(AND(I33>=10,I33<20),"3. Rapid education production - 10 to 20 stock to grad",IF(AND(I33>=20,I33<30),"2. Slow education production - 20 to 30 stock to grad","1. Very slow education production - 30 stock to grad and more"))) -> 3. Rapid education production - 10 to 20 stock to grad | K33: =IF(F33<D$3,"1. <Q1 density",IF(AND(F33>=D$3,F33<D$4),"2. Q1-Median density",IF(AND(F33>=D$4,F33<D$5),"3. Median-Q3 density","4. >Q3 density"))) -> 3. Median-Q3 density | AF33: Mozambique | AG33: 3. Rapid education production - 10 to 20 stock to grad | AH33: 3. Median-Q3 density
E34: Namibia | F34: 105.35216 | G34: 17155.322 | H34: 675 | I34: =IF(H34=0,I$52,G34/H34) -> 25.415291 | J34: =IF(I34<10,"4. Very rapid education production - Less than 10 stock to grad",IF(AND(I34>=10,I34<20),"3. Rapid education production - 10 to 20 stock to grad",IF(AND(I34>=20,I34<30),"2. Slow education production - 20 to 30 stock to grad","1. Very slow education production - 30 stock to grad and more"))) -> 2. Slow education production - 20 to 30 stock to grad | K34: =IF(F34<D$3,"1. <Q1 density",IF(AND(F34>=D$3,F34<D$4),"2. Q1-Median density",IF(AND(F34>=D$4,F34<D$5),"3. Median-Q3 density","4. >Q3 density"))) -> 4. >Q3 density | AF34: Zambia | AG34: 3. Rapid education production - 10 to 20 stock to grad | AH34: 3. Median-Q3 density
E35: Niger | F35: 4.9558483 | G35: 5270.6694 | H35: 675 | I35: =IF(H35=0,I$52,G35/H35) -> 7.8083991 | J35: =IF(I35<10,"4. Very rapid education production - Less than 10 stock to grad",IF(AND(I35>=10,I35<20),"3. Rapid education production - 10 to 20 stock to grad",IF(AND(I35>=20,I35<30),"2. Slow education production - 20 to 30 stock to grad","1. Very slow education production - 30 stock to grad and more"))) -> 4. Very rapid education production - Less than 10 stock to grad | K35: =IF(F35<D$3,"1. <Q1 density",IF(AND(F35>=D$3,F35<D$4),"2. Q1-Median density",IF(AND(F35>=D$4,F35<D$5),"3. Median-Q3 density","4. >Q3 density"))) -> 1. <Q1 density | AF35: Burundi | AG35: 4. Very rapid education production - Less than 10 stock to grad | AH35: 3. Median-Q3 density
E36: Nigeria | F36: 36.583982 | G36: 306862 | H36: 17175 | I36: =IF(H36=0,I$52,G36/H36) -> 17.866783 | J36: =IF(I36<10,"4. Very rapid education production - Less than 10 stock to grad",IF(AND(I36>=10,I36<20),"3. Rapid education production - 10 to 20 stock to grad",IF(AND(I36>=20,I36<30),"2. Slow education production - 20 to 30 stock to grad","1. Very slow education production - 30 stock to grad and more"))) -> 3. Rapid education production - 10 to 20 stock to grad | K36: =IF(F36<D$3,"1. <Q1 density",IF(AND(F36>=D$3,F36<D$4),"2. Q1-Median density",IF(AND(F36>=D$4,F36<D$5),"3. Median-Q3 density","4. >Q3 density"))) -> 2. Q1-Median density | AF36: Sierra Leone | AG36: 4. Very rapid education production - Less than 10 stock to grad | AH36: 3. Median-Q3 density
E37: Rwanda | F37: 59.624043 | G37: 15149.24 | H37: 366 | I37: =IF(H37=0,I$52,G37/H37) -> 41.391365 | J37: =IF(I37<10,"4. Very rapid education production - Less than 10 stock to grad",IF(AND(I37>=10,I37<20),"3. Rapid education production - 10 to 20 stock to grad",IF(AND(I37>=20,I37<30),"2. Slow education production - 20 to 30 stock to grad","1. Very slow education production - 30 stock to grad and more"))) -> 1. Very slow education production - 30 stock to grad and more | K37: =IF(F37<D$3,"1. <Q1 density",IF(AND(F37>=D$3,F37<D$4),"2. Q1-Median density",IF(AND(F37>=D$4,F37<D$5),"3. Median-Q3 density","4. >Q3 density"))) -> 3. Median-Q3 density | AF37: Eswatini | AG37: 1. Very slow education production - 30 stock to grad and more | AH37: 4. >Q3 density
E38: São Tomé and Príncipe | F38: 63.393221 | G38: 545 | I38: =IF(H38=0,I$52,G38/H38) -> 22.857936 | J38: =IF(I38<10,"4. Very rapid education production - Less than 10 stock to grad",IF(AND(I38>=10,I38<20),"3. Rapid education production - 10 to 20 stock to grad",IF(AND(I38>=20,I38<30),"2. Slow education production - 20 to 30 stock to grad","1. Very slow education production - 30 stock to grad and more"))) -> 2. Slow education production - 20 to 30 stock to grad | K38: =IF(F38<D$3,"1. <Q1 density",IF(AND(F38>=D$3,F38<D$4),"2. Q1-Median density",IF(AND(F38>=D$4,F38<D$5),"3. Median-Q3 density","4. >Q3 density"))) -> 3. Median-Q3 density | AF38: Seychelles | AG38: 1. Very slow education production - 30 stock to grad and more | AH38: 4. >Q3 density
E39: Senegal | F39: 23.796886 | G39: 7297.8623 | H39: 1016 | I39: =IF(H39=0,I$52,G39/H39) -> 7.1829353 | J39: =IF(I39<10,"4. Very rapid education production - Less than 10 stock to grad",IF(AND(I39>=10,I39<20),"3. Rapid education production - 10 to 20 stock to grad",IF(AND(I39>=20,I39<30),"2. Slow education production - 20 to 30 stock to grad","1. Very slow education production - 30 stock to grad and more"))) -> 4. Very rapid education production - Less than 10 stock to grad | K39: =IF(F39<D$3,"1. <Q1 density",IF(AND(F39>=D$3,F39<D$4),"2. Q1-Median density",IF(AND(F39>=D$4,F39<D$5),"3. Median-Q3 density","4. >Q3 density"))) -> 2. Q1-Median density | AF39: South Africa | AG39: 1. Very slow education production - 30 stock to grad and more | AH39: 4. >Q3 density
E40: Seychelles | F40: 296.46629 | G40: 2105 | H40: 50 | I40: =IF(H40=0,I$52,G40/H40) -> 42.1 | J40: =IF(I40<10,"4. Very rapid education production - Less than 10 stock to grad",IF(AND(I40>=10,I40<20),"3. Rapid education production - 10 to 20 stock to grad",IF(AND(I40>=20,I40<30),"2. Slow education production - 20 to 30 stock to grad","1. Very slow education production - 30 stock to grad and more"))) -> 1. Very slow education production - 30 stock to grad and more | K40: =IF(F40<D$3,"1. <Q1 density",IF(AND(F40>=D$3,F40<D$4),"2. Q1-Median density",IF(AND(F40>=D$4,F40<D$5),"3. Median-Q3 density","4. >Q3 density"))) -> 4. >Q3 density | AF40: Zimbabwe | AG40: 1. Very slow education production - 30 stock to grad and more | AH40: 4. >Q3 density
E41: Sierra Leone | F41: 45.477301 | G41: 16772 | H41: 1972 | I41: =IF(H41=0,I$52,G41/H41) -> 8.505071 | J41: =IF(I41<10,"4. Very rapid education production - Less than 10 stock to grad",IF(AND(I41>=10,I41<20),"3. Rapid education production - 10 to 20 stock to grad",IF(AND(I41>=20,I41<30),"2. Slow education production - 20 to 30 stock to grad","1. Very slow education production - 30 stock to grad and more"))) -> 4. Very rapid education production - Less than 10 stock to grad | K41: =IF(F41<D$3,"1. <Q1 density",IF(AND(F41>=D$3,F41<D$4),"2. Q1-Median density",IF(AND(F41>=D$4,F41<D$5),"3. Median-Q3 density","4. >Q3 density"))) -> 3. Median-Q3 density | AF41: Algeria | AG41: 2. Slow education production - 20 to 30 stock to grad | AH41: 4. >Q3 density
E42: South Africa | F42: 110.14054 | G42: 445282.25 | H42: 4152 | I42: =IF(H42=0,I$52,G42/H42) -> 107.24524 | J42: =IF(I42<10,"4. Very rapid education production - Less than 10 stock to grad",IF(AND(I42>=10,I42<20),"3. Rapid education production - 10 to 20 stock to grad",IF(AND(I42>=20,I42<30),"2. Slow education production - 20 to 30 stock to grad","1. Very slow education production - 30 stock to grad and more"))) -> 1. Very slow education production - 30 stock to grad and more | K42: =IF(F42<D$3,"1. <Q1 density",IF(AND(F42>=D$3,F42<D$4),"2. Q1-Median density",IF(AND(F42>=D$4,F42<D$5),"3. Median-Q3 density","4. >Q3 density"))) -> 4. >Q3 density | AF42: Cape-Verde | AG42: 2. Slow education production - 20 to 30 stock to grad | AH42: 4. >Q3 density
E43: South Sudan | F43: 19.704582 | G43: 4986 | H43: 241 | I43: =IF(H43=0,I$52,G43/H43) -> 20.688797 | J43: =IF(I43<10,"4. Very rapid education production - Less than 10 stock to grad",IF(AND(I43>=10,I43<20),"3. Rapid education production - 10 to 20 stock to grad",IF(AND(I43>=20,I43<30),"2. Slow education production - 20 to 30 stock to grad","1. Very slow education production - 30 stock to grad and more"))) -> 2. Slow education production - 20 to 30 stock to grad | K43: =IF(F43<D$3,"1. <Q1 density",IF(AND(F43>=D$3,F43<D$4),"2. Q1-Median density",IF(AND(F43>=D$4,F43<D$5),"3. Median-Q3 density","4. >Q3 density"))) -> 1. <Q1 density | AF43: Namibia | AG43: 2. Slow education production - 20 to 30 stock to grad | AH43: 4. >Q3 density
E44: Tanzania | F44: 28.683352 | G44: 40633 | H44: 3250 | I44: =IF(H44=0,I$52,G44/H44) -> 12.502462 | J44: =IF(I44<10,"4. Very rapid education production - Less than 10 stock to grad",IF(AND(I44>=10,I44<20),"3. Rapid education production - 10 to 20 stock to grad",IF(AND(I44>=20,I44<30),"2. Slow education production - 20 to 30 stock to grad","1. Very slow education production - 30 stock to grad and more"))) -> 3. Rapid education production - 10 to 20 stock to grad | K44: =IF(F44<D$3,"1. <Q1 density",IF(AND(F44>=D$3,F44<D$4),"2. Q1-Median density",IF(AND(F44>=D$4,F44<D$5),"3. Median-Q3 density","4. >Q3 density"))) -> 2. Q1-Median density | AF44: Botswana | AG44: 3. Rapid education production - 10 to 20 stock to grad | AH44: 4. >Q3 density
E45: Togo | F45: 30.235229 | G45: 3360 | H45: 317 | I45: =IF(H45=0,I$52,G45/H45) -> 10.599369 | J45: =IF(I45<10,"4. Very rapid education production - Less than 10 stock to grad",IF(AND(I45>=10,I45<20),"3. Rapid education production - 10 to 20 stock to grad",IF(AND(I45>=20,I45<30),"2. Slow education production - 20 to 30 stock to grad","1. Very slow education production - 30 stock to grad and more"))) -> 3. Rapid education production - 10 to 20 stock to grad | K45: =IF(F45<D$3,"1. <Q1 density",IF(AND(F45>=D$3,F45<D$4),"2. Q1-Median density",IF(AND(F45>=D$4,F45<D$5),"3. Median-Q3 density","4. >Q3 density"))) -> 2. Q1-Median density | AF45: Mauritius | AG45: 3. Rapid education production - 10 to 20 stock to grad | AH45: 4. >Q3 density
E46: Uganda | F46: 70.939807 | G46: 83248.781 | H46: 15998 | I46: =IF(H46=0,I$52,G46/H46) -> 5.2036993 | J46: =IF(I46<10,"4. Very rapid education production - Less than 10 stock to grad",IF(AND(I46>=10,I46<20),"3. Rapid education production - 10 to 20 stock to grad",IF(AND(I46>=20,I46<30),"2. Slow education production - 20 to 30 stock to grad","1. Very slow education production - 30 stock to grad and more"))) -> 4. Very rapid education production - Less than 10 stock to grad | K46: =IF(F46<D$3,"1. <Q1 density",IF(AND(F46>=D$3,F46<D$4),"2. Q1-Median density",IF(AND(F46>=D$4,F46<D$5),"3. Median-Q3 density","4. >Q3 density"))) -> 4. >Q3 density | AF46: Ghana | AG46: 4. Very rapid education production - Less than 10 stock to grad | AH46: 4. >Q3 density
E47: Zambia | F47: 55.939473 | G47: 56506 | H47: 5372 | I47: =IF(H47=0,I$52,G47/H47) -> 10.518615 | J47: =IF(I47<10,"4. Very rapid education production - Less than 10 stock to grad",IF(AND(I47>=10,I47<20),"3. Rapid education production - 10 to 20 stock to grad",IF(AND(I47>=20,I47<30),"2. Slow education production - 20 to 30 stock to grad","1. Very slow education production - 30 stock to grad and more"))) -> 3. Rapid education production - 10 to 20 stock to grad | K47: =IF(F47<D$3,"1. <Q1 density",IF(AND(F47>=D$3,F47<D$4),"2. Q1-Median density",IF(AND(F47>=D$4,F47<D$5),"3. Median-Q3 density","4. >Q3 density"))) -> 3. Median-Q3 density | AF47: Lesotho | AG47: 4. Very rapid education production - Less than 10 stock to grad | AH47: 4. >Q3 density
E48: Zimbabwe | F48: 64.042987 | G48: 49668.598 | H48: 1365 | I48: =IF(H48=0,I$52,G48/H48) -> 36.387252 | J48: =IF(I48<10,"4. Very rapid education production - Less than 10 stock to grad",IF(AND(I48>=10,I48<20),"3. Rapid education production - 10 to 20 stock to grad",IF(AND(I48>=20,I48<30),"2. Slow education production - 20 to 30 stock to grad","1. Very slow education production - 30 stock to grad and more"))) -> 1. Very slow education production - 30 stock to grad and more | K48: =IF(F48<D$3,"1. <Q1 density",IF(AND(F48>=D$3,F48<D$4),"2. Q1-Median density",IF(AND(F48>=D$4,F48<D$5),"3. Median-Q3 density","4. >Q3 density"))) -> 4. >Q3 density | AF48: Uganda | AG48: 4. Very rapid education production - Less than 10 stock to grad | AH48: 4. >Q3 density
H52: Average | I52: 22.857936
K53: Very rapid education production (less than 9 years to double stock) | L53: Assuming a | M53: 35 | N53: years of full time work on average (30-65) | T53: 9 | AA53: 16
J54: 10 | K54: Rapid education production (9-16 years to double stock) | L54: 100 | M54: =L54+L54/$J54 -> 110 | N54: =M54+M54/$J54 -> 121 | O54: =N54+N54/$J54 -> 133.1 | P54: =O54+O54/$J54 -> 146.41 | Q54: =P54+P54/$J54 -> 161.051 | R54: =Q54+Q54/$J54 -> 177.1561 | S54: =R54+R54/$J54 -> 194.87171 | T54: =S54+S54/$J54 -> 214.35888 | ... AF54: =AE54+AE54/$J54 -> 672.74999
J55: 20 | K55: Slow education production (16-23 years to double stock) | L55: 100 | M55: =L55+L55/$J55 -> 105 | N55: =M55+M55/$J55 -> 110.25 | O55: =N55+N55/$J55 -> 115.7625 | P55: =O55+O55/$J55 -> 121.55062 | Q55: =P55+P55/$J55 -> 127.62816 | R55: =Q55+Q55/$J55 -> 134.00956 | S55: =R55+R55/$J55 -> 140.71004 | T55: =S55+S55/$J55 -> 147.74554 | ... AF55: =AE55+AE55/$J55 -> 265.32977
J56: 30 | K56: Very slow education production (more than 23 years to double stock) | L56: 100 | M56: =L56+L56/$J56 -> 103.33333 | N56: =M56+M56/$J56 -> 106.77778 | O56: =N56+N56/$J56 -> 110.33704 | P56: =O56+O56/$J56 -> 114.01494 | Q56: =P56+P56/$J56 -> 117.81544 | R56: =Q56+Q56/$J56 -> 121.74262 | S56: =R56+R56/$J56 -> 125.8007 | T56: =S56+S56/$J56 -> 129.99406 | ... AF56: =AE56+AE56/$J56 -> 192.66764

Sheet Sheet6
A1: Country name | B1: Country | C1: Cadre | D1: Pop 2013 | E1: Pop 2018 | F1: Pop 2022 | G1: 2013 or latest | H1: Data year | I1: 2018 or latest | J1: Data year1 | K1: 2022 or latest | L1: Data year2 | M1: Need for adjustment | N1: Adjusted 2022 | O1: Density per 10,000 (2013) | P1: Density per 10,000 (2018) | Q1: Density per 10,000 (2022)
A2: Angola | B2: AGO | C2: Community Health Workers | D2: 26147002 | E2: 31273533 | F2: 35588987 | G2: 0 | I2: 1680 | J2: 2018 | K2: 5 | L2: 2022 | M2: Adjust | N2: 7.4148518 | O2: 0 | P2: 0.53719546 | Q2: 0.0020834681
A3: Angola | B3: AGO | C3: Dieticians and nutritionists | D3: 26147002 | E3: 31273533 | F3: 35588987 | G3: 85 | H3: 2012 | I3: 4 | J3: 2018 | K3: 197 | L3: 2022 | N3: 197 | O3: 0.032508507 | P3: 0.0012790368 | Q3: 0.055354203
A4: Angola | B4: AGO | C4: Environmental and occupational health & hygiene workers | D4: 26147002 | E4: 31273533 | F4: 35588987 | G4: 517 | H4: 2012 | I4: 657 | J4: 2018 (triag) | K4: 10 | L4: 2022 | M4: Adjust | N4: 14.829704 | O4: 0.19772821 | P4: 0.2100818 | Q4: 0.0041669362
A5: Angola | B5: AGO | C5: Personal care workers in health service | D5: 26147002 | E5: 31273533 | F5: 35588987 | G5: 0 | I5: 0 | K5: 0 | N5: 0 | O5: 0 | P5: 0 | Q5: 0
A6: Angola | B6: AGO | C6: Managerial staff | D6: 26147002 | E6: 31273533 | F6: 35588987 | G6: 0 | I6: 328 | J6: 2018 (triag) | K6: 2072 | L6: 2022 | N6: 2072 | O6: 0 | P6: 0.10488102 | Q6: 0.58220258
A7: Angola | B7: AGO | C7: Medical and dental Prosthetic Technicians | D7: 26147002 | E7: 31273533 | F7: 35588987 | G7: 0 | I7: 75 | J7: 2018 (triag) | K7: 75 | L7: 2018 (triag) | N7: 75 | O7: 0 | P7: 0.02398194 | Q7: 0.021073935
A8: Angola | B8: AGO | C8: Medical and Pathology Laboratory scientists | D8: 26147002 | E8: 31273533 | F8: 35588987 | G8: 0 | I8: 468 | J8: 2018 (triag) | K8: 9 | L8: 2022 | M8: Adjust | N8: 13.346733 | O8: 0 | P8: 0.14964731 | Q8: 0.0037502425
A9: Angola | B9: AGO | C9: Medical Assistants | D9: 26147002 | E9: 31273533 | F9: 35588987 | G9: 0 | I9: 134 | J9: 2018 (triag) | K9: 134 | L9: 2018 (triag) | N9: 134 | O9: 0 | P9: 0.042847733 | Q9: 0.037652097
A10: Angola | B10: AGO | C10: Medical Imaging and Therapeutic Equipment Technicians | D10: 26147002 | E10: 31273533 | F10: 35588987 | G10: 0 | I10: 789 | J10: 2018 (triag) | K10: 107 | L10: 2022 | M10: Adjust | N10: 158.67783 | O10: 0 | P10: 0.25229001 | Q10: 0.044586217
A11: Angola | B11: AGO | C11: Medical Records and Health Information Technicians | D11: 26147002 | E11: 31273533 | F11: 35588987 | G11: 0 | I11: 190 | J11: 2018 (triag) | K11: 117 | L11: 2022 | M11: Adjust | N11: 173.50753 | O11: 0 | P11: 0.060754249 | Q11: 0.048753153
A12: Angola | B12: AGO | C12: Optometrists and Ophthalmic Opticians | D12: 26147002 | E12: 31273533 | F12: 35588987 | G12: 0 | I12: 56 | J12: 2018 (triag) | K12: 6 | L12: 2022 | M12: Adjust | N12: 8.8978222 | O12: 0 | P12: 0.017906515 | Q12: 0.0025001617
A13: Angola | B13: AGO | C13: Other non-medical professional staff | D13: 26147002 | E13: 31273533 | F13: 35588987 | G13: 0 | I13: 28324 | J13: 2018 (triag) | K13: 28324 | L13: 2018 (triag) | N13: 28324 | O13: 0 | P13: 9.0568597 | Q13: 7.9586418
A14: Angola | B14: AGO | C14: Other non-medical support staff | D14: 26147002 | E14: 31273533 | F14: 35588987 | G14: 0 | I14: 0 | K14: 8431 | L14: 2022 | N14: 8431 | O14: 0 | P14: 0 | Q14: 2.3689913
A15: Angola | B15: AGO | C15: Medical and Pathology Laboratory Technicians | D15: 26147002 | E15: 31273533 | F15: 35588987 | G15: 0 | I15: 98 | J15: 2018 (triag) | K15: 12 | L15: 2022 | M15: Adjust | N15: 17.795644 | O15: 0 | P15: 0.031336402 | Q15: 0.0050003234
A16: Angola | B16: AGO | C16: Paramedical Practitioners | D16: 26147002 | E16: 31273533 | F16: 35588987 | G16: 0 | I16: 56 | J16: 2018 (triag) | K16: 56 | L16: 2018 (triag) | N16: 56 | O16: 0 | P16: 0.017906515 | Q16: 0.015735205
A17: Angola | B17: AGO | C17: Physiotherapists and physiotherapy assistants | D17: 26147002 | E17: 31273533 | F17: 35588987 | G17: 0 | I17: 1156 | J17: 2018 (triag) | K17: 1195 | L17: 2022 | N17: 1195 | O17: 0 | P17: 0.36964164 | Q17: 0.33577803
A18: Angola | B18: AGO | C18: Social workers | D18: 26147002 | E18: 31273533 | F18: 35588987 | G18: 0 | I18: 0 | K18: 41 | L18: 2022 | N18: 41 | O18: 0 | P18: 0 | Q18: 0.011520418
A19: Angola | B19: AGO | C19: Audiologists and Speech Therapists | D19: 26147002 | E19: 31273533 | F19: 35588987 | G19: 0 | I19: 0 | K19: 1 | L19: 2022 | N19: 1 | O19: 0 | P19: 0 | Q19: 0.0002809858
A20: Angola | B20: AGO | C20: Traditional and complementary medicine practitioners | D20: 26147002 | E20: 31273533 | F20: 35588987 | G20: 0 | I20: 16380 | J20: 2018 (triag) | K20: 16380 | L20: 2018 (triag) | N20: 16380 | O20: 0 | P20: 5.2376558 | Q20: 4.6025474
A21: Burundi | B21: BDI | C21: Community Health Workers | D21: 10149578 | E21: 11493472 | F21: 12889576 | G21: 0 | I21: 11845 | J21: 2018 | K21: 11845 | L21: 2020 | N21: 11845 | O21: 0 | P21: 10.30585 | Q21: 9.1895959
A22: Burundi | B22: BDI | C22: Dieticians and nutritionists | D22: 10149578 | E22: 11493472 | F22: 12889576 | G22: 44 | H22: 2012 | I22: 10 | J22: 2018 (triag) | K22: 10 | L22: 2018 (triag) | N22: 10 | O22: 0.043351558 | P22: 0.0087005907 | Q22: 0.0077582068
A23: Burundi | B23: BDI | C23: Environmental and occupational health & hygiene workers | D23: 10149578 | E23: 11493472 | F23: 12889576 | G23: 0 | I23: 372 | J23: 2018 (triag) | K23: 149 | L23: 2018 (triag) | M23: Adjust | N23: 186.2245 | O23: 0 | P23: 0.32366197 | Q23: 0.14447682
A24: Burundi | B24: BDI | C24: Personal care workers in health service | D24: 10149578 | E24: 11493472 | F24: 12889576 | G24: 0 | I24: 8664 | J24: 2018 (triag) | K24: 8664 | L24: 2018 (triag) | N24: 8664 | O24: 0 | P24: 7.5381918 | Q24: 6.7217104
A25: Burundi | B25: BDI | C25: Managerial staff | D25: 10149578 | E25: 11493472 | F25: 12889576 | G25: 0 | I25: 1383 | J25: 2018 (triag) | K25: 1383 | L25: 2018 (triag) | N25: 1383 | O25: 0 | P25: 1.2032917 | Q25: 1.07296
A26: Burundi | B26: BDI | C26: Medical and dental Prosthetic Technicians | D26: 10149578 | E26: 11493472 | F26: 12889576 | G26: 0 | I26: 0 | K26: 0 | N26: 0 | O26: 0 | P26: 0 | Q26: 0
A27: Burundi | B27: BDI | C27: Medical and Pathology Laboratory scientists | D27: 10149578 | E27: 11493472 | F27: 12889576 | G27: 0 | I27: 1071 | J27: 2018 | K27: 1071 | L27: 2018 | N27: 1071 | O27: 0 | P27: 0.93183326 | Q27: 0.83090395
A28: Burundi | B28: BDI | C28: Medical Assistants | D28: 10149578 | E28: 11493472 | F28: 12889576 | G28: 0 | I28: 0 | K28: 0 | N28: 0 | O28: 0 | P28: 0 | Q28: 0
A29: Burundi | B29: BDI | C29: Medical Imaging and Therapeutic Equipment Technicians | D29: 10149578 | E29: 11493472 | F29: 12889576 | G29: 0 | I29: 86 | J29: 2018 (triag) | K29: 81 | L29: 2021 | M29: Adjust | N29: 101.23614 | O29: 0 | P29: 0.07482508 | Q29: 0.07854109
A30: Burundi | B30: BDI | C30: Medical Records and Health Information Technicians | D30: 10149578 | E30: 11493472 | F30: 12889576 | G30: 0 | I30: 108 | J30: 2018 (triag) | K30: 108 | L30: 2018 (triag) | N30: 108 | O30: 0 | P30: 0.09396638 | Q30: 0.083788633
A31: Burundi | B31: BDI | C31: Optometrists and Ophthalmic Opticians | D31: 10149578 | E31: 11493472 | F31: 12889576 | G31: 0 | I31: 0 | K31: 0 | N31: 0 | O31: 0 | P31: 0 | Q31: 0
A32: Burundi | B32: BDI | C32: Other non-medical professional staff | D32: 10149578 | E32: 11493472 | F32: 12889576 | G32: 0 | I32: 2906 | J32: 2018 (triag) | K32: 7805 | L32: 2021 | N32: 7805 | O32: 0 | P32: 2.5283917 | Q32: 6.0552804
A33: Burundi | B33: BDI | C33: Other non-medical support staff | D33: 10149578 | E33: 11493472 | F33: 12889576 | G33: 0 | I33: 9003 | J33: 2017 | K33: 9003 | L33: 2017 | N33: 9003 | O33: 0 | P33: 7.8331418 | Q33: 6.9847136
A34: Burundi | B34: BDI | C34: Medical and Pathology Laboratory Technicians | D34: 10149578 | E34: 11493472 | F34: 12889576 | G34: 0 | I34: 1071 | J34: 2018 (triag) | K34: 729 | L34: 2021 | M34: Adjust | N34: 911.12524 | O34: 0 | P34: 0.93183326 | Q34: 0.70686981
A35: Burundi | B35: BDI | C35: Paramedical Practitioners | D35: 10149578 | E35: 11493472 | F35: 12889576 | G35: 0 | I35: 0 | K35: 0 | N35: 0 | O35: 0 | P35: 0 | Q35: 0
A36: Burundi | B36: BDI | C36: Physiotherapists and physiotherapy assistants | D36: 10149578 | E36: 11493472 | F36: 12889576 | G36: 0 | I36: 9 | J36: 2018 (triag) | K36: 9 | L36: 2018 (triag) | N36: 9 | O36: 0 | P36: 0.0078305316 | Q36: 0.0069823861
A37: Burundi | B37: BDI | C37: Social workers | D37: 10149578 | E37: 11493472 | F37: 12889576 | G37: 0 | I37: 0 | K37: 0 | N37: 0 | O37: 0 | P37: 0 | Q37: 0
A38: Burundi | B38: BDI | C38: Audiologists and Speech Therapists | D38: 10149578 | E38: 11493472 | F38: 12889576 | G38: 0 | I38: 0 | K38: 5 | L38: 2021 | N38: 5 | O38: 0 | P38: 0 | Q38: 0.0038791034
A39: Burundi | B39: BDI | C39: Traditional and complementary medicine practitioners | D39: 10149578 | E39: 11493472 | F39: 12889576 | G39: 0 | I39: 1000 | J39: 2018 (triag) | K39: 1000 | L39: 2018 (triag) | N39: 1000 | O39: 0 | P39: 0.87005907 | Q39: 0.77582068
A40: Benin | B40: BEN | C40: Community Health Workers | D40: 10308730 | E40: 11940683 | F40: 13352864 | G40: 0 | I40: 0 | K40: 21 | L40: 2021 | N40: 21 | O40: 0 | P40: 0 | Q40: 0.015726963
A41: Benin | B41: BEN | C41: Dieticians and nutritionists | D41: 10308730 | E41: 11940683 | F41: 13352864 | G41: 0 | I41: 8 | J41: 2018 | K41: 21 | L41: 2021 | N41: 21 | O41: 0 | P41: 0.006699784 | Q41: 0.015726963
A42: Benin | B42: BEN | C42: Environmental and occupational health & hygiene workers | D42: 10308730 | E42: 11940683 | F42: 13352864 | G42: 3830 | H42: 2015 | I42: 619 | J42: 2018 (triag) | K42: 1570 | L42: 2021 | N42: 1570 | O42: 3.7152974 | P42: 0.51839579 | Q42: 1.1757777
A43: Benin | B43: BEN | C43: Personal care workers in health service | D43: 10308730 | E43: 11940683 | F43: 13352864 | G43: 0 | I43: 2623 | J43: 2018 (triag) | K43: 6809 | L43: 2021 | N43: 6809 | O43: 0 | P43: 2.1966917 | Q43: 5.0992806
A44: Benin | B44: BEN | C44: Managerial staff | D44: 10308730 | E44: 11940683 | F44: 13352864 | G44: 0 | I44: 0 | K44: 0 | N44: 0 | O44: 0 | P44: 0 | Q44: 0
A45: Benin | B45: BEN | C45: Medical and dental Prosthetic Technicians | D45: 10308730 | E45: 11940683 | F45: 13352864 | G45: 0 | I45: 15 | J45: 2017 | K45: 15 | L45: 2017 | N45: 15 | O45: 0 | P45: 0.012562095 | Q45: 0.011233545
A46: Benin | B46: BEN | C46: Medical and Pathology Laboratory scientists | D46: 10308730 | E46: 11940683 | F46: 13352864 | G46: 0 | I46: 668 | J46: 2018 | K46: 668 | L46: 2018 | N46: 668 | O46: 0 | P46: 0.55943196 | Q46: 0.50026721
A47: Benin | B47: BEN | C47: Medical Assistants | D47: 10308730 | E47: 11940683 | F47: 13352864 | G47: 0 | I47: 0 | K47: 0 | N47: 0 | O47: 0 | P47: 0 | Q47: 0
A48: Benin | B48: BEN | C48: Medical Imaging and Therapeutic Equipment Technicians | D48: 10308730 | E48: 11940683 | F48: 13352864 | G48: 206 | H48: 2013 | I48: 137 | J48: 2018 | K48: 352 | L48: 2021 | N48: 352 | O48: 0.19983062 | P48: 0.1147338 | Q48: 0.26361386
A49: Benin | B49: BEN | C49: Medical Records and Health Information Technicians | D49: 10308730 | E49: 11940683 | F49: 13352864 | G49: 0 | I49: 0 | K49: 0 | N49: 0 | O49: 0 | P49: 0 | Q49: 0
A50: Benin | B50: BEN | C50: Optometrists and Ophthalmic Opticians | D50: 10308730 | E50: 11940683 | F50: 13352864 | G50: 0 | I50: 0 | K50: 0 | N50: 0 | O50: 0 | P50: 0 | Q50: 0
A51: Benin | B51: BEN | C51: Other non-medical professional staff | D51: 10308730 | E51: 11940683 | F51: 13352864 | G51: 0 | I51: 156 | J51: 2018 (triag) | K51: 156 | L51: 2018 (triag) | N51: 156 | O51: 0 | P51: 0.13064579 | Q51: 0.11682887
A52: Benin | B52: BEN | C52: Other non-medical support staff | D52: 10308730 | E52: 11940683 | F52: 13352864 | G52: 0 | I52: 1994 | J52: 2018 (triag) | K52: 1994 | L52: 2018 (triag) | N52: 1994 | O52: 0 | P52: 1.6699212 | Q52: 1.4933126
A53: Benin | B53: BEN | C53: Medical and Pathology Laboratory Technicians | D53: 10308730 | E53: 11940683 | F53: 13352864 | G53: 830 | H53: 2013 | I53: 241 | J53: 2018 (triag) | K53: 1602 | L53: 2022 | N53: 1602 | O53: 0.80514279 | P53: 0.20183099 | Q53: 1.1997426
A54: Benin | B54: BEN | C54: Paramedical Practitioners | D54: 10308730 | E54: 11940683 | F54: 13352864 | G54: 0 | I54: 5086 | J54: 2018 | K54: 382 | L54: 2021 | M54: Adjust | N54: 475.93678 | O54: 0 | P54: 4.2593877 | Q54: 0.35643049
A55: Benin | B55: BEN | C55: Physiotherapists and physiotherapy assistants | D55: 10308730 | E55: 11940683 | F55: 13352864 | G55: 0 | I55: 58 | J55: 2018 | K55: 187 | L55: 2021 | N55: 187 | O55: 0 | P55: 0.048573434 | Q55: 0.14004486
A56: Benin | B56: BEN | C56: Social workers | D56: 10308730 | E56: 11940683 | F56: 13352864 | G56: 0 | I56: 102 | J56: 2018 | K56: 102 | L56: 2018 | N56: 102 | O56: 0 | P56: 0.085422246 | Q56: 0.076388107
A57: Benin | B57: BEN | C57: Audiologists and Speech Therapists | D57: 10308730 | E57: 11940683 | F57: 13352864 | G57: 0 | I57: 0 | K57: 0 | N57: 0 | O57: 0 | P57: 0 | Q57: 0
A58: Benin | B58: BEN | C58: Traditional and complementary medicine practitioners | D58: 10308730 | E58: 11940683 | F58: 13352864 | G58: 10200 | H58: 2013 | I58: 0 | K58: 0 | N58: 0 | O58: 9.8945258 | P58: 0 | Q58: 0
A59: Burkina Faso | B59: BFA | C59: Community Health Workers | D59: 17636408 | E59: 20392723 | F59: 22673762 | G59: 2099 | H59: 2012 | I59: 2749 | J59: 2017 | K59: 3145 | L59: 2022 | N59: 3145 | O59: 1.1901517 | P59: 1.3480299 | Q59: 1.3870658
A60: Burkina Faso | B60: BFA | C60: Dieticians and nutritionists | D60: 17636408 | E60: 20392723 | F60: 22673762 | G60: 128 | H60: 2012 | I60: 19 | J60: 2018 (triag) | K60: 15 | L60: 2021 | M60: Adjust | N60: 15.409998 | O60: 0.072577139 | P60: 0.009317049 | Q60: 0.0067964011
A61: Burkina Faso | B61: BFA | C61: Environmental and occupational health & hygiene workers | D61: 17636408 | E61: 20392723 | F61: 22673762 | G61: 1791 | H61: 2012 | I61: 160 | J61: 2018 (triag) | K61: 31 | L61: 2021 | M61: Adjust | N61: 31.847329 | O61: 1.0155129 | P61: 0.07845936 | Q61: 0.014045896
A62: Burkina Faso | B62: BFA | C62: Personal care workers in health service | D62: 17636408 | E62: 20392723 | F62: 22673762 | G62: 0 | I62: 1224 | J62: 2018 (triag) | K62: 886 | L62: 2022 | M62: Adjust | N62: 910.21722 | O62: 0 | P62: 0.60021411 | Q62: 0.40144076
A63: Burkina Faso | B63: BFA | C63: Managerial staff | D63: 17636408 | E63: 20392723 | F63: 22673762 | G63: 0 | I63: 653 | J63: 2018 (triag) | K63: 653 | L63: 2018 (triag) | N63: 653 | O63: 0 | P63: 0.32021226 | Q63: 0.28799808
A64: Burkina Faso | B64: BFA | C64: Medical and dental Prosthetic Technicians | D64: 17636408 | E64: 20392723 | F64: 22673762 | G64: 0 | I64: 3 | J64: 2017 | K64: 14 | L64: 2022 | N64: 14 | O64: 0 | P64: 0.001471113 | Q64: 0.0061745378
A65: Burkina Faso | B65: BFA | C65: Medical and Pathology Laboratory scientists | D65: 17636408 | E65: 20392723 | F65: 22673762 | G65: 0 | I65: 648 | J65: 2018 | K65: 899 | L65: 2021 | N65: 899 | O65: 0 | P65: 0.31776041 | Q65: 0.39649353
A66: Burkina Faso | B66: BFA | C66: Medical Assistants | D66: 17636408 | E66: 20392723 | F66: 22673762 | G66: 0 | I66: 0 | K66: 8 | L66: 2021 | N66: 8 | O66: 0 | P66: 0 | Q66: 0.0035283073
A67: Burkina Faso | B67: BFA | C67: Medical Imaging and Therapeutic Equipment Technicians | D67: 17636408 | E67: 20392723 | F67: 22673762 | G67: 109 | H67: 2012 | I67: 128 | J67: 2018 (triag) | K67: 209 | L67: 2021 | N67: 209 | O67: 0.06180397 | P67: 0.062767488 | Q67: 0.092177028
A68: Burkina Faso | B68: BFA | C68: Medical Records and Health Information Technicians | D68: 17636408 | E68: 20392723 | F68: 22673762 | G68: 0 | I68: 4 | J68: 2018 (triag) | K68: 44 | L68: 2022 | N68: 44 | O68: 0 | P68: 0.001961484 | Q68: 0.01940569
A69: Burkina Faso | B69: BFA | C69: Optometrists and Ophthalmic Opticians | D69: 17636408 | E69: 20392723 | F69: 22673762 | G69: 0 | I69: 3 | J69: 2017 | K69: 2 | L69: 2022 | M69: Adjust | N69: 2.0546664 | O69: 0 | P69: 0.001471113 | Q69: 0.00090618681
A70: Burkina Faso | B70: BFA | C70: Other non-medical professional staff | D70: 17636408 | E70: 20392723 | F70: 22673762 | G70: 0 | I70: 871 | J70: 2018 (triag) | K70: 22 | L70: 2018 (triag) | M70: Adjust | N70: 22.601331 | O70: 0 | P70: 0.42711314 | Q70: 0.0099680549
A71: Burkina Faso | B71: BFA | C71: Other non-medical support staff | D71: 17636408 | E71: 20392723 | F71: 22673762 | G71: 0 | I71: 44 | J71: 2018 (triag) | K71: 2079 | L71: 2018 (triag) | N71: 2079 | O71: 0 | P71: 0.021576324 | Q71: 0.91691886
A72: Burkina Faso | B72: BFA | C72: Medical and Pathology Laboratory Technicians | D72: 17636408 | E72: 20392723 | F72: 22673762 | G72: 458 | H72: 2012 | I72: 699 | J72: 2018 (triag) | K72: 699 | L72: 2018 (triag) | N72: 699 | O72: 0.25969008 | P72: 0.34276933 | Q72: 0.30828585
A73: Burkina Faso | B73: BFA | C73: Paramedical Practitioners | D73: 17636408 | E73: 20392723 | F73: 22673762 | G73: 0 | I73: 0 | K73: 1698 | L73: 2022 | N73: 1698 | O73: 0 | P73: 0 | Q73: 0.74888322
A74: Burkina Faso | B74: BFA | C74: Physiotherapists and physiotherapy assistants | D74: 17636408 | E74: 20392723 | F74: 22673762 | G74: 0 | I74: 18 | J74: 2017 | K74: 47 | L74: 2021 | N74: 47 | O74: 0 | P74: 0.008826678 | Q74: 0.020728805
A75: Burkina Faso | B75: BFA | C75: Social workers | D75: 17636408 | E75: 20392723 | F75: 22673762 | G75: 0 | I75: 34 | J75: 2019 | K75: 39 | L75: 2022 | N75: 39 | O75: 0 | P75: 0.016672614 | Q75: 0.017200498
A76: Burkina Faso | B76: BFA | C76: Audiologists and Speech Therapists | D76: 17636408 | E76: 20392723 | F76: 22673762 | G76: 0 | I76: 0 | K76: 0 | N76: 0 | O76: 0 | P76: 0 | Q76: 0
A77: Burkina Faso | B77: BFA | C77: Traditional and complementary medicine practitioners | D77: 17636408 | E77: 20392723 | F77: 22673762 | G77: 0 | I77: 336 | J77: 2017 | K77: 50 | L77: 2021 | M77: Adjust | N77: 51.36666 | O77: 0 | P77: 0.16476466 | Q77: 0.02265467
A78: Botswana | B78: BWA | C78: Community Health Workers | D78: 2217278 | E78: 2451408.5 | F78: 2630296 | G78: 166 | H78: 2012 | I78: 0 | K78: 0 | N78: 0 | O78: 0.74866571 | P78: 0 | Q78: 0
A79: Botswana | B79: BWA | C79: Dieticians and nutritionists | D79: 2217278 | E79: 2451408.5 | F79: 2630296 | G79: 668 | H79: 2013 | I79: 0 | K79: 0 | N79: 0 | O79: 3.012703 | P79: 0 | Q79: 0
A80: Botswana | B80: BWA | C80: Environmental and occupational health & hygiene workers | D80: 2217278 | E80: 2451408.5 | F80: 2630296 | G80: 166 | H80: 2013 | I80: 99 | J80: 2018 (triag) | K80: 99 | L80: 2018 (triag) | N80: 99 | O80: 0.74866571 | P80: 0.40384946 | Q80: 0.37638349
A81: Botswana | B81: BWA | C81: Personal care workers in health service | D81: 2217278 | E81: 2451408.5 | F81: 2630296 | G81: 0 | I81: 1622 | J81: 2018 (triag) | K81: 1563 | L81: 2022 | M81: Adjust | N81: 1796.3538 | O81: 0 | P81: 6.6166043 | Q81: 6.8294739
A82: Botswana | B82: BWA | C82: Managerial staff | D82: 2217278 | E82: 2451408.5 | F82: 2630296 | G82: 0 | I82: 156 | J82: 2018 | K82: 159 | L82: 2022 | N82: 159 | O82: 0 | P82: 0.63636885 | Q82: 0.6044947
A83: Botswana | B83: BWA | C83: Medical and dental Prosthetic Technicians | D83: 2217278 | E83: 2451408.5 | F83: 2630296 | G83: 0 | I83: 27 | J83: 2018 | K83: 33 | L83: 2020 | N83: 33 | O83: 0 | P83: 0.11014076 | Q83: 0.12546116
A84: Botswana | B84: BWA | C84: Medical and Pathology Laboratory scientists | D84: 2217278 | E84: 2451408.5 | F84: 2630296 | G84: 0 | I84: 160 | J84: 2018 | K84: 191 | L84: 2022 | N84: 191 | O84: 0 | P84: 0.652686 | Q84: 0.72615401
A85: Botswana | B85: BWA | C85: Medical Assistants | D85: 2217278 | E85: 2451408.5 | F85: 2630296 | G85: 0 | I85: 63 | J85: 2018 | K85: 63 | L85: 2022 | N85: 63 | O85: 0 | P85: 0.25699511 | Q85: 0.23951677
A86: Botswana | B86: BWA | C86: Medical Imaging and Therapeutic Equipment Technicians | D86: 2217278 | E86: 2451408.5 | F86: 2630296 | G86: 0 | I86: 134 | J86: 2018 | K86: 82 | L86: 2022 | M86: Adjust | N86: 94.242489 | O86: 0 | P86: 0.54662452 | Q86: 0.35829613
A87: Botswana | B87: BWA | C87: Medical Records and Health Information Technicians | D87: 2217278 | E87: 2451408.5 | F87: 2630296 | G87: 0 | I87: 73 | J87: 2018 | K87: 74 | L87: 2022 | N87: 74 | O87: 0 | P87: 0.29778799 | Q87: 0.28133716
A88: Botswana | B88: BWA | C88: Optometrists and Ophthalmic Opticians | D88: 2217278 | E88: 2451408.5 | F88: 2630296 | G88: 0 | I88: 5 | J88: 2018 | K88: 4 | L88: 2022 | M88: Adjust | N88: 4.5971946 | O88: 0 | P88: 0.020396437 | Q88: 0.01747786
A89: Botswana | B89: BWA | C89: Other non-medical professional staff | D89: 2217278 | E89: 2451408.5 | F89: 2630296 | G89: 0 | I89: 1248 | J89: 2018 | K89: 1579 | L89: 2022 | N89: 1579 | O89: 0 | P89: 5.0909508 | Q89: 6.0031266
A90: Botswana | B90: BWA | C90: Other non-medical support staff | D90: 2217278 | E90: 2451408.5 | F90: 2630296 | G90: 0 | I90: 3342 | J90: 2018 | K90: 3204 | L90: 2022 | M90: Adjust | N90: 3682.3529 | O90: 0 | P90: 13.632979 | Q90: 13.999766
A91: Botswana | B91: BWA | C91: Medical and Pathology Laboratory Technicians | D91: 2217278 | E91: 2451408.5 | F91: 2630296 | G91: 0 | I91: 460 | J91: 2018 (triag) | K91: 318 | L91: 2022 | M91: Adjust | N91: 365.47697 | O91: 0 | P91: 1.8764722 | Q91: 1.3894899
A92: Botswana | B92: BWA | C92: Paramedical Practitioners | D92: 2217278 | E92: 2451408.5 | F92: 2630296 | G92: 0 | I92: 58 | J92: 2018 (triag) | K92: 6 | L92: 2022 | M92: Adjust | N92: 6.8957919 | O92: 0 | P92: 0.23659867 | Q92: 0.02621679
A93: Botswana | B93: BWA | C93: Physiotherapists and physiotherapy assistants | D93: 2217278 | E93: 2451408.5 | F93: 2630296 | G93: 0 | I93: 42 | J93: 2018 | K93: 30 | L93: 2022 | M93: Adjust | N93: 34.478959 | O93: 0 | P93: 0.17133007 | Q93: 0.13108395
A94: Botswana | B94: BWA | C94: Social workers | D94: 2217278 | E94: 2451408.5 | F94: 2630296 | G94: 0 | I94: 0 | K94: 0 | N94: 0 | O94: 0 | P94: 0 | Q94: 0
A95: Botswana | B95: BWA | C95: Audiologists and Speech Therapists | D95: 2217278 | E95: 2451408.5 | F95: 2630296 | G95: 0 | I95: 9 | J95: 2018 | K95: 11 | L95: 2022 | N95: 11 | O95: 0 | P95: 0.036713587 | Q95: 0.041820388
A96: Botswana | B96: BWA | C96: Traditional and complementary medicine practitioners | D96: 2217278 | E96: 2451408.5 | F96: 2630296 | G96: 0 | I96: 0 | K96: 0 | N96: 0 | O96: 0 | P96: 0 | Q96: 0
A97: Central African Republic | B97: CAF | C97: Community Health Workers | D97: 4802428.5 | E97: 5094780 | F97: 5579143.5 | G97: 0 | I97: 115 | J97: 2018 | K97: 1595 | L97: 2021 | N97: 1595 | O97: 0 | P97: 0.22572123 | Q97: 2.8588618
A98: Central African Republic | B98: CAF | C98: Dieticians and nutritionists | D98: 4802428.5 | E98: 5094780 | F98: 5579143.5 | G98: 44 | H98: 2013 | I98: 77 | J98: 2018 | K98: 1634 | L98: 2022 | N98: 1634 | O98: 0.091620313 | P98: 0.15113508 | Q98: 2.928765
A99: Central African Republic | B99: CAF | C99: Environmental and occupational health & hygiene workers | D99: 4802428.5 | E99: 5094780 | F99: 5579143.5 | G99: 257 | H99: 2013 | I99: 105 | J99: 2018 (triag) | K99: 47 | L99: 2022 | M99: Adjust | N99: 60.353598 | O99: 0.53514592 | P99: 0.2060933 | Q99: 0.10817717
A100: Central African Republic | B100: CAF | C100: Personal care workers in health service | D100: 4802428.5 | E100: 5094780 | F100: 5579143.5 | G100: 0 | I100: 79 | J100: 2018 (triag) | K100: 308 | L100: 2021 | N100: 308 | O100: 0 | P100: 0.15506067 | Q100: 0.55205606
...

Sheet Scatter_plot
A1: Country | B1: Country_ISCO | C1: % of health budget spent on HWF | D1: GGHE-D as % GGE | E1: Density per 10,000 (2022) | H1: Country_ISCO | I1: Density per 10,000 (2022)_log | J1: Ratio stock to graduates_Log | K1: Density per 10,000 (2022) | L1: Ratio stock to graduates
A2: Algeria | B2: DZA | C2: 0.55 | D2: 0.10730769 | E2: 98.058569 | H2: DZA | I2: 1.9914855 | J2: 1.359037 | K2: 98.058569 | L2: 22.857936
A3: Angola | B3: AGO | C3: 0.50045872 | D3: 0.053643193 | E3: 38.456346 | H3: AGO | I3: 1.584968 | J3: 1.325859 | K3: 38.456346 | L3: 21.176735
A4: Benin | B4: BEN | C4: 0.47302604 | D4: 0.04554594 | E4: 18.729624 | H4: BEN | I4: 1.2725291 | J4: 0.91369126 | K4: 18.729624 | L4: 8.1976856
A5: Botswana | B5: BWA | C5: 0.521 | D5: 0.12006065 | E5: 68.115844 | H5: BWA | I5: 1.8332481 | J5: 1.2148438 | K5: 68.115844 | L5: 16.4
A6: Burkina Faso | B6: BFA | C6: 0.32880543 | D6: 0.11463944 | E6: 16.827323 | H6: BFA | I6: 1.226015 | J6: 0.81243621 | K6: 16.827323 | L6: 6.4928625
A7: Burundi | B7: BDI | C7: 0.2677 | D7: 0.08312808 | E7: 40.986337 | H7: BDI | I7: 1.6126391 | J7: 0.76314632 | K7: 40.986337 | L7: 5.7962394
A8: Cabo Verde | B8: CPV | C8: 0.32863413 | D8: 0.10392425 | E8: 104.3631 | H8: CPV | I8: 2.018547 | J8: 1.359037 | K8: 104.3631 | L8: 22.857936
A9: Cameroon | B9: CMR | C9: 0.60169836 | D9: 0.036992729 | E9: 11.326442 | H9: CMR | I9: 1.0540935 | J9: 0.76696272 | K9: 11.326442 | L9: 5.8473988
A10: Central African Republic | B10: CAF | C10: 0.60169836 | D10: 0.048423176 | E10: 10.210731 | H10: CAF | I10: 1.0090568 | J10: 1.6450235 | K10: 10.210731 | L10: 44.159429
A11: Chad | B11: TCD | C11: 0.35310312 | D11: 0.048723002 | E11: 22.710972 | H11: TCD | I11: 1.3562357 | J11: 0.17779407 | K11: 22.710972 | L11: 1.5058928
A12: Comoros | B12: COM | C12: 0.65 | D12: 0.041246686 | E12: 31.333795 | H12: COM | I12: 1.496013 | J12: 1.4544527 | K12: 31.333795 | L12: 28.474274
A13: Republic of Congo | B13: COG | C13: 0.43066372 | D13: 0.082168407 | E13: 20.330016 | H13: COG | I13: 1.3081377 | J13: 1.7413486 | K13: 20.330016 | L13: 55.125
... A48: Zimbabwe | B48: ZWE | C48: 0.35 | D48: 0.051729364 | E48: 64.042987 | H48: ZWE | I48: 1.8064716 | J48: 1.5609493 | K48: 64.042987 | L48: 36.387252
B49: Average | C49: =+AVERAGE(C2:C48) -> 0.4236264 | D49: =+AVERAGE(D2:D48) -> 0.072876595 | E49: 53.428046 | K49: =AVERAGE(K2:K48) -> 53.428046 | L49: =AVERAGE(L2:L48) -> 22.857936
B50: Median | C50: =MEDIAN(C2:C48) -> 0.45 | D50: =MEDIAN(D2:D48) -> 0.068515444 | E50: 38.456346 | J50: Min | K50: =MIN($K$2:$K$48) -> 4.9558483 | L50: =MIN($L$2:$L$48) -> 0.95412515
J51: Max | K51: =MAX($K$2:$K$48) -> 296.46629 | L51: =MAX($L$2:$L$48) -> 107.24524

Sheet Graph

Sheet Sheet1
B2: No | C2: Country | D2: Doctor density per 10,000 (2022) | E2: Nurse, Midwife density per 10,000 (2022) | F2: Doctor, Nurse, Midwife Density per 10,000 (2022)
B3: 1 | C3: Algeria | D3: 16.816609 | E3: 25.353636 | F3: =SUM(D3:E3) -> 42.170245
B4: 2 | C4: Angola | D4: 2.4426096 | E4: 18.755796 | F4: =SUM(D4:E4) -> 21.198406
B5: 3 | C5: Benin | D5: 1.953139 | E5: 5.9522811 | F5: =SUM(D5:E5) -> 7.9054201
B6: 4 | C6: Botswana | D6: 3.7714387 | E6: 30.52128 | F6: =SUM(D6:E6) -> 34.292718
B7: 5 | C7: Burkina Faso | D7: 1.4655706 | E7: 10.256348 | F7: =SUM(D7:E7) -> 11.721919
B8: 6 | C8: Burundi | D8: 0.78735018 | E8: 7.4096504 | F8: =SUM(D8:E8) -> 8.1970006
B9: 7 | C9: Cameroon | D9: 1.3466102 | E9: 6.500914 | F9: =SUM(D9:E9) -> 7.8475242
B10: 8 | C10: Cabo Verde | D10: 44.575609 | E10: 16.319663 | F10: =SUM(D10:E10) -> 60.895272
B11: 9 | C11: Central African Republic | D11: 0.26238719 | E11: 2.1248425 | F11: =SUM(D11:E11) -> 2.3872297
B12: 10 | C12: Chad | D12: 0.85029242 | E12: 2.4213265 | F12: =SUM(D12:E12) -> 3.2716189
B13: 11 | C13: Comoros | D13: 4.2305355 | E13: 16.384015 | F13: =SUM(D13:E13) -> 20.614551
B14: 12 | C14: Republic of Congo | D14: 1.7452697 | E14: 11.080308 | F14: =SUM(D14:E14) -> 12.825578
... B49: 47 | C49: Zimbabwe | D49: 1.9188084 | E49: 34.397152 | F49: =SUM(D49:E49) -> 36.315961

Sheet Density_Weighted_Stock_Unw
B1: Country_ISCO | C1: Density per 10,000 (2022)_log | D1: Ratio stock to graduates_Log | E1: Density per 10,000 (2022) | F1: Ratio stock to graduates | H1: Weighted HWF Density | I1: Ratio stock to graduates_Log | K1: Country_ISCO | L1: Weighted HWF Density | M1: Ratio stock to graduates | N1: Weighted HWF Density | O1: Ratio stock to graduates | P1: Position | R1: Country_ISCO
B2: DZA | C2: 1.9914855 | D2: 1.359037 | E2: 98.058569 | F2: 22.857936 | H2: 3.6950127 | I2: 1.359037 | K2: DZA | L2: 3.6950127 | M2: 22.857936 | N2: =IF(L2<$L$49,"Below Average","Above Average") -> Above Average | O2: =IF(M2<$M$49,"Below Average","Above Average") -> Above Average | P2: {=_xlfn.IFS(AND(N2="Above Average",O2="Below Average"),"3",AND(N2="Above Average",O2="Above Average"),"4",AND(N2="Below Average",O2="Above Average"),"2",AND(N2="Below Average",O2="Below Average"),"1")} -> 4 | R2: DZA
B3: AGO | C3: 1.584968 | D3: 1.325859 | E3: 38.456346 | F3: 21.176735 | H3: 1.1485145 | I3: 1.325859 | K3: AGO | L3: 1.1485145 | M3: 21.176735 | N3: =IF(L3<$L$49,"Below Average","Above Average") -> Above Average | O3: =IF(M3<$M$49,"Below Average","Above Average") -> Below Average | P3: {=_xlfn.IFS(AND(N3="Above Average",O3="Below Average"),"3",AND(N3="Above Average",O3="Above Average"),"4",AND(N3="Below Average",O3="Above Average"),"2",AND(N3="Below Average",O3="Below Average"),"1")} -> 3 | R3: AGO
B4: BEN | C4: 1.2725291 | D4: 0.91369126 | E4: 18.729624 | F4: 8.1976856 | H4: 0.20987289 | I4: 0.91369126 | K4: BEN | L4: 0.20987289 | M4: 8.1976856 | N4: =IF(L4<$L$49,"Below Average","Above Average") -> Below Average | O4: =IF(M4<$M$49,"Below Average","Above Average") -> Below Average | P4: {=_xlfn.IFS(AND(N4="Above Average",O4="Below Average"),"3",AND(N4="Above Average",O4="Above Average"),"4",AND(N4="Below Average",O4="Above Average"),"2",AND(N4="Below Average",O4="Below Average"),"1")} -> 1 | R4: BEN
B5: BWA | C5: 1.8332481 | D5: 1.2148438 | E5: 68.115844 | F5: 16.4 | H5: 0.15035076 | I5: 1.2148438 | K5: BWA | L5: 0.15035076 | M5: 16.4 | N5: =IF(L5<$L$49,"Below Average","Above Average") -> Below Average | O5: =IF(M5<$M$49,"Below Average","Above Average") -> Below Average | P5: {=_xlfn.IFS(AND(N5="Above Average",O5="Below Average"),"3",AND(N5="Above Average",O5="Above Average"),"4",AND(N5="Below Average",O5="Above Average"),"2",AND(N5="Below Average",O5="Below Average"),"1")} -> 1 | R5: BWA
B6: BFA | C6: 1.226015 | D6: 0.81243621 | E6: 16.827323 | F6: 6.4928625 | H6: 0.32017798 | I6: 0.81243621 | K6: BFA | L6: 0.32017798 | M6: 6.4928625 | N6: =IF(L6<$L$49,"Below Average","Above Average") -> Below Average | O6: =IF(M6<$M$49,"Below Average","Above Average") -> Below Average | P6: {=_xlfn.IFS(AND(N6="Above Average",O6="Below Average"),"3",AND(N6="Above Average",O6="Above Average"),"4",AND(N6="Below Average",O6="Above Average"),"2",AND(N6="Below Average",O6="Below Average"),"1")} -> 1 | R6: BFA
B7: BDI | C7: 1.6126391 | D7: 0.76314632 | E7: 40.986337 | F7: 5.7962394 | H7: 0.44333356 | I7: 0.76314632 | K7: BDI | L7: 0.44333356 | M7: 5.7962394 | N7: =IF(L7<$L$49,"Below Average","Above Average") -> Below Average | O7: =IF(M7<$M$49,"Below Average","Above Average") -> Below Average | P7: {=_xlfn.IFS(AND(N7="Above Average",O7="Below Average"),"3",AND(N7="Above Average",O7="Above Average"),"4",AND(N7="Below Average",O7="Above Average"),"2",AND(N7="Below Average",O7="Below Average"),"1")} -> 1 | R7: BDI
B8: CPV | C8: 2.018547 | D8: 1.359037 | E8: 104.3631 | F8: 22.857936 | H8: 0.051947418 | I8: 1.359037 | K8: CPV | L8: 0.051947418 | M8: 22.857936 | N8: =IF(L8<$L$49,"Below Average","Above Average") -> Below Average | O8: =IF(M8<$M$49,"Below Average","Above Average") -> Above Average | P8: {=_xlfn.IFS(AND(N8="Above Average",O8="Below Average"),"3",AND(N8="Above Average",O8="Above Average"),"4",AND(N8="Below Average",O8="Above Average"),"2",AND(N8="Below Average",O8="Below Average"),"1")} -> 2 | R8: CPV
B9: CMR | C9: 1.0540935 | D9: 0.76696272 | E9: 11.326442 | F9: 5.8473988 | H9: 0.26532415 | I9: 0.76696272 | K9: CMR | L9: 0.26532415 | M9: 5.8473988 | N9: =IF(L9<$L$49,"Below Average","Above Average") -> Below Average | O9: =IF(M9<$M$49,"Below Average","Above Average") -> Below Average | P9: {=_xlfn.IFS(AND(N9="Above Average",O9="Below Average"),"3",AND(N9="Above Average",O9="Above Average"),"4",AND(N9="Below Average",O9="Above Average"),"2",AND(N9="Below Average",O9="Below Average"),"1")} -> 1 | R9: CMR
B10: CAF | C10: 1.0090568 | D10: 1.6450235 | E10: 10.210731 | F10: 44.159429 | H10: 0.047805429 | I10: 1.6450235 | K10: CAF | L10: 0.047805429 | M10: 44.159429 | N10: =IF(L10<$L$49,"Below Average","Above Average") -> Below Average | O10: =IF(M10<$M$49,"Below Average","Above Average") -> Above Average | P10: {=_xlfn.IFS(AND(N10="Above Average",O10="Below Average"),"3",AND(N10="Above Average",O10="Above Average"),"4",AND(N10="Below Average",O10="Above Average"),"2",AND(N10="Below Average",O10="Below Average"),"1")} -> 2 | R10: CAF
B11: TCD | C11: 1.3562357 | D11: 0.17779407 | E11: 22.710972 | F11: 1.5058928 | H11: 0.33777968 | I11: 0.17779407 | K11: TCD | L11: 0.33777968 | M11: 1.5058928 | N11: =IF(L11<$L$49,"Below Average","Above Average") -> Below Average | O11: =IF(M11<$M$49,"Below Average","Above Average") -> Below Average | P11: {=_xlfn.IFS(AND(N11="Above Average",O11="Below Average"),"3",AND(N11="Above Average",O11="Above Average"),"4",AND(N11="Below Average",O11="Above Average"),"2",AND(N11="Below Average",O11="Below Average"),"1")} -> 1 | R11: TCD
B12: COM | C12: 1.496013 | D12: 1.4544527 | E12: 31.333795 | F12: 28.474274 | H12: 0.022002588 | I12: 1.4544527 | K12: COM | L12: 0.022002588 | M12: 28.474274 | N12: =IF(L12<$L$49,"Below Average","Above Average") -> Below Average | O12: =IF(M12<$M$49,"Below Average","Above Average") -> Above Average | P12: {=_xlfn.IFS(AND(N12="Above Average",O12="Below Average"),"3",AND(N12="Above Average",O12="Above Average"),"4",AND(N12="Below Average",O12="Above Average"),"2",AND(N12="Below Average",O12="Below Average"),"1")} -> 2 | R12: COM
B13: COG | C13: 1.3081377 | D13: 1.7413486 | E13: 20.330016 | F13: 55.125 | H13: 0.10185814 | I13: 1.7413486 | K13: COG | L13: 0.10185814 | M13: 55.125 | N13: =IF(L13<$L$49,"Below Average","Above Average") -> Below Average | O13: =IF(M13<$M$49,"Below Average","Above Average") -> Above Average | P13: {=_xlfn.IFS(AND(N13="Above Average",O13="Below Average"),"3",AND(N13="Above Average",O13="Above Average"),"4",AND(N13="Below Average",O13="Above Average"),"2",AND(N13="Below Average",O13="Below Average"),"1")} -> 2 | R13: COG
... B48: ZWE | C48: 1.8064716 | D48: 1.5609493 | E48: 64.042987 | F48: 36.387252 | H48: 0.87711971 | I48: 1.5609493 | K48: ZWE | L48: 0.87711971 | M48: 36.387252 | N48: =IF(L48<$L$49,"Below Average","Above Average") -> Below Average | O48: =IF(M48<$M$49,"Below Average","Above Average") -> Above Average | P48: {=_xlfn.IFS(AND(N48="Above Average",O48="Below Average"),"3",AND(N48="Above Average",O48="Above Average"),"4",AND(N48="Below Average",O48="Above Average"),"2",AND(N48="Below Average",O48="Below Average"),"1")} -> 2 | R48: ZWE
E49: 53.428046 | F49: 22.857936 | H49: 0.88248655 | I49: 1.1692594 | L49: =AVERAGE(L2:L48) -> 0.88248655 | M49: =AVERAGE(M2:M48) -> 22.857936
D50: Min | E50: 4.9558483 | F50: 0.95412515
D51: Max | E51: 296.46629 | F51: 107.24524

Sheet Scatter_plot (2)
A1: Country | B1: Country_ISCO | C1: % of health budget spent on HWF | D1: GGHE-D as % GGE | E1: Density per 10,000 (2022) | F1: Ratio stock to graduates_Log | G1: Population Size | K1: Pop_weight | L1: Weighted HWF Density | P1: Country_ISCO | Q1: Density per 10,000 (2022)_log | R1: Ratio stock to graduates_Log | S1: Density per 10,000 (2022) | T1: Ratio stock to graduates | U1: Ratio_Stock-Weighted | Y1: Weighted HWF Density | Z1: Ratio stock to graduates_Log
A2: Algeria | B2: DZA | C2: 0.55 | D2: 0.10730769 | E2: 130.9 | F2: 1.359037 | G2: =_xlfn.XLOOKUP(B2,Sheet6!B:B,Sheet6!F:F) -> 44903225 | K2: =G2/$G$49 -> 0.037681691 | L2: =K2*E2 -> 4.9325334 | P2: DZA | Q2: 1.9914855 | R2: 1.359037 | S2: 98.058569 | T2: 22.857936 | U2: =T2*K2 -> 0.86132568 | Y2: 3.6950127 | Z2: 1.359037
A3: Angola | B3: AGO | C3: 0.50045872 | D3: 0.053643193 | E3: 38.456346 | F3: 1.325859 | G3: =_xlfn.XLOOKUP(B3,Sheet6!B:B,Sheet6!F:F) -> 35588987 | K3: =G3/$G$49 -> 0.02986541 | L3: =K3*E3 -> 1.1485145 | P3: AGO | Q3: 1.584968 | R3: 1.325859 | S3: 38.456346 | T3: 21.176735 | U3: =T3*K3 -> 0.63245187 | Y3: 1.1485145 | Z3: 1.325859
A4: Benin | B4: BEN | C4: 0.47302604 | D4: 0.04554594 | E4: 18.729624 | F4: 0.91369126 | G4: =_xlfn.XLOOKUP(B4,Sheet6!B:B,Sheet6!F:F) -> 13352864 | K4: =G4/$G$49 -> 0.011205398 | L4: =K4*E4 -> 0.20987289 | P4: BEN | Q4: 1.2725291 | R4: 0.91369126 | S4: 18.729624 | T4: 8.1976856 | U4: =T4*K4 -> 0.091858328 | Y4: 0.20987289 | Z4: 0.91369126
A5: Botswana | B5: BWA | C5: 0.521 | D5: 0.12006065 | E5: 68.115844 | F5: 1.2148438 | G5: =_xlfn.XLOOKUP(B5,Sheet6!B:B,Sheet6!F:F) -> 2630296 | K5: =G5/$G$49 -> 0.0022072802 | L5: =K5*E5 -> 0.15035076 | P5: BWA | Q5: 1.8332481 | R5: 1.2148438 | S5: 68.115844 | T5: 16.4 | U5: =T5*K5 -> 0.036199396 | Y5: 0.15035076 | Z5: 1.2148438
A6: Burkina Faso | B6: BFA | C6: 0.32880543 | D6: 0.11463944 | E6: 16.827323 | F6: 0.81243621 | G6: =_xlfn.XLOOKUP(B6,Sheet6!B:B,Sheet6!F:F) -> 22673762 | K6: =G6/$G$49 -> 0.019027268 | L6: =K6*E6 -> 0.32017798 | P6: BFA | Q6: 1.226015 | R6: 0.81243621 | S6: 16.827323 | T6: 6.4928625 | U6: =T6*K6 -> 0.12354143 | Y6: 0.32017798 | Z6: 0.81243621
A7: Burundi | B7: BDI | C7: 0.2677 | D7: 0.08312808 | E7: 40.986337 | F7: 0.76314632 | G7: =_xlfn.XLOOKUP(B7,Sheet6!B:B,Sheet6!F:F) -> 12889576 | K7: =G7/$G$49 -> 0.010816618 | L7: =K7*E7 -> 0.44333356 | P7: BDI | Q7: 1.6126391 | R7: 0.76314632 | S7: 40.986337 | T7: 5.7962394 | U7: =T7*K7 -> 0.062695709 | Y7: 0.44333356 | Z7: 0.76314632
A8: Cabo Verde | B8: CPV | C8: 0.32863413 | D8: 0.10392425 | E8: 104.3631 | F8: 1.359037 | G8: =_xlfn.XLOOKUP(B8,Sheet6!B:B,Sheet6!F:F) -> 593149.5 | K8: =G8/$G$49 -> 0.00049775659 | L8: =K8*E8 -> 0.051947418 | P8: CPV | Q8: 2.018547 | R8: 1.359037 | S8: 104.3631 | T8: 22.857936 | U8: =T8*K8 -> 0.011377688 | Y8: 0.051947418 | Z8: 1.359037
A9: Cameroon | B9: CMR | C9: 0.60169836 | D9: 0.036992729 | E9: 11.326442 | F9: 0.76696272 | G9: =_xlfn.XLOOKUP(B9,Sheet6!B:B,Sheet6!F:F) -> 27914536 | K9: =G9/$G$49 -> 0.023425198 | L9: =K9*E9 -> 0.26532415 | P9: CMR | Q9: 1.0540935 | R9: 0.76696272 | S9: 11.326442 | T9: 5.8473988 | U9: =T9*K9 -> 0.13697648 | Y9: 0.26532415 | Z9: 0.76696272
A10: Central African Republic | B10: CAF | C10: 0.60169836 | D10: 0.048423176 | E10: 10.210731 | F10: 1.6450235 | G10: =_xlfn.XLOOKUP(B10,Sheet6!B:B,Sheet6!F:F) -> 5579143.5 | K10: =G10/$G$49 -> 0.0046818811 | L10: =K10*E10 -> 0.047805429 | P10: CAF | Q10: 1.0090568 | R10: 1.6450235 | S10: 10.210731 | T10: 44.159429 | U10: =T10*K10 -> 0.2067492 | Y10: 0.047805429 | Z10: 1.6450235
A11: Chad | B11: TCD | C11: 0.35310312 | D11: 0.048723002 | E11: 22.710972 | F11: 0.17779407 | G11: =_xlfn.XLOOKUP(B11,Sheet6!B:B,Sheet6!F:F) -> 17723315 | K11: =G11/$G$49 -> 0.014872973 | L11: =K11*E11 -> 0.33777968 | P11: TCD | Q11: 1.3562357 | R11: 0.17779407 | S11: 22.710972 | T11: 1.5058928 | U11: =T11*K11 -> 0.022397104 | Y11: 0.33777968 | Z11: 0.17779407
A12: Comoros | B12: COM | C12: 0.65 | D12: 0.041246686 | E12: 31.333795 | F12: 1.4544527 | G12: =_xlfn.XLOOKUP(B12,Sheet6!B:B,Sheet6!F:F) -> 836773.5 | K12: =G12/$G$49 -> 0.00070219991 | L12: =K12*E12 -> 0.022002588 | P12: COM | Q12: 1.496013 | R12: 1.4544527 | S12: 31.333795 | T12: 28.474274 | U12: =T12*K12 -> 0.019994633 | Y12: 0.022002588 | Z12: 1.4544527
A13: Republic of Congo | B13: COG | C13: 0.43066372 | D13: 0.082168407 | E13: 20.330016 | F13: 1.7413486 | G13: =_xlfn.XLOOKUP(B13,Sheet6!B:B,Sheet6!F:F) -> 5970424 | K13: =G13/$G$49 -> 0.0050102342 | L13: =K13*E13 -> 0.10185814 | P13: COG | Q13: 1.3081377 | R13: 1.7413486 | S13: 20.330016 | T13: 55.125 | U13: =T13*K13 -> 0.27618916 | Y13: 0.10185814 | Z13: 1.7413486
... A48: Zimbabwe | B48: ZWE | C48: 0.35 | D48: 0.051729364 | E48: 64.042987 | F48: 1.5609493 | G48: =_xlfn.XLOOKUP(B48,Sheet6!B:B,Sheet6!F:F) -> 16320537 | K48: =G48/$G$49 -> 0.013695797 | L48: =K48*E48 -> 0.87711971 | P48: ZWE | Q48: 1.8064716 | R48: 1.5609493 | S48: 64.042987 | T48: 36.387252 | U48: =T48*K48 -> 0.49835239 | Y48: 0.87711971 | Z48: 1.5609493
B49: Average | C49: =+AVERAGE(C2:C48) -> 0.4236264 | D49: =+AVERAGE(D2:D48) -> 0.072876595 | E49: =AVERAGE(E2:E48) -> 54.1268 | F49: =AVERAGE(F2:F48) -> 1.1692594 | G49: =SUM(G2:G48) -> 1.1916457e+09 | K49: =G49/$G$49 -> 1 | L49: =K49*E49 -> 54.1268 | S49: =AVERAGE(S2:S48) -> 53.428046 | T49: =AVERAGE(T2:T48) -> 22.857936 | U49: =AVERAGE(U2:U48) -> 0.47130219 | Y49: =AVERAGE(Y2:Y48) -> 0.88248655 | Z49: =AVERAGE(Z2:Z48) -> 1.1692594
B50: Median | C50: =MEDIAN(C2:C48) -> 0.45 | D50: =MEDIAN(D2:D48) -> 0.068515444 | E50: 38.456346 | K50: =G50/$G$49 -> 0 | L50: =K50*E50 -> 0 | R50: Min | S50: =MIN($S$2:$S$48) -> 4.9558483 | T50: =MIN($T$2:$T$48) -> 0.95412515 | U50: =T50*K50 -> 0
B51: Weughted avearge | E51: =SUMPRODUCT($E$2:$E$48,$G$2:$G$48)/G49 -> 42.714388 | F51: =+SUMPRODUCT(F2:F48,G2:G48)/G49 -> 1.155014 | R51: Max | S51: =MAX($S$2:$S$48) -> 296.46629 | T51: =MAX($T$2:$T$48) -> 107.24524

Sheet Quadrans
A1: Country | B1: Country_ISCO | C1: Doctor, Nurse, Midwife Density per 10,000 (2022) | D1: Ratio stock to graduates | E1: HZT Doctor, Nurse, Midwife Density per 10,000 (2022) | F1: VRT Ratio stock to graduates | G1: Quadrant [Ratio Stock to graduates VS Doctor, Nurse, Midwife Density per 10,000 (2022)] | H1: Quadrant [Ratio Stock to graduates VS Doctor, Nurse, Midwife Density per 10,000 (2022)] | J1: Country | K1: GGHE-D as % GGE | L1: % of health budget spent on HWF | M1: HZT GGHE-D as % GGE | N1: VRT % of health budget spent on HWF | O1: Quadrant [% of health budget spent on HWF VS GGHE-D as % GGE] | P1: Quadrant [% of health budget spent on HWF VS GGHE-D as % GGE] | R1: Country | T1: GGHE-D as % GGE | U1: % of health budget spent on HWF | AA1: Country | AH1: Country
A2: Algeria | B2: DZA | C2: 42.170245 | D2: 22.857936 | E2: =IF(C2>$C$49,"Above Average","Below Average") -> Above Average | F2: =IF(D2>$D$49,"Above Average","Below Average") -> Below Average | G2: {=_xlfn.IFS(AND(E2="Above Average",F2="Below Average"),"Q3",AND(E2="Above Average",F2="Above Average"),"Q2",AND(E2="Below Average",F2="Above Average"),"Q1",AND(E2="Below Average",F2="Below Average"),"Q4")} -> Q3 | H2: {=_xlfn.IFS(G2="Q1",1,G2="Q2",2,G2="Q3",3,G2="Q4",4)} -> 3 | J2: Algeria | K2: 0.10730769 | L2: 0.55 | M2: =IF(K2>$K$49,"Above Average","Below Average") -> Above Average | N2: =IF(L2>$L$49,"Above Average","Below Average") -> Above Average | O2: {=_xlfn.IFS(AND(M2="Above Average",N2="Below Average"),"Q3",AND(M2="Above Average",N2="Above Average"),"Q2",AND(M2="Below Average",N2="Above Average"),"Q1",AND(M2="Below Average",N2="Below Average"),"Q4")} -> Q2 | P2: {=_xlfn.IFS(O2="Q1",1,O2="Q2",2,O2="Q3",3,O2="Q4",4)} -> 2 | R2: Algeria | S2: DZA | T2: 0.10730769 | U2: 0.55 | AA2: Algeria | AH2: Algeria
A3: Angola | B3: AGO | C3: 21.198406 | D3: 21.176735 | E3: =IF(C3>$C$49,"Above Average","Below Average") -> Below Average | F3: =IF(D3>$D$49,"Above Average","Below Average") -> Below Average | G3: {=_xlfn.IFS(AND(E3="Above Average",F3="Below Average"),"Q3",AND(E3="Above Average",F3="Above Average"),"Q2",AND(E3="Below Average",F3="Above Average"),"Q1",AND(E3="Below Average",F3="Below Average"),"Q4")} -> Q4 | H3: {=_xlfn.IFS(G3="Q1",1,G3="Q2",2,G3="Q3",3,G3="Q4",4)} -> 4 | J3: Angola | K3: 0.053643193 | L3: 0.50045872 | M3: =IF(K3>$K$49,"Above Average","Below Average") -> Below Average | N3: =IF(L3>$L$49,"Above Average","Below Average") -> Above Average | O3: {=_xlfn.IFS(AND(M3="Above Average",N3="Below Average"),"Q3",AND(M3="Above Average",N3="Above Average"),"Q2",AND(M3="Below Average",N3="Above Average"),"Q1",AND(M3="Below Average",N3="Below Average"),"Q4")} -> Q1 | P3: {=_xlfn.IFS(O3="Q1",1,O3="Q2",2,O3="Q3",3,O3="Q4",4)} -> 1 | R3: Angola | S3: AGO | T3: 0.053643193 | U3: 0.50045872 | AA3: Angola | AH3: Angola
A4: Benin | B4: BEN | C4: 7.9054201 | D4: 8.1976856 | E4: =IF(C4>$C$49,"Above Average","Below Average") -> Below Average | F4: =IF(D4>$D$49,"Above Average","Below Average") -> Below Average | G4: {=_xlfn.IFS(AND(E4="Above Average",F4="Below Average"),"Q3",AND(E4="Above Average",F4="Above Average"),"Q2",AND(E4="Below Average",F4="Above Average"),"Q1",AND(E4="Below Average",F4="Below Average"),"Q4")} -> Q4 | H4: {=_xlfn.IFS(G4="Q1",1,G4="Q2",2,G4="Q3",3,G4="Q4",4)} -> 4 | J4: Benin | K4: 0.04554594 | L4: 0.47302604 | M4: =IF(K4>$K$49,"Above Average","Below Average") -> Below Average | N4: =IF(L4>$L$49,"Above Average","Below Average") -> Above Average | O4: {=_xlfn.IFS(AND(M4="Above Average",N4="Below Average"),"Q3",AND(M4="Above Average",N4="Above Average"),"Q2",AND(M4="Below Average",N4="Above Average"),"Q1",AND(M4="Below Average",N4="Below Average"),"Q4")} -> Q1 | P4: {=_xlfn.IFS(O4="Q1",1,O4="Q2",2,O4="Q3",3,O4="Q4",4)} -> 1 | R4: Benin | S4: BEN | T4: 0.04554594 | U4: 0.47302604 | AA4: Benin | AD4: 1 | AH4: Benin
A5: Botswana | B5: BWA | C5: 34.292718 | D5: 16.4 | E5: =IF(C5>$C$49,"Above Average","Below Average") -> Above Average | F5: =IF(D5>$D$49,"Above Average","Below Average") -> Below Average | G5: {=_xlfn.IFS(AND(E5="Above Average",F5="Below Average"),"Q3",AND(E5="Above Average",F5="Above Average"),"Q2",AND(E5="Below Average",F5="Above Average"),"Q1",AND(E5="Below Average",F5="Below Average"),"Q4")} -> Q3 | H5: {=_xlfn.IFS(G5="Q1",1,G5="Q2",2,G5="Q3",3,G5="Q4",4)} -> 3 | J5: Botswana | K5: 0.12006065 | L5: 0.521 | M5: =IF(K5>$K$49,"Above Average","Below Average") -> Above Average | N5: =IF(L5>$L$49,"Above Average","Below Average") -> Above Average | O5: {=_xlfn.IFS(AND(M5="Above Average",N5="Below Average"),"Q3",AND(M5="Above Average",N5="Above Average"),"Q2",AND(M5="Below Average",N5="Above Average"),"Q1",AND(M5="Below Average",N5="Below Average"),"Q4")} -> Q2 | P5: {=_xlfn.IFS(O5="Q1",1,O5="Q2",2,O5="Q3",3,O5="Q4",4)} -> 2 | R5: Botswana | S5: BWA | T5: 0.12006065 | U5: 0.521 | AA5: Botswana | AD5: 2 | AH5: Botswana
A6: Burkina Faso | B6: BFA | C6: 11.721919 | D6: 6.4928625 | E6: =IF(C6>$C$49,"Above Average","Below Average") -> Below Average | F6: =IF(D6>$D$49,"Above Average","Below Average") -> Below Average | G6: {=_xlfn.IFS(AND(E6="Above Average",F6="Below Average"),"Q3",AND(E6="Above Average",F6="Above Average"),"Q2",AND(E6="Below Average",F6="Above Average"),"Q1",AND(E6="Below Average",F6="Below Average"),"Q4")} -> Q4 | H6: {=_xlfn.IFS(G6="Q1",1,G6="Q2",2,G6="Q3",3,G6="Q4",4)} -> 4 | J6: Burkina Faso | K6: 0.11463944 | L6: 0.32880543 | M6: =IF(K6>$K$49,"Above Average","Below Average") -> Above Average | N6: =IF(L6>$L$49,"Above Average","Below Average") -> Below Average | O6: {=_xlfn.IFS(AND(M6="Above Average",N6="Below Average"),"Q3",AND(M6="Above Average",N6="Above Average"),"Q2",AND(M6="Below Average",N6="Above Average"),"Q1",AND(M6="Below Average",N6="Below Average"),"Q4")} -> Q3 | P6: {=_xlfn.IFS(O6="Q1",1,O6="Q2",2,O6="Q3",3,O6="Q4",4)} -> 3 | R6: Burkina Faso | S6: BFA | T6: 0.11463944 | U6: 0.32880543 | AA6: Burkina Faso | AD6: 3 | AH6: Burkina Faso
A7: Burundi | B7: BDI | C7: 8.1970006 | D7: 5.7962394 | E7: =IF(C7>$C$49,"Above Average","Below Average") -> Below Average | F7: =IF(D7>$D$49,"Above Average","Below Average") -> Below Average | G7: {=_xlfn.IFS(AND(E7="Above Average",F7="Below Average"),"Q3",AND(E7="Above Average",F7="Above Average"),"Q2",AND(E7="Below Average",F7="Above Average"),"Q1",AND(E7="Below Average",F7="Below Average"),"Q4")} -> Q4 | H7: {=_xlfn.IFS(G7="Q1",1,G7="Q2",2,G7="Q3",3,G7="Q4",4)} -> 4 | J7: Burundi | K7: 0.08312808 | L7: 0.2677 | M7: =IF(K7>$K$49,"Above Average","Below Average") -> Above Average | N7: =IF(L7>$L$49,"Above Average","Below Average") -> Below Average | O7: {=_xlfn.IFS(AND(M7="Above Average",N7="Below Average"),"Q3",AND(M7="Above Average",N7="Above Average"),"Q2",AND(M7="Below Average",N7="Above Average"),"Q1",AND(M7="Below Average",N7="Below Average"),"Q4")} -> Q3 | P7: {=_xlfn.IFS(O7="Q1",1,O7="Q2",2,O7="Q3",3,O7="Q4",4)} -> 3 | R7: Burundi | S7: BDI | T7: 0.08312808 | U7: 0.2677 | AA7: Burundi | AD7: 4 | AH7: Burundi
A8: Cabo Verde | B8: CPV | C8: 60.895272 | D8: 22.857936 | E8: =IF(C8>$C$49,"Above Average","Below Average") -> Above Average | F8: =IF(D8>$D$49,"Above Average","Below Average") -> Below Average | G8: {=_xlfn.IFS(AND(E8="Above Average",F8="Below Average"),"Q3",AND(E8="Above Average",F8="Above Average"),"Q2",AND(E8="Below Average",F8="Above Average"),"Q1",AND(E8="Below Average",F8="Below Average"),"Q4")} -> Q3 | H8: {=_xlfn.IFS(G8="Q1",1,G8="Q2",2,G8="Q3",3,G8="Q4",4)} -> 3 | J8: Cabo Verde | K8: 0.10392425 | L8: 0.32863413 | M8: =IF(K8>$K$49,"Above Average","Below Average") -> Above Average | N8: =IF(L8>$L$49,"Above Average","Below Average") -> Below Average | O8: {=_xlfn.IFS(AND(M8="Above Average",N8="Below Average"),"Q3",AND(M8="Above Average",N8="Above Average"),"Q2",AND(M8="Below Average",N8="Above Average"),"Q1",AND(M8="Below Average",N8="Below Average"),"Q4")} -> Q3 | P8: {=_xlfn.IFS(O8="Q1",1,O8="Q2",2,O8="Q3",3,O8="Q4",4)} -> 3 | R8: Cabo Verde | S8: CPV | T8: 0.10392425 | U8: 0.32863413 | AA8: Cabo Verde | AH8: Cabo Verde
A9: Cameroon | B9: CMR | C9: 7.8475242 | D9: 5.8473988 | E9: =IF(C9>$C$49,"Above Average","Below Average") -> Below Average | F9: =IF(D9>$D$49,"Above Average","Below Average") -> Below Average | G9: {=_xlfn.IFS(AND(E9="Above Average",F9="Below Average"),"Q3",AND(E9="Above Average",F9="Above Average"),"Q2",AND(E9="Below Average",F9="Above Average"),"Q1",AND(E9="Below Average",F9="Below Average"),"Q4")} -> Q4 | H9: {=_xlfn.IFS(G9="Q1",1,G9="Q2",2,G9="Q3",3,G9="Q4",4)} -> 4 | J9: Cameroon | K9: 0.036992729 | L9: 0.60169836 | M9: =IF(K9>$K$49,"Above Average","Below Average") -> Below Average | N9: =IF(L9>$L$49,"Above Average","Below Average") -> Above Average | O9: {=_xlfn.IFS(AND(M9="Above Average",N9="Below Average"),"Q3",AND(M9="Above Average",N9="Above Average"),"Q2",AND(M9="Below Average",N9="Above Average"),"Q1",AND(M9="Below Average",N9="Below Average"),"Q4")} -> Q1 | P9: {=_xlfn.IFS(O9="Q1",1,O9="Q2",2,O9="Q3",3,O9="Q4",4)} -> 1 | R9: Cameroon | S9: CMR | T9: 0.036992729 | U9: 0.60169836 | AA9: Cameroon | AH9: Cameroon
A10: Central African Republic | B10: CAF | C10: 2.3872297 | D10: 44.159429 | E10: =IF(C10>$C$49,"Above Average","Below Average") -> Below Average | F10: =IF(D10>$D$49,"Above Average","Below Average") -> Above Average | G10: {=_xlfn.IFS(AND(E10="Above Average",F10="Below Average"),"Q3",AND(E10="Above Average",F10="Above Average"),"Q2",AND(E10="Below Average",F10="Above Average"),"Q1",AND(E10="Below Average",F10="Below Average"),"Q4")} -> Q1 | H10: {=_xlfn.IFS(G10="Q1",1,G10="Q2",2,G10="Q3",3,G10="Q4",4)} -> 1 | J10: Central African Republic | K10: 0.048423176 | L10: 0.60169836 | M10: =IF(K10>$K$49,"Above Average","Below Average") -> Below Average | N10: =IF(L10>$L$49,"Above Average","Below Average") -> Above Average | O10: {=_xlfn.IFS(AND(M10="Above Average",N10="Below Average"),"Q3",AND(M10="Above Average",N10="Above Average"),"Q2",AND(M10="Below Average",N10="Above Average"),"Q1",AND(M10="Below Average",N10="Below Average"),"Q4")} -> Q1 | P10: {=_xlfn.IFS(O10="Q1",1,O10="Q2",2,O10="Q3",3,O10="Q4",4)} -> 1 | R10: Central African Republic | S10: CAF | T10: 0.048423176 | U10: 0.60169836 | AA10: Central African Republic | AH10: Central African Republic
A11: Chad | B11: TCD | C11: 3.2716189 | D11: 1.5058928 | E11: =IF(C11>$C$49,"Above Average","Below Average") -> Below Average | F11: =IF(D11>$D$49,"Above Average","Below Average") -> Below Average | G11: {=_xlfn.IFS(AND(E11="Above Average",F11="Below Average"),"Q3",AND(E11="Above Average",F11="Above Average"),"Q2",AND(E11="Below Average",F11="Above Average"),"Q1",AND(E11="Below Average",F11="Below Average"),"Q4")} -> Q4 | H11: {=_xlfn.IFS(G11="Q1",1,G11="Q2",2,G11="Q3",3,G11="Q4",4)} -> 4 | J11: Chad | K11: 0.048723002 | L11: 0.35310312 | M11: =IF(K11>$K$49,"Above Average","Below Average") -> Below Average | N11: =IF(L11>$L$49,"Above Average","Below Average") -> Below Average | O11: {=_xlfn.IFS(AND(M11="Above Average",N11="Below Average"),"Q3",AND(M11="Above Average",N11="Above Average"),"Q2",AND(M11="Below Average",N11="Above Average"),"Q1",AND(M11="Below Average",N11="Below Average"),"Q4")} -> Q4 | P11: {=_xlfn.IFS(O11="Q1",1,O11="Q2",2,O11="Q3",3,O11="Q4",4)} -> 4 | R11: Chad | S11: TCD | T11: 0.048723002 | U11: 0.35310312 | AA11: Chad | AH11: Chad
A12: Comoros | B12: COM | C12: 20.614551 | D12: 28.474274 | E12: =IF(C12>$C$49,"Above Average","Below Average") -> Below Average | F12: =IF(D12>$D$49,"Above Average","Below Average") -> Above Average | G12: {=_xlfn.IFS(AND(E12="Above Average",F12="Below Average"),"Q3",AND(E12="Above Average",F12="Above Average"),"Q2",AND(E12="Below Average",F12="Above Average"),"Q1",AND(E12="Below Average",F12="Below Average"),"Q4")} -> Q1 | H12: {=_xlfn.IFS(G12="Q1",1,G12="Q2",2,G12="Q3",3,G12="Q4",4)} -> 1 | J12: Comoros | K12: 0.041246686 | L12: 0.65 | M12: =IF(K12>$K$49,"Above Average","Below Average") -> Below Average | N12: =IF(L12>$L$49,"Above Average","Below Average") -> Above Average | O12: {=_xlfn.IFS(AND(M12="Above Average",N12="Below Average"),"Q3",AND(M12="Above Average",N12="Above Average"),"Q2",AND(M12="Below Average",N12="Above Average"),"Q1",AND(M12="Below Average",N12="Below Average"),"Q4")} -> Q1 | P12: {=_xlfn.IFS(O12="Q1",1,O12="Q2",2,O12="Q3",3,O12="Q4",4)} -> 1 | R12: Comoros | S12: COM | T12: 0.041246686 | U12: 0.65 | AA12: Comoros | AH12: Comoros
A13: Côte d'Ivoire | B13: CIV | C13: 11.710636 | D13: 20.263906 | E13: =IF(C13>$C$49,"Above Average","Below Average") -> Below Average | F13: =IF(D13>$D$49,"Above Average","Below Average") -> Below Average | G13: {=_xlfn.IFS(AND(E13="Above Average",F13="Below Average"),"Q3",AND(E13="Above Average",F13="Above Average"),"Q2",AND(E13="Below Average",F13="Above Average"),"Q1",AND(E13="Below Average",F13="Below Average"),"Q4")} -> Q4 | H13: {=_xlfn.IFS(G13="Q1",1,G13="Q2",2,G13="Q3",3,G13="Q4",4)} -> 4 | J13: Côte d'Ivoire | K13: 0.066596483 | L13: 0.373 | M13: =IF(K13>$K$49,"Above Average","Below Average") -> Below Average | N13: =IF(L13>$L$49,"Above Average","Below Average") -> Below Average | O13: {=_xlfn.IFS(AND(M13="Above Average",N13="Below Average"),"Q3",AND(M13="Above Average",N13="Above Average"),"Q2",AND(M13="Below Average",N13="Above Average"),"Q1",AND(M13="Below Average",N13="Below Average"),"Q4")} -> Q4 | P13: {=_xlfn.IFS(O13="Q1",1,O13="Q2",2,O13="Q3",3,O13="Q4",4)} -> 4 | R13: Republic of Congo | S13: COG | T13: 0.082168407 | U13: 0.43066372 | AA13: Côte d'Ivoire | AH13: Côte d'Ivoire
A14: Democratic Republic of the Congo | B14: COD | C14: 14.104125 | D14: 4.5412705 | E14: =IF(C14>$C$49,"Above Average","Below Average") -> Below Average | F14: =IF(D14>$D$49,"Above Average","Below Average") -> Below Average | G14: {=_xlfn.IFS(AND(E14="Above Average",F14="Below Average"),"Q3",AND(E14="Above Average",F14="Above Average"),"Q2",AND(E14="Below Average",F14="Above Average"),"Q1",AND(E14="Below Average",F14="Below Average"),"Q4")} -> Q4 | H14: {=_xlfn.IFS(G14="Q1",1,G14="Q2",2,G14="Q3",3,G14="Q4",4)} -> 4 | J14: Democratic Republic of the Congo | K14: 0.062699966 | L14: 0.47302604 | M14: =IF(K14>$K$49,"Above Average","Below Average") -> Below Average | N14: =IF(L14>$L$49,"Above Average","Below Average") -> Above Average | O14: {=_xlfn.IFS(AND(M14="Above Average",N14="Below Average"),"Q3",AND(M14="Above Average",N14="Above Average"),"Q2",AND(M14="Below Average",N14="Above Average"),"Q1",AND(M14="Below Average",N14="Below Average"),"Q4")} -> Q1 | P14: {=_xlfn.IFS(O14="Q1",1,O14="Q2",2,O14="Q3",3,O14="Q4",4)} -> 1 | R14: Côte d'Ivoire | S14: CIV | T14: 0.066596483 | U14: 0.373 | AA14: Democratic Republic of the Congo | AH14: Democratic Republic of the Congo
A15: Equatorial Guinea | B15: GNQ | C15: 10.007214 | D15: 0.95412515 | E15: =IF(C15>$C$49,"Above Average","Below Average") -> Below Average | F15: =IF(D15>$D$49,"Above Average","Below Average") -> Below Average | G15: {=_xlfn.IFS(AND(E15="Above Average",F15="Below Average"),"Q3",AND(E15="Above Average",F15="Above Average"),"Q2",AND(E15="Below Average",F15="Above Average"),"Q1",AND(E15="Below Average",F15="Below Average"),"Q4")} -> Q4 | H15: {=_xlfn.IFS(G15="Q1",1,G15="Q2",2,G15="Q3",3,G15="Q4",4)} -> 4 | J15: Equatorial Guinea | K15: 0.05292294 | L15: 0.47302604 | M15: =IF(K15>$K$49,"Above Average","Below Average") -> Below Average | N15: =IF(L15>$L$49,"Above Average","Below Average") -> Above Average | O15: {=_xlfn.IFS(AND(M15="Above Average",N15="Below Average"),"Q3",AND(M15="Above Average",N15="Above Average"),"Q2",AND(M15="Below Average",N15="Above Average"),"Q1",AND(M15="Below Average",N15="Below Average"),"Q4")} -> Q1 | P15: {=_xlfn.IFS(O15="Q1",1,O15="Q2",2,O15="Q3",3,O15="Q4",4)} -> 1 | R15: Democratic Republic of the Congo | S15: COD | T15: 0.062699966 | U15: 0.47302604 | AA15: Equatorial Guinea | AH15: Equatorial Guinea
A16: Eritrea | B16: ERI | C16: 14.584071 | D16: 13.264544 | E16: =IF(C16>$C$49,"Above Average","Below Average") -> Below Average | F16: =IF(D16>$D$49,"Above Average","Below Average") -> Below Average | G16: {=_xlfn.IFS(AND(E16="Above Average",F16="Below Average"),"Q3",AND(E16="Above Average",F16="Above Average"),"Q2",AND(E16="Below Average",F16="Above Average"),"Q1",AND(E16="Below Average",F16="Below Average"),"Q4")} -> Q4 | H16: {=_xlfn.IFS(G16="Q1",1,G16="Q2",2,G16="Q3",3,G16="Q4",4)} -> 4 | J16: Eritrea | K16: 0.023541069 | L16: 0.673 | M16: =IF(K16>$K$49,"Above Average","Below Average") -> Below Average | N16: =IF(L16>$L$49,"Above Average","Below Average") -> Above Average | O16: {=_xlfn.IFS(AND(M16="Above Average",N16="Below Average"),"Q3",AND(M16="Above Average",N16="Above Average"),"Q2",AND(M16="Below Average",N16="Above Average"),"Q1",AND(M16="Below Average",N16="Below Average"),"Q4")} -> Q1 | P16: {=_xlfn.IFS(O16="Q1",1,O16="Q2",2,O16="Q3",3,O16="Q4",4)} -> 1 | R16: Equatorial Guinea | S16: GNQ | T16: 0.05292294 | U16: 0.47302604 | AA16: Eritrea | AH16: Eritrea
A17: Eswatini | B17: SWZ | C17: 49.456153 | D17: 37.05625 | E17: =IF(C17>$C$49,"Above Average","Below Average") -> Above Average | F17: =IF(D17>$D$49,"Above Average","Below Average") -> Above Average | G17: {=_xlfn.IFS(AND(E17="Above Average",F17="Below Average"),"Q3",AND(E17="Above Average",F17="Above Average"),"Q2",AND(E17="Below Average",F17="Above Average"),"Q1",AND(E17="Below Average",F17="Below Average"),"Q4")} -> Q2 | H17: {=_xlfn.IFS(G17="Q1",1,G17="Q2",2,G17="Q3",3,G17="Q4",4)} -> 2 | J17: Eswatini | K17: 0.099682932 | L17: 0.3 | M17: =IF(K17>$K$49,"Above Average","Below Average") -> Above Average | N17: =IF(L17>$L$49,"Above Average","Below Average") -> Below Average | O17: {=_xlfn.IFS(AND(M17="Above Average",N17="Below Average"),"Q3",AND(M17="Above Average",N17="Above Average"),"Q2",AND(M17="Below Average",N17="Above Average"),"Q1",AND(M17="Below Average",N17="Below Average"),"Q4")} -> Q3 | P17: {=_xlfn.IFS(O17="Q1",1,O17="Q2",2,O17="Q3",3,O17="Q4",4)} -> 3 | R17: Eritrea | S17: ERI | T17: 0.023541069 | U17: 0.673 | AA17: Eswatini | AH17: Eswatini
A18: Ethiopia | B18: ETH | C18: 15.362629 | D18: 16.468657 | E18: =IF(C18>$C$49,"Above Average","Below Average") -> Below Average | F18: =IF(D18>$D$49,"Above Average","Below Average") -> Below Average | G18: {=_xlfn.IFS(AND(E18="Above Average",F18="Below Average"),"Q3",AND(E18="Above Average",F18="Above Average"),"Q2",AND(E18="Below Average",F18="Above Average"),"Q1",AND(E18="Below Average",F18="Below Average"),"Q4")} -> Q4 | H18: {=_xlfn.IFS(G18="Q1",1,G18="Q2",2,G18="Q3",3,G18="Q4",4)} -> 4 | J18: Ethiopia | K18: 0.067922325 | L18: 0.18662367 | M18: =IF(K18>$K$49,"Above Average","Below Average") -> Below Average | N18: =IF(L18>$L$49,"Above Average","Below Average") -> Below Average | O18: {=_xlfn.IFS(AND(M18="Above Average",N18="Below Average"),"Q3",AND(M18="Above Average",N18="Above Average"),"Q2",AND(M18="Below Average",N18="Above Average"),"Q1",AND(M18="Below Average",N18="Below Average"),"Q4")} -> Q4 | P18: {=_xlfn.IFS(O18="Q1",1,O18="Q2",2,O18="Q3",3,O18="Q4",4)} -> 4 | R18: Eswatini | S18: SWZ | T18: 0.099682932 | U18: 0.3 | AA18: Ethiopia | AH18: Ethiopia
A19: Gabon | B19: GAB | C19: 29.037302 | D19: 42.673686 | E19: =IF(C19>$C$49,"Above Average","Below Average") -> Above Average | F19: =IF(D19>$D$49,"Above Average","Below Average") -> Above Average | G19: {=_xlfn.IFS(AND(E19="Above Average",F19="Below Average"),"Q3",AND(E19="Above Average",F19="Above Average"),"Q2",AND(E19="Below Average",F19="Above Average"),"Q1",AND(E19="Below Average",F19="Below Average"),"Q4")} -> Q2 | H19: {=_xlfn.IFS(G19="Q1",1,G19="Q2",2,G19="Q3",3,G19="Q4",4)} -> 2 | J19: Gabon | K19: 0.095915585 | L19: 0.48757774 | M19: =IF(K19>$K$49,"Above Average","Below Average") -> Above Average | N19: =IF(L19>$L$49,"Above Average","Below Average") -> Above Average | O19: {=_xlfn.IFS(AND(M19="Above Average",N19="Below Average"),"Q3",AND(M19="Above Average",N19="Above Average"),"Q2",AND(M19="Below Average",N19="Above Average"),"Q1",AND(M19="Below Average",N19="Below Average"),"Q4")} -> Q2 | P19: {=_xlfn.IFS(O19="Q1",1,O19="Q2",2,O19="Q3",3,O19="Q4",4)} -> 2 | R19: Ethiopia | S19: ETH | T19: 0.067922325 | U19: 0.18662367 | AA19: Gabon | AH19: Gabon
... A48: Zimbabwe | B48: ZWE | C48: 36.315961 | D48: 36.387252 | E48: =IF(C48>$C$49,"Above Average","Below Average") -> Above Average | F48: =IF(D48>$D$49,"Above Average","Below Average") -> Above Average | G48: {=_xlfn.IFS(AND(E48="Above Average",F48="Below Average"),"Q3",AND(E48="Above Average",F48="Above Average"),"Q2",AND(E48="Below Average",F48="Above Average"),"Q1",AND(E48="Below Average",F48="Below Average"),"Q4")} -> Q2 | H48: {=_xlfn.IFS(G48="Q1",1,G48="Q2",2,G48="Q3",3,G48="Q4",4)} -> 2 | J48: Zimbabwe | K48: 0.051729364 | L48: 0.35 | M48: =IF(K48>$K$49,"Above Average","Below Average") -> Below Average | N48: =IF(L48>$L$49,"Above Average","Below Average") -> Below Average | O48: {=_xlfn.IFS(AND(M48="Above Average",N48="Below Average"),"Q3",AND(M48="Above Average",N48="Above Average"),"Q2",AND(M48="Below Average",N48="Above Average"),"Q1",AND(M48="Below Average",N48="Below Average"),"Q4")} -> Q4 | P48: {=_xlfn.IFS(O48="Q1",1,O48="Q2",2,O48="Q3",3,O48="Q4",4)} -> 4 | R48: Zimbabwe | S48: ZWE | T48: 0.051729364 | U48: 0.35 | AA48: Zimbabwe | AH48: Zimbabwe
B49: Average | C49: =AVERAGE(C2:C48) -> 24.652809 | D49: =AVERAGE(D2:D48) -> 22.857936 | J49: Average | K49: =AVERAGE(K2:K48) -> 0.072876595 | L49: =AVERAGE(L2:L48) -> 0.4236264 | S49: Average | T49: =AVERAGE(T2:T48) -> 0.072876595 | U49: 0.4236264
B50: Min | C50: =MIN(C2:C48) -> 2.3259582 | D50: =MIN(D2:D48) -> 0.95412515 | J50: Min | K50: =MIN(K2:K48) -> 0.021062052 | L50: =MIN(L2:L48) -> 0.075 | S50: Median | T50: 0.068515444 | U50: 0.45
B51: Max | C51: =MAX(C2:C48) -> 213.24893 | D51: =MAX(D2:D48) -> 107.24524 | J51: Max | K51: =MAX(K2:K48) -> 0.1528984 | L51: =MAX(L2:L48) -> 0.7108
J52: Average | K52: 0.072876595 | L52: 0.4236264
J53: Min | K53: 0.021062052 | L53: 0.075
J54: Max | K54: 0.1528984 | L54: 0.7108

Sheet Quadrans (2)
A1: Country | B1: Country_ISCO | C1: Doctor, Nurse, Midwife Density per 10,000 (2022) | D1: Ratio stock to graduates | E1: HZT Doctor, Nurse, Midwife Density per 10,000 (2022) | F1: VRT Ratio stock to graduates | G1: Quadrant [Ratio Stock to graduates VS Doctor, Nurse, Midwife Density per 10,000 (2022)] | H1: Quadrant [Ratio Stock to graduates VS Doctor, Nurse, Midwife Density per 10,000 (2022)] | J1: Country | K1: GGHE-D as % GGE | L1: % of health budget spent on HWF | M1: HZT GGHE-D as % GGE | N1: VRT % of health budget spent on HWF | O1: Quadrant [% of health budget spent on HWF VS GGHE-D as % GGE] | P1: Quadrant [% of health budget spent on HWF VS GGHE-D as % GGE] | R1: Country | T1: GGHE-D as % GGE | U1: % of health budget spent on HWF | AA1: Country | AB1: Quadrant [Ratio Stock to graduates VS Doctor, Nurse, Midwife Density per 10,000 (2022)] | AC1: Quadrant [% of health budget spent on HWF VS GGHE-D as % GGE] | AJ1: Country | AK1: Doctor, Nurse, Midwife Density per 10,000 (2022) | AL1: Ratio stock to graduates | AM1: Quadrant [Ratio Stock to graduates VS Doctor, Nurse, Midwife Density per 10,000 (2022)] | AN1: GGHE-D as % GGE | AO1: % of health budget spent on HWF | AP1: Quadrant [% of health budget spent on HWF VS GGHE-D as % GGE]
A2: Algeria | B2: DZA | C2: 42.170245 | D2: 22.857936 | E2: =IF(C2>$C$49,"Above Average","Below Average") -> Above Average | F2: =IF(D2>$D$49,"Above Average","Below Average") -> Below Average | G2: {=_xlfn.IFS(AND(E2="Above Average",F2="Below Average"),"Q1",AND(E2="Above Average",F2="Above Average"),"Q2",AND(E2="Below Average",F2="Above Average"),"Q3",AND(E2="Below Average",F2="Below Average"),"Q4")} -> Q1 | H2: {=_xlfn.IFS(G2="Q1",1,G2="Q2",2,G2="Q3",3,G2="Q4",4)} -> 1 | J2: Algeria | K2: 0.10730769 | L2: 0.55 | M2: =IF(K2>$K$49,"Above Average","Below Average") -> Above Average | N2: =IF(L2>$L$49,"Above Average","Below Average") -> Above Average | O2: {=_xlfn.IFS(AND(M2="Above Average",N2="Below Average"),"Q1",AND(M2="Above Average",N2="Above Average"),"Q2",AND(M2="Below Average",N2="Above Average"),"Q3",AND(M2="Below Average",N2="Below Average"),"Q4")} -> Q2 | P2: {=_xlfn.IFS(O2="Q1",1,O2="Q2",2,O2="Q3",3,O2="Q4",4)} -> 2 | R2: Algeria | S2: DZA | T2: 0.10730769 | U2: 0.55 | AA2: Algeria | AB2: 1 | AC2: 2 | AJ2: Algeria | AK2: 42.170245 | AL2: 22.857936 | AM2: 1 | AN2: 0.10730769 | AO2: 0.55 | AP2: 2
A3: Angola | B3: AGO | C3: 21.198406 | D3: 21.176735 | E3: =IF(C3>$C$49,"Above Average","Below Average") -> Below Average | F3: =IF(D3>$D$49,"Above Average","Below Average") -> Below Average | G3: {=_xlfn.IFS(AND(E3="Above Average",F3="Below Average"),"Q1",AND(E3="Above Average",F3="Above Average"),"Q2",AND(E3="Below Average",F3="Above Average"),"Q3",AND(E3="Below Average",F3="Below Average"),"Q4")} -> Q4 | H3: {=_xlfn.IFS(G3="Q1",1,G3="Q2",2,G3="Q3",3,G3="Q4",4)} -> 4 | J3: Angola | K3: 0.053643193 | L3: 0.50045872 | M3: =IF(K3>$K$49,"Above Average","Below Average") -> Below Average | N3: =IF(L3>$L$49,"Above Average","Below Average") -> Above Average | O3: {=_xlfn.IFS(AND(M3="Above Average",N3="Below Average"),"Q1",AND(M3="Above Average",N3="Above Average"),"Q2",AND(M3="Below Average",N3="Above Average"),"Q3",AND(M3="Below Average",N3="Below Average"),"Q4")} -> Q3 | P3: {=_xlfn.IFS(O3="Q1",1,O3="Q2",2,O3="Q3",3,O3="Q4",4)} -> 3 | R3: Angola | S3: AGO | T3: 0.053643193 | U3: 0.50045872 | AA3: Angola | AB3: 4 | AC3: 3 | AJ3: Angola | AK3: 21.198406 | AL3: 21.176735 | AM3: 4 | AN3: 0.053643193 | AO3: 0.50045872 | AP3: 3
A4: Benin | B4: BEN | C4: 7.9054201 | D4: 8.1976856 | E4: =IF(C4>$C$49,"Above Average","Below Average") -> Below Average | F4: =IF(D4>$D$49,"Above Average","Below Average") -> Below Average | G4: {=_xlfn.IFS(AND(E4="Above Average",F4="Below Average"),"Q1",AND(E4="Above Average",F4="Above Average"),"Q2",AND(E4="Below Average",F4="Above Average"),"Q3",AND(E4="Below Average",F4="Below Average"),"Q4")} -> Q4 | H4: {=_xlfn.IFS(G4="Q1",1,G4="Q2",2,G4="Q3",3,G4="Q4",4)} -> 4 | J4: Benin | K4: 0.04554594 | L4: 0.47302604 | M4: =IF(K4>$K$49,"Above Average","Below Average") -> Below Average | N4: =IF(L4>$L$49,"Above Average","Below Average") -> Above Average | O4: {=_xlfn.IFS(AND(M4="Above Average",N4="Below Average"),"Q1",AND(M4="Above Average",N4="Above Average"),"Q2",AND(M4="Below Average",N4="Above Average"),"Q3",AND(M4="Below Average",N4="Below Average"),"Q4")} -> Q3 | P4: {=_xlfn.IFS(O4="Q1",1,O4="Q2",2,O4="Q3",3,O4="Q4",4)} -> 3 | R4: Benin | S4: BEN | T4: 0.04554594 | U4: 0.47302604 | AA4: Benin | AB4: 4 | AC4: 3 | AF4: 1 | AJ4: Benin | AK4: 7.9054201 | AL4: 8.1976856 | AM4: 4 | AN4: 0.04554594 | AO4: 0.47302604 | AP4: 3
A5: Botswana | B5: BWA | C5: 34.292718 | D5: 16.4 | E5: =IF(C5>$C$49,"Above Average","Below Average") -> Above Average | F5: =IF(D5>$D$49,"Above Average","Below Average") -> Below Average | G5: {=_xlfn.IFS(AND(E5="Above Average",F5="Below Average"),"Q1",AND(E5="Above Average",F5="Above Average"),"Q2",AND(E5="Below Average",F5="Above Average"),"Q3",AND(E5="Below Average",F5="Below Average"),"Q4")} -> Q1 | H5: {=_xlfn.IFS(G5="Q1",1,G5="Q2",2,G5="Q3",3,G5="Q4",4)} -> 1 | J5: Botswana | K5: 0.12006065 | L5: 0.521 | M5: =IF(K5>$K$49,"Above Average","Below Average") -> Above Average | N5: =IF(L5>$L$49,"Above Average","Below Average") -> Above Average | O5: {=_xlfn.IFS(AND(M5="Above Average",N5="Below Average"),"Q1",AND(M5="Above Average",N5="Above Average"),"Q2",AND(M5="Below Average",N5="Above Average"),"Q3",AND(M5="Below Average",N5="Below Average"),"Q4")} -> Q2 | P5: {=_xlfn.IFS(O5="Q1",1,O5="Q2",2,O5="Q3",3,O5="Q4",4)} -> 2 | R5: Botswana | S5: BWA | T5: 0.12006065 | U5: 0.521 | AA5: Botswana | AB5: 1 | AC5: 2 | AF5: 2 | AJ5: Botswana | AK5: 34.292718 | AL5: 16.4 | AM5: 1 | AN5: 0.12006065 | AO5: 0.521 | AP5: 2
A6: Burkina Faso | B6: BFA | C6: 11.721919 | D6: 6.4928625 | E6: =IF(C6>$C$49,"Above Average","Below Average") -> Below Average | F6: =IF(D6>$D$49,"Above Average","Below Average") -> Below Average | G6: {=_xlfn.IFS(AND(E6="Above Average",F6="Below Average"),"Q1",AND(E6="Above Average",F6="Above Average"),"Q2",AND(E6="Below Average",F6="Above Average"),"Q3",AND(E6="Below Average",F6="Below Average"),"Q4")} -> Q4 | H6: {=_xlfn.IFS(G6="Q1",1,G6="Q2",2,G6="Q3",3,G6="Q4",4)} -> 4 | J6: Burkina Faso | K6: 0.11463944 | L6: 0.32880543 | M6: =IF(K6>$K$49,"Above Average","Below Average") -> Above Average | N6: =IF(L6>$L$49,"Above Average","Below Average") -> Below Average | O6: {=_xlfn.IFS(AND(M6="Above Average",N6="Below Average"),"Q1",AND(M6="Above Average",N6="Above Average"),"Q2",AND(M6="Below Average",N6="Above Average"),"Q3",AND(M6="Below Average",N6="Below Average"),"Q4")} -> Q1 | P6: {=_xlfn.IFS(O6="Q1",1,O6="Q2",2,O6="Q3",3,O6="Q4",4)} -> 1 | R6: Burkina Faso | S6: BFA | T6: 0.11463944 | U6: 0.32880543 | AA6: Burkina Faso | AB6: 4 | AC6: 1 | AF6: 3 | AJ6: Burkina Faso | AK6: 11.721919 | AL6: 6.4928625 | AM6: 4 | AN6: 0.11463944 | AO6: 0.32880543 | AP6: 1
A7: Burundi | B7: BDI | C7: 8.1970006 | D7: 5.7962394 | E7: =IF(C7>$C$49,"Above Average","Below Average") -> Below Average | F7: =IF(D7>$D$49,"Above Average","Below Average") -> Below Average | G7: {=_xlfn.IFS(AND(E7="Above Average",F7="Below Average"),"Q1",AND(E7="Above Average",F7="Above Average"),"Q2",AND(E7="Below Average",F7="Above Average"),"Q3",AND(E7="Below Average",F7="Below Average"),"Q4")} -> Q4 | H7: {=_xlfn.IFS(G7="Q1",1,G7="Q2",2,G7="Q3",3,G7="Q4",4)} -> 4 | J7: Burundi | K7: 0.08312808 | L7: 0.2677 | M7: =IF(K7>$K$49,"Above Average","Below Average") -> Above Average | N7: =IF(L7>$L$49,"Above Average","Below Average") -> Below Average | O7: {=_xlfn.IFS(AND(M7="Above Average",N7="Below Average"),"Q1",AND(M7="Above Average",N7="Above Average"),"Q2",AND(M7="Below Average",N7="Above Average"),"Q3",AND(M7="Below Average",N7="Below Average"),"Q4")} -> Q1 | P7: {=_xlfn.IFS(O7="Q1",1,O7="Q2",2,O7="Q3",3,O7="Q4",4)} -> 1 | R7: Burundi | S7: BDI | T7: 0.08312808 | U7: 0.2677 | AA7: Burundi | AB7: 4 | AC7: 1 | AF7: 4 | AJ7: Burundi | AK7: 8.1970006 | AL7: 5.7962394 | AM7: 4 | AN7: 0.08312808 | AO7: 0.2677 | AP7: 1
A8: Cabo Verde | B8: CPV | C8: 60.895272 | D8: 22.857936 | E8: =IF(C8>$C$49,"Above Average","Below Average") -> Above Average | F8: =IF(D8>$D$49,"Above Average","Below Average") -> Below Average | G8: {=_xlfn.IFS(AND(E8="Above Average",F8="Below Average"),"Q1",AND(E8="Above Average",F8="Above Average"),"Q2",AND(E8="Below Average",F8="Above Average"),"Q3",AND(E8="Below Average",F8="Below Average"),"Q4")} -> Q1 | H8: {=_xlfn.IFS(G8="Q1",1,G8="Q2",2,G8="Q3",3,G8="Q4",4)} -> 1 | J8: Cabo Verde | K8: 0.10392425 | L8: 0.32863413 | M8: =IF(K8>$K$49,"Above Average","Below Average") -> Above Average | N8: =IF(L8>$L$49,"Above Average","Below Average") -> Below Average | O8: {=_xlfn.IFS(AND(M8="Above Average",N8="Below Average"),"Q1",AND(M8="Above Average",N8="Above Average"),"Q2",AND(M8="Below Average",N8="Above Average"),"Q3",AND(M8="Below Average",N8="Below Average"),"Q4")} -> Q1 | P8: {=_xlfn.IFS(O8="Q1",1,O8="Q2",2,O8="Q3",3,O8="Q4",4)} -> 1 | R8: Cabo Verde | S8: CPV | T8: 0.10392425 | U8: 0.32863413 | AA8: Cabo Verde | AB8: 1 | AC8: 1 | AJ8: Cabo Verde | AK8: 60.895272 | AL8: 22.857936 | AM8: 1 | AN8: 0.10392425 | AO8: 0.32863413 | AP8: 1
A9: Cameroon | B9: CMR | C9: 7.8475242 | D9: 5.8473988 | E9: =IF(C9>$C$49,"Above Average","Below Average") -> Below Average | F9: =IF(D9>$D$49,"Above Average","Below Average") -> Below Average | G9: {=_xlfn.IFS(AND(E9="Above Average",F9="Below Average"),"Q1",AND(E9="Above Average",F9="Above Average"),"Q2",AND(E9="Below Average",F9="Above Average"),"Q3",AND(E9="Below Average",F9="Below Average"),"Q4")} -> Q4 | H9: {=_xlfn.IFS(G9="Q1",1,G9="Q2",2,G9="Q3",3,G9="Q4",4)} -> 4 | J9: Cameroon | K9: 0.036992729 | L9: 0.60169836 | M9: =IF(K9>$K$49,"Above Average","Below Average") -> Below Average | N9: =IF(L9>$L$49,"Above Average","Below Average") -> Above Average | O9: {=_xlfn.IFS(AND(M9="Above Average",N9="Below Average"),"Q1",AND(M9="Above Average",N9="Above Average"),"Q2",AND(M9="Below Average",N9="Above Average"),"Q3",AND(M9="Below Average",N9="Below Average"),"Q4")} -> Q3 | P9: {=_xlfn.IFS(O9="Q1",1,O9="Q2",2,O9="Q3",3,O9="Q4",4)} -> 3 | R9: Cameroon | S9: CMR | T9: 0.036992729 | U9: 0.60169836 | AA9: Cameroon | AB9: 4 | AC9: 3 | AJ9: Cameroon | AK9: 7.8475242 | AL9: 5.8473988 | AM9: 4 | AN9: 0.036992729 | AO9: 0.60169836 | AP9: 3
A10: Central African Republic | B10: CAF | C10: 2.3872297 | D10: 44.159429 | E10: =IF(C10>$C$49,"Above Average","Below Average") -> Below Average | F10: =IF(D10>$D$49,"Above Average","Below Average") -> Above Average | G10: {=_xlfn.IFS(AND(E10="Above Average",F10="Below Average"),"Q1",AND(E10="Above Average",F10="Above Average"),"Q2",AND(E10="Below Average",F10="Above Average"),"Q3",AND(E10="Below Average",F10="Below Average"),"Q4")} -> Q3 | H10: {=_xlfn.IFS(G10="Q1",1,G10="Q2",2,G10="Q3",3,G10="Q4",4)} -> 3 | J10: Central African Republic | K10: 0.048423176 | L10: 0.60169836 | M10: =IF(K10>$K$49,"Above Average","Below Average") -> Below Average | N10: =IF(L10>$L$49,"Above Average","Below Average") -> Above Average | O10: {=_xlfn.IFS(AND(M10="Above Average",N10="Below Average"),"Q1",AND(M10="Above Average",N10="Above Average"),"Q2",AND(M10="Below Average",N10="Above Average"),"Q3",AND(M10="Below Average",N10="Below Average"),"Q4")} -> Q3 | P10: {=_xlfn.IFS(O10="Q1",1,O10="Q2",2,O10="Q3",3,O10="Q4",4)} -> 3 | R10: Central African Republic | S10: CAF | T10: 0.048423176 | U10: 0.60169836 | AA10: Central African Republic | AB10: 3 | AC10: 3 | AJ10: Central African Republic | AK10: 2.3872297 | AL10: 44.159429 | AM10: 3 | AN10: 0.048423176 | AO10: 0.60169836 | AP10: 3
A11: Chad | B11: TCD | C11: 3.2716189 | D11: 1.5058928 | E11: =IF(C11>$C$49,"Above Average","Below Average") -> Below Average | F11: =IF(D11>$D$49,"Above Average","Below Average") -> Below Average | G11: {=_xlfn.IFS(AND(E11="Above Average",F11="Below Average"),"Q1",AND(E11="Above Average",F11="Above Average"),"Q2",AND(E11="Below Average",F11="Above Average"),"Q3",AND(E11="Below Average",F11="Below Average"),"Q4")} -> Q4 | H11: {=_xlfn.IFS(G11="Q1",1,G11="Q2",2,G11="Q3",3,G11="Q4",4)} -> 4 | J11: Chad | K11: 0.048723002 | L11: 0.35310312 | M11: =IF(K11>$K$49,"Above Average","Below Average") -> Below Average | N11: =IF(L11>$L$49,"Above Average","Below Average") -> Below Average | O11: {=_xlfn.IFS(AND(M11="Above Average",N11="Below Average"),"Q1",AND(M11="Above Average",N11="Above Average"),"Q2",AND(M11="Below Average",N11="Above Average"),"Q3",AND(M11="Below Average",N11="Below Average"),"Q4")} -> Q4 | P11: {=_xlfn.IFS(O11="Q1",1,O11="Q2",2,O11="Q3",3,O11="Q4",4)} -> 4 | R11: Chad | S11: TCD | T11: 0.048723002 | U11: 0.35310312 | AA11: Chad | AB11: 4 | AC11: 4 | AJ11: Chad | AK11: 3.2716189 | AL11: 1.5058928 | AM11: 4 | AN11: 0.048723002 | AO11: 0.35310312 | AP11: 4
A12: Comoros | B12: COM | C12: 20.614551 | D12: 28.474274 | E12: =IF(C12>$C$49,"Above Average","Below Average") -> Below Average | F12: =IF(D12>$D$49,"Above Average","Below Average") -> Above Average | G12: {=_xlfn.IFS(AND(E12="Above Average",F12="Below Average"),"Q1",AND(E12="Above Average",F12="Above Average"),"Q2",AND(E12="Below Average",F12="Above Average"),"Q3",AND(E12="Below Average",F12="Below Average"),"Q4")} -> Q3 | H12: {=_xlfn.IFS(G12="Q1",1,G12="Q2",2,G12="Q3",3,G12="Q4",4)} -> 3 | J12: Comoros | K12: 0.041246686 | L12: 0.65 | M12: =IF(K12>$K$49,"Above Average","Below Average") -> Below Average | N12: =IF(L12>$L$49,"Above Average","Below Average") -> Above Average | O12: {=_xlfn.IFS(AND(M12="Above Average",N12="Below Average"),"Q1",AND(M12="Above Average",N12="Above Average"),"Q2",AND(M12="Below Average",N12="Above Average"),"Q3",AND(M12="Below Average",N12="Below Average"),"Q4")} -> Q3 | P12: {=_xlfn.IFS(O12="Q1",1,O12="Q2",2,O12="Q3",3,O12="Q4",4)} -> 3 | R12: Comoros | S12: COM | T12: 0.041246686 | U12: 0.65 | AA12: Comoros | AB12: 3 | AC12: 3 | AJ12: Comoros | AK12: 20.614551 | AL12: 28.474274 | AM12: 3 | AN12: 0.041246686 | AO12: 0.65 | AP12: 3
A13: Côte d'Ivoire | B13: CIV | C13: 11.710636 | D13: 20.263906 | E13: =IF(C13>$C$49,"Above Average","Below Average") -> Below Average | F13: =IF(D13>$D$49,"Above Average","Below Average") -> Below Average | G13: {=_xlfn.IFS(AND(E13="Above Average",F13="Below Average"),"Q1",AND(E13="Above Average",F13="Above Average"),"Q2",AND(E13="Below Average",F13="Above Average"),"Q3",AND(E13="Below Average",F13="Below Average"),"Q4")} -> Q4 | H13: {=_xlfn.IFS(G13="Q1",1,G13="Q2",2,G13="Q3",3,G13="Q4",4)} -> 4 | J13: Côte d'Ivoire | K13: 0.066596483 | L13: 0.373 | M13: =IF(K13>$K$49,"Above Average","Below Average") -> Below Average | N13: =IF(L13>$L$49,"Above Average","Below Average") -> Below Average | O13: {=_xlfn.IFS(AND(M13="Above Average",N13="Below Average"),"Q1",AND(M13="Above Average",N13="Above Average"),"Q2",AND(M13="Below Average",N13="Above Average"),"Q3",AND(M13="Below Average",N13="Below Average"),"Q4")} -> Q4 | P13: {=_xlfn.IFS(O13="Q1",1,O13="Q2",2,O13="Q3",3,O13="Q4",4)} -> 4 | R13: Republic of Congo | S13: COG | T13: 0.082168407 | U13: 0.43066372 | AA13: Côte d'Ivoire | AB13: 4 | AC13: 4 | AJ13: Côte d'Ivoire | AK13: 11.710636 | AL13: 20.263906 | AM13: 4 | AN13: 0.066596483 | AO13: 0.373 | AP13: 4
A14: Democratic Republic of the Congo | B14: COD | C14: 14.104125 | D14: 4.5412705 | E14: =IF(C14>$C$49,"Above Average","Below Average") -> Below Average | F14: =IF(D14>$D$49,"Above Average","Below Average") -> Below Average | G14: {=_xlfn.IFS(AND(E14="Above Average",F14="Below Average"),"Q1",AND(E14="Above Average",F14="Above Average"),"Q2",AND(E14="Below Average",F14="Above Average"),"Q3",AND(E14="Below Average",F14="Below Average"),"Q4")} -> Q4 | H14: {=_xlfn.IFS(G14="Q1",1,G14="Q2",2,G14="Q3",3,G14="Q4",4)} -> 4 | J14: Democratic Republic of the Congo | K14: 0.062699966 | L14: 0.47302604 | M14: =IF(K14>$K$49,"Above Average","Below Average") -> Below Average | N14: =IF(L14>$L$49,"Above Average","Below Average") -> Above Average | O14: {=_xlfn.IFS(AND(M14="Above Average",N14="Below Average"),"Q1",AND(M14="Above Average",N14="Above Average"),"Q2",AND(M14="Below Average",N14="Above Average"),"Q3",AND(M14="Below Average",N14="Below Average"),"Q4")} -> Q3 | P14: {=_xlfn.IFS(O14="Q1",1,O14="Q2",2,O14="Q3",3,O14="Q4",4)} -> 3 | R14: Côte d'Ivoire | S14: CIV | T14: 0.066596483 | U14: 0.373 | AA14: Democratic Republic of the Congo | AB14: 4 | AC14: 3 | AJ14: Democratic Republic of the Congo | AK14: 14.104125 | AL14: 4.5412705 | AM14: 4 | AN14: 0.062699966 | AO14: 0.47302604 | AP14: 3
A15: Equatorial Guinea | B15: GNQ | C15: 10.007214 | D15: 0.95412515 | E15: =IF(C15>$C$49,"Above Average","Below Average") -> Below Average | F15: =IF(D15>$D$49,"Above Average","Below Average") -> Below Average | G15: {=_xlfn.IFS(AND(E15="Above Average",F15="Below Average"),"Q1",AND(E15="Above Average",F15="Above Average"),"Q2",AND(E15="Below Average",F15="Above Average"),"Q3",AND(E15="Below Average",F15="Below Average"),"Q4")} -> Q4 | H15: {=_xlfn.IFS(G15="Q1",1,G15="Q2",2,G15="Q3",3,G15="Q4",4)} -> 4 | J15: Equatorial Guinea | K15: 0.05292294 | L15: 0.47302604 | M15: =IF(K15>$K$49,"Above Average","Below Average") -> Below Average | N15: =IF(L15>$L$49,"Above Average","Below Average") -> Above Average | O15: {=_xlfn.IFS(AND(M15="Above Average",N15="Below Average"),"Q1",AND(M15="Above Average",N15="Above Average"),"Q2",AND(M15="Below Average",N15="Above Average"),"Q3",AND(M15="Below Average",N15="Below Average"),"Q4")} -> Q3 | P15: {=_xlfn.IFS(O15="Q1",1,O15="Q2",2,O15="Q3",3,O15="Q4",4)} -> 3 | R15: Democratic Republic of the Congo | S15: COD | T15: 0.062699966 | U15: 0.47302604 | AA15: Equatorial Guinea | AB15: 4 | AC15: 3 | AJ15: Equatorial Guinea | AK15: 10.007214 | AL15: 0.95412515 | AM15: 4 | AN15: 0.05292294 | AO15: 0.47302604 | AP15: 3
A16: Eritrea | B16: ERI | C16: 14.584071 | D16: 13.264544 | E16: =IF(C16>$C$49,"Above Average","Below Average") -> Below Average | F16: =IF(D16>$D$49,"Above Average","Below Average") -> Below Average | G16: {=_xlfn.IFS(AND(E16="Above Average",F16="Below Average"),"Q1",AND(E16="Above Average",F16="Above Average"),"Q2",AND(E16="Below Average",F16="Above Average"),"Q3",AND(E16="Below Average",F16="Below Average"),"Q4")} -> Q4 | H16: {=_xlfn.IFS(G16="Q1",1,G16="Q2",2,G16="Q3",3,G16="Q4",4)} -> 4 | J16: Eritrea | K16: 0.023541069 | L16: 0.673 | M16: =IF(K16>$K$49,"Above Average","Below Average") -> Below Average | N16: =IF(L16>$L$49,"Above Average","Below Average") -> Above Average | O16: {=_xlfn.IFS(AND(M16="Above Average",N16="Below Average"),"Q1",AND(M16="Above Average",N16="Above Average"),"Q2",AND(M16="Below Average",N16="Above Average"),"Q3",AND(M16="Below Average",N16="Below Average"),"Q4")} -> Q3 | P16: {=_xlfn.IFS(O16="Q1",1,O16="Q2",2,O16="Q3",3,O16="Q4",4)} -> 3 | R16: Equatorial Guinea | S16: GNQ | T16: 0.05292294 | U16: 0.47302604 | AA16: Eritrea | AB16: 4 | AC16: 3 | AJ16: Eritrea | AK16: 14.584071 | AL16: 13.264544 | AM16: 4 | AN16: 0.023541069 | AO16: 0.673 | AP16: 3
A17: Eswatini | B17: SWZ | C17: 49.456153 | D17: 37.05625 | E17: =IF(C17>$C$49,"Above Average","Below Average") -> Above Average | F17: =IF(D17>$D$49,"Above Average","Below Average") -> Above Average | G17: {=_xlfn.IFS(AND(E17="Above Average",F17="Below Average"),"Q1",AND(E17="Above Average",F17="Above Average"),"Q2",AND(E17="Below Average",F17="Above Average"),"Q3",AND(E17="Below Average",F17="Below Average"),"Q4")} -> Q2 | H17: {=_xlfn.IFS(G17="Q1",1,G17="Q2",2,G17="Q3",3,G17="Q4",4)} -> 2 | J17: Eswatini | K17: 0.099682932 | L17: 0.3 | M17: =IF(K17>$K$49,"Above Average","Below Average") -> Above Average | N17: =IF(L17>$L$49,"Above Average","Below Average") -> Below Average | O17: {=_xlfn.IFS(AND(M17="Above Average",N17="Below Average"),"Q1",AND(M17="Above Average",N17="Above Average"),"Q2",AND(M17="Below Average",N17="Above Average"),"Q3",AND(M17="Below Average",N17="Below Average"),"Q4")} -> Q1 | P17: {=_xlfn.IFS(O17="Q1",1,O17="Q2",2,O17="Q3",3,O17="Q4",4)} -> 1 | R17: Eritrea | S17: ERI | T17: 0.023541069 | U17: 0.673 | AA17: Eswatini | AB17: 2 | AC17: 1 | AJ17: Eswatini | AK17: 49.456153 | AL17: 37.05625 | AM17: 2 | AN17: 0.099682932 | AO17: 0.3 | AP17: 1
A18: Ethiopia | B18: ETH | C18: 15.362629 | D18: 16.468657 | E18: =IF(C18>$C$49,"Above Average","Below Average") -> Below Average | F18: =IF(D18>$D$49,"Above Average","Below Average") -> Below Average | G18: {=_xlfn.IFS(AND(E18="Above Average",F18="Below Average"),"Q1",AND(E18="Above Average",F18="Above Average"),"Q2",AND(E18="Below Average",F18="Above Average"),"Q3",AND(E18="Below Average",F18="Below Average"),"Q4")} -> Q4 | H18: {=_xlfn.IFS(G18="Q1",1,G18="Q2",2,G18="Q3",3,G18="Q4",4)} -> 4 | J18: Ethiopia | K18: 0.067922325 | L18: 0.18662367 | M18: =IF(K18>$K$49,"Above Average","Below Average") -> Below Average | N18: =IF(L18>$L$49,"Above Average","Below Average") -> Below Average | O18: {=_xlfn.IFS(AND(M18="Above Average",N18="Below Average"),"Q1",AND(M18="Above Average",N18="Above Average"),"Q2",AND(M18="Below Average",N18="Above Average"),"Q3",AND(M18="Below Average",N18="Below Average"),"Q4")} -> Q4 | P18: {=_xlfn.IFS(O18="Q1",1,O18="Q2",2,O18="Q3",3,O18="Q4",4)} -> 4 | R18: Eswatini | S18: SWZ | T18: 0.099682932 | U18: 0.3 | AA18: Ethiopia | AB18: 4 | AC18: 4 | AJ18: Ethiopia | AK18: 15.362629 | AL18: 16.468657 | AM18: 4 | AN18: 0.067922325 | AO18: 0.18662367 | AP18: 4
A19: Gabon | B19: GAB | C19: 29.037302 | D19: 42.673686 | E19: =IF(C19>$C$49,"Above Average","Below Average") -> Above Average | F19: =IF(D19>$D$49,"Above Average","Below Average") -> Above Average | G19: {=_xlfn.IFS(AND(E19="Above Average",F19="Below Average"),"Q1",AND(E19="Above Average",F19="Above Average"),"Q2",AND(E19="Below Average",F19="Above Average"),"Q3",AND(E19="Below Average",F19="Below Average"),"Q4")} -> Q2 | H19: {=_xlfn.IFS(G19="Q1",1,G19="Q2",2,G19="Q3",3,G19="Q4",4)} -> 2 | J19: Gabon | K19: 0.095915585 | L19: 0.48757774 | M19: =IF(K19>$K$49,"Above Average","Below Average") -> Above Average | N19: =IF(L19>$L$49,"Above Average","Below Average") -> Above Average | O19: {=_xlfn.IFS(AND(M19="Above Average",N19="Below Average"),"Q1",AND(M19="Above Average",N19="Above Average"),"Q2",AND(M19="Below Average",N19="Above Average"),"Q3",AND(M19="Below Average",N19="Below Average"),"Q4")} -> Q2 | P19: {=_xlfn.IFS(O19="Q1",1,O19="Q2",2,O19="Q3",3,O19="Q4",4)} -> 2 | R19: Ethiopia | S19: ETH | T19: 0.067922325 | U19: 0.18662367 | AA19: Gabon | AB19: 2 | AC19: 2 | AJ19: Gabon | AK19: 29.037302 | AL19: 42.673686 | AM19: 2 | AN19: 0.095915585 | AO19: 0.48757774 | AP19: 2
... A48: Zimbabwe | B48: ZWE | C48: 36.315961 | D48: 36.387252 | E48: =IF(C48>$C$49,"Above Average","Below Average") -> Above Average | F48: =IF(D48>$D$49,"Above Average","Below Average") -> Above Average | G48: {=_xlfn.IFS(AND(E48="Above Average",F48="Below Average"),"Q1",AND(E48="Above Average",F48="Above Average"),"Q2",AND(E48="Below Average",F48="Above Average"),"Q3",AND(E48="Below Average",F48="Below Average"),"Q4")} -> Q2 | H48: {=_xlfn.IFS(G48="Q1",1,G48="Q2",2,G48="Q3",3,G48="Q4",4)} -> 2 | J48: Zimbabwe | K48: 0.051729364 | L48: 0.35 | M48: =IF(K48>$K$49,"Above Average","Below Average") -> Below Average | N48: =IF(L48>$L$49,"Above Average","Below Average") -> Below Average | O48: {=_xlfn.IFS(AND(M48="Above Average",N48="Below Average"),"Q1",AND(M48="Above Average",N48="Above Average"),"Q2",AND(M48="Below Average",N48="Above Average"),"Q3",AND(M48="Below Average",N48="Below Average"),"Q4")} -> Q4 | P48: {=_xlfn.IFS(O48="Q1",1,O48="Q2",2,O48="Q3",3,O48="Q4",4)} -> 4 | R48: Zimbabwe | S48: ZWE | T48: 0.051729364 | U48: 0.35 | AA48: Zimbabwe | AB48: 2 | AC48: 4 | AJ48: Zimbabwe | AK48: 36.315961 | AL48: 36.387252 | AM48: 2 | AN48: 0.051729364 | AO48: 0.35 | AP48: 4
B49: Average | C49: =AVERAGE(C2:C48) -> 24.652809 | D49: =AVERAGE(D2:D48) -> 22.857936 | J49: Average | K49: =AVERAGE(K2:K48) -> 0.072876595 | L49: =AVERAGE(L2:L48) -> 0.4236264 | S49: Average | T49: =AVERAGE(T2:T48) -> 0.072876595 | U49: 0.4236264 | AK49: 24.652809 | AL49: 22.857936 | AN49: 0.072876595 | AO49: 0.4236264
B50: Min | C50: =MIN(C2:C48) -> 2.3259582 | D50: =MIN(D2:D48) -> 0.95412515 | J50: Min | K50: =MIN(K2:K48) -> 0.021062052 | L50: =MIN(L2:L48) -> 0.075 | S50: Median | T50: 0.068515444 | U50: 0.45 | AK50: 2.3259582 | AL50: 0.95412515 | AN50: 0.021062052 | AO50: 0.075
B51: Max | C51: =MAX(C2:C48) -> 213.24893 | D51: =MAX(D2:D48) -> 107.24524 | J51: Max | K51: =MAX(K2:K48) -> 0.1528984 | L51: =MAX(L2:L48) -> 0.7108 | AK51: 213.24893 | AL51: 107.24524 | AN51: 0.1528984 | AO51: 0.7108
J52: Average | K52: 0.072876595 | L52: 0.4236264 | AN52: 0.072876595 | AO52: 0.4236264
J53: Min | K53: 0.021062052 | L53: 0.075 | AN53: 0.021062052 | AO53: 0.075
J54: Max | K54: 0.1528984 | L54: 0.7108 | AN54: 0.1528984 | AO54: 0.7108

Sheet Sheet10

Sheet Sheet5
A1: Country | B1: Country_ISCO | C1: Doctor, Nurse, Midwife Density per 10,000 (2022) | D1: Ratio stock to graduates | E1: Quadrant [Ratio Stock to graduates VS Doctor, Nurse, Midwife Density per 10,000 (2022)] | F1: Quadrant [Ratio Stock to graduates VS Doctor, Nurse, Midwife Density per 10,000 (2022)] | G1: GGHE-D as % GGE | H1: % of health budget spent on HWF | I1: Quadrant [% of health budget spent on HWF VS GGHE-D as % GGE] | J1: Quadrant [% of health budget spent on HWF VS GGHE-D as % GGE] | M1: Country | N1: Country_ISCO | O1: Quadrant [Ratio Stock to graduates VS Doctor, Nurse, Midwife Density per 10,000 (2022)] | P1: Quadrant [% of health budget spent on HWF VS GGHE-D as % GGE]
A2: Algeria | B2: DZA | C2: 42.170245 | D2: 22.857936 | E2: Q3 | F2: 3 | G2: 0.10730769 | H2: 0.55 | I2: Q2 | J2: 2 | M2: Algeria | N2: DZA | O2: Q3 | P2: Q2
A3: Angola | B3: AGO | C3: 21.198406 | D3: 21.176735 | E3: Q4 | F3: 4 | G3: 0.053643193 | H3: 0.50045872 | I3: Q1 | J3: 1 | M3: Angola | N3: AGO | O3: Q4 | P3: Q1
A4: Benin | B4: BEN | C4: 7.9054201 | D4: 8.1976856 | E4: Q4 | F4: 4 | G4: 0.04554594 | H4: 0.47302604 | I4: Q1 | J4: 1 | M4: Benin | N4: BEN | O4: Q4 | P4: Q1
A5: Botswana | B5: BWA | C5: 34.292718 | D5: 16.4 | E5: Q3 | F5: 3 | G5: 0.12006065 | H5: 0.521 | I5: Q2 | J5: 2 | M5: Botswana | N5: BWA | O5: Q3 | P5: Q2
A6: Burkina Faso | B6: BFA | C6: 11.721919 | D6: 6.4928625 | E6: Q4 | F6: 4 | G6: 0.11463944 | H6: 0.32880543 | I6: Q3 | J6: 3 | M6: Burkina Faso | N6: BFA | O6: Q4 | P6: Q3
A7: Burundi | B7: BDI | C7: 8.1970006 | D7: 5.7962394 | E7: Q4 | F7: 4 | G7: 0.08312808 | H7: 0.2677 | I7: Q3 | J7: 3 | M7: Burundi | N7: BDI | O7: Q4 | P7: Q3
A8: Cabo Verde | B8: CPV | C8: 60.895272 | D8: 22.857936 | E8: Q3 | F8: 3 | G8: 0.10392425 | H8: 0.32863413 | I8: Q3 | J8: 3 | M8: Cabo Verde | N8: CPV | O8: Q3 | P8: Q3
A9: Cameroon | B9: CMR | C9: 7.8475242 | D9: 5.8473988 | E9: Q4 | F9: 4 | G9: 0.036992729 | H9: 0.60169836 | I9: Q1 | J9: 1 | M9: Cameroon | N9: CMR | O9: Q4 | P9: Q1
A10: Central African Republic | B10: CAF | C10: 2.3872297 | D10: 44.159429 | E10: Q1 | F10: 1 | G10: 0.048423176 | H10: 0.60169836 | I10: Q1 | J10: 1 | M10: Central African Republic | N10: CAF | O10: Q1 | P10: Q1
A11: Chad | B11: TCD | C11: 3.2716189 | D11: 1.5058928 | E11: Q4 | F11: 4 | G11: 0.048723002 | H11: 0.35310312 | I11: Q4 | J11: 4 | M11: Chad | N11: TCD | O11: Q4 | P11: Q4
A12: Comoros | B12: COM | C12: 20.614551 | D12: 28.474274 | E12: Q1 | F12: 1 | G12: 0.041246686 | H12: 0.65 | I12: Q1 | J12: 1 | M12: Comoros | N12: COM | O12: Q1 | P12: Q1
A13: Côte d'Ivoire | B13: CIV | C13: 11.710636 | D13: 20.263906 | E13: Q4 | F13: 4 | G13: 0.066596483 | H13: 0.373 | I13: Q4 | J13: 4 | M13: Côte d'Ivoire | N13: CIV | O13: Q4 | P13: Q4
... A48: Zimbabwe | B48: ZWE | C48: 36.315961 | D48: 36.387252 | E48: Q2 | F48: 2 | G48: 0.051729364 | H48: 0.35 | I48: Q4 | J48: 4 | M48: Zimbabwe | N48: ZWE | O48: Q2 | P48: Q4
B49: Average | C49: 24.652809 | D49: 22.857936 | G49: 0.072876595 | H49: 0.4236264 | N49: Average
B50: Min | C50: 2.3259582 | D50: 0.95412515 | G50: 0.021062052 | H50: 0.075 | N50: Min
B51: Max | C51: 213.24893 | D51: 107.24524 | G51: 0.1528984 | H51: 0.7108 | N51: Max
G52: 0.072876595 | H52: 0.4236264
G53: 0.021062052 | H53: 0.075
G54: 0.1528984 | H54: 0.7108

Sheet Quadrans (3)
A1: Country | B1: Country_ISCO | C1: Doctor, Nurse, Midwife Density per 10,000 (2022) | D1: Ratio stock to graduates | E1: HZT Doctor, Nurse, Midwife Density per 10,000 (2022) | F1: VRT Ratio stock to graduates | G1: Quadrant [Ratio Stock to graduates VS Doctor, Nurse, Midwife Density per 10,000 (2022)] | H1: Quadrant [Ratio Stock to graduates VS Doctor, Nurse, Midwife Density per 10,000 (2022)] | J1: Country | K1: GGHE-D as % GGE | L1: % of health budget spent on HWF | M1: HZT GGHE-D as % GGE | N1: VRT % of health budget spent on HWF | O1: Quadrant [% of health budget spent on HWF VS GGHE-D as % GGE] | P1: Quadrant [% of health budget spent on HWF VS GGHE-D as % GGE] | R1: Country | T1: GGHE-D as % GGE | U1: % of health budget spent on HWF | AA1: Country | AH1: Country
A2: Algeria | B2: DZA | C2: 42.170245 | D2: 22.857936 | E2: =IF(C2>$C$49,"Above Average","Below Average") -> Above Average | F2: =IF(D2>$D$49,"Above Average","Below Average") -> Below Average | G2: {=_xlfn.IFS(AND(E2="Above Average",F2="Below Average"),"Q3",AND(E2="Above Average",F2="Above Average"),"Q2",AND(E2="Below Average",F2="Above Average"),"Q1",AND(E2="Below Average",F2="Below Average"),"Q4")} -> Q3 | H2: {=_xlfn.IFS(G2="Q1",1,G2="Q2",2,G2="Q3",3,G2="Q4",4)} -> 3 | J2: Algeria | K2: 0.10730769 | L2: 0.55 | M2: =IF(K2>$K$49,"Above Average","Below Average") -> Above Average | N2: =IF(L2>$L$49,"Above Average","Below Average") -> Above Average | O2: {=_xlfn.IFS(AND(M2="Above Average",N2="Below Average"),"Q3",AND(M2="Above Average",N2="Above Average"),"Q2",AND(M2="Below Average",N2="Above Average"),"Q1",AND(M2="Below Average",N2="Below Average"),"Q4")} -> Q2 | P2: {=_xlfn.IFS(O2="Q1",1,O2="Q2",2,O2="Q3",3,O2="Q4",4)} -> 2 | R2: Algeria | S2: DZA | T2: 0.10730769 | U2: 0.55 | AA2: Algeria | AH2: Algeria
A3: Angola | B3: AGO | C3: 21.198406 | D3: 21.176735 | E3: =IF(C3>$C$49,"Above Average","Below Average") -> Below Average | F3: =IF(D3>$D$49,"Above Average","Below Average") -> Below Average | G3: {=_xlfn.IFS(AND(E3="Above Average",F3="Below Average"),"Q3",AND(E3="Above Average",F3="Above Average"),"Q2",AND(E3="Below Average",F3="Above Average"),"Q1",AND(E3="Below Average",F3="Below Average"),"Q4")} -> Q4 | H3: {=_xlfn.IFS(G3="Q1",1,G3="Q2",2,G3="Q3",3,G3="Q4",4)} -> 4 | J3: Angola | K3: 0.053643193 | L3: 0.50045872 | M3: =IF(K3>$K$49,"Above Average","Below Average") -> Below Average | N3: =IF(L3>$L$49,"Above Average","Below Average") -> Above Average | O3: {=_xlfn.IFS(AND(M3="Above Average",N3="Below Average"),"Q3",AND(M3="Above Average",N3="Above Average"),"Q2",AND(M3="Below Average",N3="Above Average"),"Q1",AND(M3="Below Average",N3="Below Average"),"Q4")} -> Q1 | P3: {=_xlfn.IFS(O3="Q1",1,O3="Q2",2,O3="Q3",3,O3="Q4",4)} -> 1 | R3: Angola | S3: AGO | T3: 0.053643193 | U3: 0.50045872 | AA3: Angola | AH3: Angola
A4: Benin | B4: BEN | C4: 7.9054201 | D4: 8.1976856 | E4: =IF(C4>$C$49,"Above Average","Below Average") -> Below Average | F4: =IF(D4>$D$49,"Above Average","Below Average") -> Below Average | G4: {=_xlfn.IFS(AND(E4="Above Average",F4="Below Average"),"Q3",AND(E4="Above Average",F4="Above Average"),"Q2",AND(E4="Below Average",F4="Above Average"),"Q1",AND(E4="Below Average",F4="Below Average"),"Q4")} -> Q4 | H4: {=_xlfn.IFS(G4="Q1",1,G4="Q2",2,G4="Q3",3,G4="Q4",4)} -> 4 | J4: Benin | K4: 0.04554594 | L4: 0.47302604 | M4: =IF(K4>$K$49,"Above Average","Below Average") -> Below Average | N4: =IF(L4>$L$49,"Above Average","Below Average") -> Above Average | O4: {=_xlfn.IFS(AND(M4="Above Average",N4="Below Average"),"Q3",AND(M4="Above Average",N4="Above Average"),"Q2",AND(M4="Below Average",N4="Above Average"),"Q1",AND(M4="Below Average",N4="Below Average"),"Q4")} -> Q1 | P4: {=_xlfn.IFS(O4="Q1",1,O4="Q2",2,O4="Q3",3,O4="Q4",4)} -> 1 | R4: Benin | S4: BEN | T4: 0.04554594 | U4: 0.47302604 | AA4: Benin | AD4: 1 | AH4: Benin
A5: Botswana | B5: BWA | C5: 34.292718 | D5: 16.4 | E5: =IF(C5>$C$49,"Above Average","Below Average") -> Above Average | F5: =IF(D5>$D$49,"Above Average","Below Average") -> Below Average | G5: {=_xlfn.IFS(AND(E5="Above Average",F5="Below Average"),"Q3",AND(E5="Above Average",F5="Above Average"),"Q2",AND(E5="Below Average",F5="Above Average"),"Q1",AND(E5="Below Average",F5="Below Average"),"Q4")} -> Q3 | H5: {=_xlfn.IFS(G5="Q1",1,G5="Q2",2,G5="Q3",3,G5="Q4",4)} -> 3 | J5: Botswana | K5: 0.12006065 | L5: 0.521 | M5: =IF(K5>$K$49,"Above Average","Below Average") -> Above Average | N5: =IF(L5>$L$49,"Above Average","Below Average") -> Above Average | O5: {=_xlfn.IFS(AND(M5="Above Average",N5="Below Average"),"Q3",AND(M5="Above Average",N5="Above Average"),"Q2",AND(M5="Below Average",N5="Above Average"),"Q1",AND(M5="Below Average",N5="Below Average"),"Q4")} -> Q2 | P5: {=_xlfn.IFS(O5="Q1",1,O5="Q2",2,O5="Q3",3,O5="Q4",4)} -> 2 | R5: Botswana | S5: BWA | T5: 0.12006065 | U5: 0.521 | AA5: Botswana | AD5: 2 | AH5: Botswana
A6: Burkina Faso | B6: BFA | C6: 11.721919 | D6: 6.4928625 | E6: =IF(C6>$C$49,"Above Average","Below Average") -> Below Average | F6: =IF(D6>$D$49,"Above Average","Below Average") -> Below Average | G6: {=_xlfn.IFS(AND(E6="Above Average",F6="Below Average"),"Q3",AND(E6="Above Average",F6="Above Average"),"Q2",AND(E6="Below Average",F6="Above Average"),"Q1",AND(E6="Below Average",F6="Below Average"),"Q4")} -> Q4 | H6: {=_xlfn.IFS(G6="Q1",1,G6="Q2",2,G6="Q3",3,G6="Q4",4)} -> 4 | J6: Burkina Faso | K6: 0.11463944 | L6: 0.32880543 | M6: =IF(K6>$K$49,"Above Average","Below Average") -> Above Average | N6: =IF(L6>$L$49,"Above Average","Below Average") -> Below Average | O6: {=_xlfn.IFS(AND(M6="Above Average",N6="Below Average"),"Q3",AND(M6="Above Average",N6="Above Average"),"Q2",AND(M6="Below Average",N6="Above Average"),"Q1",AND(M6="Below Average",N6="Below Average"),"Q4")} -> Q3 | P6: {=_xlfn.IFS(O6="Q1",1,O6="Q2",2,O6="Q3",3,O6="Q4",4)} -> 3 | R6: Burkina Faso | S6: BFA | T6: 0.11463944 | U6: 0.32880543 | AA6: Burkina Faso | AD6: 3 | AH6: Burkina Faso
A7: Burundi | B7: BDI | C7: 8.1970006 | D7: 5.7962394 | E7: =IF(C7>$C$49,"Above Average","Below Average") -> Below Average | F7: =IF(D7>$D$49,"Above Average","Below Average") -> Below Average | G7: {=_xlfn.IFS(AND(E7="Above Average",F7="Below Average"),"Q3",AND(E7="Above Average",F7="Above Average"),"Q2",AND(E7="Below Average",F7="Above Average"),"Q1",AND(E7="Below Average",F7="Below Average"),"Q4")} -> Q4 | H7: {=_xlfn.IFS(G7="Q1",1,G7="Q2",2,G7="Q3",3,G7="Q4",4)} -> 4 | J7: Burundi | K7: 0.08312808 | L7: 0.2677 | M7: =IF(K7>$K$49,"Above Average","Below Average") -> Above Average | N7: =IF(L7>$L$49,"Above Average","Below Average") -> Below Average | O7: {=_xlfn.IFS(AND(M7="Above Average",N7="Below Average"),"Q3",AND(M7="Above Average",N7="Above Average"),"Q2",AND(M7="Below Average",N7="Above Average"),"Q1",AND(M7="Below Average",N7="Below Average"),"Q4")} -> Q3 | P7: {=_xlfn.IFS(O7="Q1",1,O7="Q2",2,O7="Q3",3,O7="Q4",4)} -> 3 | R7: Burundi | S7: BDI | T7: 0.08312808 | U7: 0.2677 | AA7: Burundi | AD7: 4 | AH7: Burundi
A8: Cabo Verde | B8: CPV | C8: 60.895272 | D8: 22.857936 | E8: =IF(C8>$C$49,"Above Average","Below Average") -> Above Average | F8: =IF(D8>$D$49,"Above Average","Below Average") -> Below Average | G8: {=_xlfn.IFS(AND(E8="Above Average",F8="Below Average"),"Q3",AND(E8="Above Average",F8="Above Average"),"Q2",AND(E8="Below Average",F8="Above Average"),"Q1",AND(E8="Below Average",F8="Below Average"),"Q4")} -> Q3 | H8: {=_xlfn.IFS(G8="Q1",1,G8="Q2",2,G8="Q3",3,G8="Q4",4)} -> 3 | J8: Cabo Verde | K8: 0.10392425 | L8: 0.32863413 | M8: =IF(K8>$K$49,"Above Average","Below Average") -> Above Average | N8: =IF(L8>$L$49,"Above Average","Below Average") -> Below Average | O8: {=_xlfn.IFS(AND(M8="Above Average",N8="Below Average"),"Q3",AND(M8="Above Average",N8="Above Average"),"Q2",AND(M8="Below Average",N8="Above Average"),"Q1",AND(M8="Below Average",N8="Below Average"),"Q4")} -> Q3 | P8: {=_xlfn.IFS(O8="Q1",1,O8="Q2",2,O8="Q3",3,O8="Q4",4)} -> 3 | R8: Cabo Verde | S8: CPV | T8: 0.10392425 | U8: 0.32863413 | AA8: Cabo Verde | AH8: Cabo Verde
A9: Cameroon | B9: CMR | C9: 7.8475242 | D9: 5.8473988 | E9: =IF(C9>$C$49,"Above Average","Below Average") -> Below Average | F9: =IF(D9>$D$49,"Above Average","Below Average") -> Below Average | G9: {=_xlfn.IFS(AND(E9="Above Average",F9="Below Average"),"Q3",AND(E9="Above Average",F9="Above Average"),"Q2",AND(E9="Below Average",F9="Above Average"),"Q1",AND(E9="Below Average",F9="Below Average"),"Q4")} -> Q4 | H9: {=_xlfn.IFS(G9="Q1",1,G9="Q2",2,G9="Q3",3,G9="Q4",4)} -> 4 | J9: Cameroon | K9: 0.036992729 | L9: 0.60169836 | M9: =IF(K9>$K$49,"Above Average","Below Average") -> Below Average | N9: =IF(L9>$L$49,"Above Average","Below Average") -> Above Average | O9: {=_xlfn.IFS(AND(M9="Above Average",N9="Below Average"),"Q3",AND(M9="Above Average",N9="Above Average"),"Q2",AND(M9="Below Average",N9="Above Average"),"Q1",AND(M9="Below Average",N9="Below Average"),"Q4")} -> Q1 | P9: {=_xlfn.IFS(O9="Q1",1,O9="Q2",2,O9="Q3",3,O9="Q4",4)} -> 1 | R9: Cameroon | S9: CMR | T9: 0.036992729 | U9: 0.60169836 | AA9: Cameroon | AH9: Cameroon
A10: Central African Republic | B10: CAF | C10: 2.3872297 | D10: 44.159429 | E10: =IF(C10>$C$49,"Above Average","Below Average") -> Below Average | F10: =IF(D10>$D$49,"Above Average","Below Average") -> Above Average | G10: {=_xlfn.IFS(AND(E10="Above Average",F10="Below Average"),"Q3",AND(E10="Above Average",F10="Above Average"),"Q2",AND(E10="Below Average",F10="Above Average"),"Q1",AND(E10="Below Average",F10="Below Average"),"Q4")} -> Q1 | H10: {=_xlfn.IFS(G10="Q1",1,G10="Q2",2,G10="Q3",3,G10="Q4",4)} -> 1 | J10: Central African Republic | K10: 0.048423176 | L10: 0.60169836 | M10: =IF(K10>$K$49,"Above Average","Below Average") -> Below Average | N10: =IF(L10>$L$49,"Above Average","Below Average") -> Above Average | O10: {=_xlfn.IFS(AND(M10="Above Average",N10="Below Average"),"Q3",AND(M10="Above Average",N10="Above Average"),"Q2",AND(M10="Below Average",N10="Above Average"),"Q1",AND(M10="Below Average",N10="Below Average"),"Q4")} -> Q1 | P10: {=_xlfn.IFS(O10="Q1",1,O10="Q2",2,O10="Q3",3,O10="Q4",4)} -> 1 | R10: Central African Republic | S10: CAF | T10: 0.048423176 | U10: 0.60169836 | AA10: Central African Republic | AH10: Central African Republic
